,Unnamed: 0.1,Unnamed: 0,filename,null_gamma,null_gamma_recalculated,complete_gamma,gamma,choices,candidates,level,partisan,type,irv_winner,condorcet_winner,plurality_winner,approval_winner,median_voter_preference,median_voter_preference_position,median_voter_position,irv_median_voter_distance,condorcet_median_voter_distance,median_voter_preference_distance,bimodality,partisan2,diff,linearvotersfailure,mirror
454,454,92,NewYorkCity_06222021_CONCouncilMember19thCouncilDistrict.csv,1,1,,1,3,2,LOCAL,CP,R,John-Alexander Sakelos,John-Alexander Sakelos,John-Alexander Sakelos,John-Alexander Sakelos,Dawn A. Anatra,0,0.443535773,0.556464227,0.556464227,0,4.246498059,,[],no,
5,10,495,NewYorkCity_06222021_DEMCouncilMember27thCouncilDistrict.csv,0.136963037,0.127072927,0.222546598,0.48863858,5,12,LOCAL,DP,R,Nantasha M. Williams,Nantasha M. Williams,Nantasha M. Williams,Nantasha M. Williams,Marie M. Adam-Ovide,0.391162702,0.443535773,0.054423973,0.054423973,0.009847187,2.544507052,,[],no,
7,7,503,NewYorkCity_06222021_DEMCouncilMember26thCouncilDistrict.csv,0.119380619,0.119480519,0.235185334,0.47999999,5,15,LOCAL,DP,R,Julie Won,Julie Won,Julie Won,Julie Won,Brent O'Leary,0.468332762,0.443535773,0.069082182,0.069082182,0.007974289,2.692440813,,[],no,
12,25,491,NewYorkCity_06222021_DEMCouncilMember40thCouncilDistrict.csv,0.136063936,0.134665335,0.251026893,0.60243279,5,11,LOCAL,DP,R,Rita C. Joseph,Rita C. Joseph,Rita C. Joseph,Rita C. Joseph,Kenya Handy-Hilliard,0.425918521,0.443535773,0.212378118,0.212378118,0.068476066,2.587657847,,[],no,
15,49,378,NewYorkCity_06222021_DEMBoroughPresidentRichmond.csv,0.3251,0.258,0.261158523,0.68507642,5,5,LOCAL,DP,E,Mark S. Murphy,Mark S. Murphy,Mark S. Murphy,Mark S. Murphy,Mark S. Murphy,0.543823793,0.443535773,0.10028802,0.10028802,0,2.974382206,,[],no,
16,15,498,NewYorkCity_06222021_DEMCouncilMember9thCouncilDistrict.csv,0.1239,0.1296,0.262219738,0.52576035,5,13,LOCAL,DP,R,Kristin Richardson Jordan,Kristin Richardson Jordan,Bill Perkins,Bill Perkins,William A. Allen,0.456724128,0.443535773,0.085430103,0.085430103,0.072241746,2.602276873,,"['IRV', 'Condorcet']",yes,
20,79,380,NewYorkCity_06222021_DEMCouncilMember21stCouncilDistrict.csv,0.3084,0.2567,0.275210084,0.73592633,5,5,LOCAL,DP,R,Francisco P. Moya,Francisco P. Moya,Francisco P. Moya,Francisco P. Moya,David Aiken,0.550287394,0.443535773,0.556464227,0.556464227,0,4.113425839,,[],no,
21,22,461,NewYorkCity_06222021_DEMCouncilMember18thCouncilDistrict.csv,0.1748,0.16,0.275909489,0.58114177,5,8,LOCAL,DP,R,Amanda Farias,Amanda Farias,Amanda Farias,Amanda Farias,Darlene Jackson,0.461072291,0.443535773,0.088271408,0.088271408,0.070734888,3.152060056,,"['IRV', 'Condorcet', 'Plurality', 'Approval']",yes,
23,16,473,NewYorkCity_06222021_DEMCouncilMember49thCouncilDistrict.csv,0.15035035,0.148748749,0.278923875,0.54372817,5,9,LOCAL,DP,R,Kamillah Hanks,Kamillah Hanks,Kamillah Hanks,Kamillah Hanks,Selina Grey,0.416428869,0.443535773,0.080075175,0.080075175,0.024535932,2.741977292,,[],no,
25,6,499,NewYorkCity_06222021_DEMMayorCitywide.csv,0.128957916,0.124448898,0.281118641,0.46266127,5,13,LOCAL,DP,E,Eric L. Adams,Eric L. Adams,Eric L. Adams,Eric L. Adams,Kathryn A. Garcia,0.451186599,0.443535773,0.142130279,0.142130279,0.085003331,2.407091476,,[],no,
26,23,496,NewYorkCity_06222021_DEMCouncilMember7thCouncilDistrict.csv,0.13033033,0.121621622,0.281874771,0.58662874,5,12,LOCAL,DP,R,Shaun Abreu,Shaun Abreu,Shaun Abreu,Shaun Abreu,Raymond Sanchez Jr.,0.435235,0.443535773,0.125806788,0.125806788,0,3.245505199,,[],no,
28,5,432,Maine_06122018_DemocraticPrimaryforGovernor.csv,0.048751249,0.043056943,0.284260171,0.42597014,8,7,STATE,DP,E,"Mills, Janet T.","Mills, Janet T.","Mills, Janet T.","Mills, Janet T.","Eves, Mark W.",0.359672092,0.443535773,0.244917108,0.244917108,0,4.452107373,,[],no,
29,58,459,NewYorkCity_06222021_DEMCouncilMember10thCouncilDistrict.csv,0.174274274,0.154754755,0.284567901,0.69567877,5,8,LOCAL,DP,R,Carmen N. De La Rosa,Carmen N. De La Rosa,Carmen N. De La Rosa,Carmen N. De La Rosa,Josue Perez,0.478305391,0.443535773,0.083290804,0.083290804,0.02312796,4.015983583,,[],no,
30,41,377,NewYorkCity_06222021_DEMBoroughPresidentBronx.csv,0.326473526,0.256243756,0.291005398,0.66626626,5,5,LOCAL,DP,E,Vanessa L. Gibson,Vanessa L. Gibson,Vanessa L. Gibson,Vanessa L. Gibson,Luis R. Sepulveda,0.325280054,0.443535773,0.556464227,0.556464227,0.23106492,3.64123945,,[],no,
31,39,463,NewYorkCity_06222021_DEMCouncilMember25thCouncilDistrict.csv,0.17962038,0.168331668,0.298545309,0.66188782,5,8,LOCAL,DP,R,Shekar Krishnan,Shekar Krishnan,Yi Andy Chen,Shekar Krishnan,Fatima Baryab,0.379198204,0.443535773,0.104465374,0.104465374,0.10668697,3.340799179,,"['IRV', 'Condorcet', 'Approval']",no,
32,42,455,Alaska_04102020_PRESIDENTOFTHEUNITEDSTATES.csv,0.1785,0.1846,0.298857198,0.67039812,5,8,FEDERAL,DP,E,Joseph R. Biden,Joseph R. Biden,Joseph R. Biden,Joseph R. Biden,Elizabeth Warren,0.440547218,0.443535773,0.053036986,0.053036986,0,2.753972319,,[],no,
33,56,379,NewYorkCity_06222021_DEMCouncilMember13thCouncilDistrict.csv,0.2824,0.2091,0.300668665,0.69551247,5,5,LOCAL,DP,R,Marjorie Velazquez,Marjorie Velazquez,Marjorie Velazquez,Marjorie Velazquez,Marjorie Velazquez,0.552893717,0.443535773,0.109357944,0.109357944,0,2.934317889,,[],no,
35,54,410,NewYorkCity_06222021_DEMCouncilMember32ndCouncilDistrict.csv,0.2309,0.2103,0.307194078,0.69044125,5,6,LOCAL,DP,R,Felicia Singh,Felicia Singh,Felicia Singh,Felicia Singh,Michael G. Scala,0.479138489,0.443535773,0.443535773,0.443535773,0.32271838,3.282489164,,"['IRV', 'Condorcet', 'Plurality', 'Approval']",yes,
36,29,465,NewYorkCity_06222021_DEMCouncilMember46thCouncilDistrict.csv,0.184484484,0.175275275,0.319071167,0.63560104,5,8,LOCAL,DP,R,Mercedes Narcisse,Mercedes Narcisse,Mercedes Narcisse,Mercedes Narcisse,Mercedes Narcisse,0.441153603,0.443535773,0.002382171,0.002382171,0,2.505185191,,[],no,
37,24,407,NewYorkCity_06222021_DEMCouncilMember14thCouncilDistrict.csv,0.2305,0.215,0.319968241,0.59940714,5,6,LOCAL,DP,R,Pierina Ana Sanchez,Pierina Ana Sanchez,Pierina Ana Sanchez,Pierina Ana Sanchez,Yudelka Tapia,0.382592024,0.443535773,0.077902891,0.077902891,0,2.565933145,,[],no,
38,31,460,NewYorkCity_06222021_DEMCouncilMember15thCouncilDistrict.csv,0.187012987,0.171428571,0.321179383,0.64000487,5,8,LOCAL,DP,R,Oswald Feliz,Oswald Feliz,Oswald Feliz,Oswald Feliz,Oswald Feliz,0.451915557,0.443535773,0.008379784,0.008379784,0,2.530553583,,[],no,
40,51,494,NewYorkCity_06222021_DEMBoroughPresidentKings.csv,0.1356,0.1314,0.32573434,0.68733287,5,12,LOCAL,DP,E,Antonio Reynoso,Antonio Reynoso,Antonio Reynoso,Antonio Reynoso,Jo Anne Simon,0.441025219,0.443535773,0.039548936,0.039548936,0,3.172920781,,[],no,
42,43,439,NewYorkCity_06222021_DEMCouncilMember39thCouncilDistrict.csv,0.1875,0.1752,0.32636486,0.670614,5,7,LOCAL,DP,R,Shahana K. Hanif,Shahana K. Hanif,Shahana K. Hanif,Shahana K. Hanif,Briget Rein,0.435374448,0.443535773,0.112131146,0.112131146,0,3.149489514,,[],no,
44,40,480,NewYorkCity_06222021_DEMComptrollerCitywide.csv,0.146,0.1441,0.333338799,0.66401404,5,10,LOCAL,DP,O,Brad Lander,Brad Lander,Brad Lander,Corey D. Johnson,Corey D. Johnson,0.421295405,0.443535773,0.074301569,0.074301569,0,2.715241123,,[],no,
45,27,472,NewYorkCity_06222021_DEMCouncilMember29thCouncilDistrict.csv,0.149001996,0.141516966,0.3337747,0.61665988,5,9,LOCAL,DP,R,Lynn C. Schulman,Lynn C. Schulman,Lynn C. Schulman,Lynn C. Schulman,Lynn C. Schulman,0.470121979,0.443535773,0.026586206,0.026586206,0.021507036,2.768006064,,[],no,
46,32,471,NewYorkCity_06222021_DEMCouncilMember1stCouncilDistrict.csv,0.146253746,0.143556444,0.339030852,0.64229131,5,9,LOCAL,DP,R,Christopher Marte,Christopher Marte,Christopher Marte,Christopher Marte,Jenny L. Low,0.438479382,0.443535773,0.443535773,0.443535773,0.3052161,2.872961964,,[],no,
48,77,381,NewYorkCity_06222021_DEMCouncilMember36thCouncilDistrict.csv,0.325925926,0.275675676,0.343161669,0.73489934,5,5,LOCAL,DP,R,Chi A. Osse,Chi A. Osse,Chi A. Osse,Tahirah A. Moore,Robert Waterman,0.538342228,0.443535773,0.556464227,0.556464227,0.22629173,4.061741198,,['Approval'],no,
49,74,413,NewYorkCity_06222021_DEMCouncilMember3rdCouncilDistrict.csv,0.241141141,0.219419419,0.344436281,0.72500265,5,6,LOCAL,DP,R,Erik D. Bottcher,Erik D. Bottcher,Erik D. Bottcher,Erik D. Bottcher,Erik D. Bottcher,0.390387509,0.443535773,0.053148264,0.053148264,0,3.193535987,,[],no,
50,62,411,NewYorkCity_06222021_DEMCouncilMember37thCouncilDistrict.csv,0.225674326,0.212487512,0.349622483,0.7021687,5,6,LOCAL,DP,R,Sandy Nurse,Sandy Nurse,Sandy Nurse,Sandy Nurse,Misba Abdin,0.352380562,0.443535773,0.244008638,0.244008638,0,3.789675271,,[],no,
51,33,436,NewYorkCity_06222021_DEMCouncilMember11thCouncilDistrict.csv,0.202,0.1841,0.351255634,0.64479786,5,7,LOCAL,DP,R,Eric Dinowitz,Eric Dinowitz,Eric Dinowitz,Eric Dinowitz,Daniel Padernacht,0.427547344,0.443535773,0.187243006,0.187243006,0,4.34609914,,[],no,
52,35,437,NewYorkCity_06222021_DEMCouncilMember23rdCouncilDistrict.csv,0.193106893,0.197802198,0.354363828,0.65557706,5,7,LOCAL,DP,R,Linda Lee,Linda Lee,Linda Lee,Linda Lee,Linda Lee,0.436197318,0.443535773,0.007338456,0.007338456,0,3.015767196,,[],no,
53,52,409,NewYorkCity_06222021_DEMCouncilMember22ndCouncilDistrict.csv,0.2391,0.2298,0.355436676,0.68795025,5,6,LOCAL,DP,R,Tiffany Caban,Tiffany Caban,Tiffany Caban,Tiffany Caban,Tiffany Caban,0.454541779,0.443535773,0.011006005,0.011006005,0,2.602810829,,[],no,
55,78,438,NewYorkCity_06222021_DEMCouncilMember35thCouncilDistrict.csv,0.215115115,0.207007007,0.35786602,0.73563612,5,7,LOCAL,DP,R,Crystal Hudson,Crystal Hudson,Crystal Hudson,Crystal Hudson,Michael Hollingsworth,0.494842977,0.443535773,0.118949841,0.118949841,0.067642637,2.934795585,,[],no,
57,47,435,NewYorkCity_06222021_DEMBoroughPresidentNewYork.csv,0.1965,0.1937,0.358867727,0.67725712,5,7,LOCAL,DP,E,Mark D. Levine,Mark D. Levine,Mark D. Levine,Mark D. Levine,Kimberly R. Watkins,0.562389926,0.443535773,0.19401857,0.19401857,0,4.162618032,,[],no,
61,36,462,NewYorkCity_06222021_DEMCouncilMember20thCouncilDistrict.csv,0.160660661,0.153653654,0.361554846,0.65717775,5,8,LOCAL,DP,R,Sandra Ung,Sandra Ung,Sandra Ung,Sandra Ung,Neng Wang,0.481931305,0.443535773,0.054595675,0.054595675,0,2.903078152,,[],no,
63,71,408,NewYorkCity_06222021_DEMCouncilMember19thCouncilDistrict.csv,0.227,0.2056,0.369836182,0.72241342,5,6,LOCAL,DP,R,Tony Avella,Tony Avella,Tony Avella,Tony Avella,Austin I. Shafran,0.428314172,0.443535773,0.280798037,0.280798037,0.14826339,3.913577002,,[],no,
65,45,440,NewYorkCity_06222021_DEMCouncilMember5thCouncilDistrict.csv,0.1772,0.1687,0.372413285,0.67428684,5,7,LOCAL,DP,R,Julie Menin,Julie Menin,Julie Menin,Julie Menin,Tricia M. Shimamura,0.52936582,0.443535773,0.156695531,0.156695531,0,3.13644375,,[],no,
67,66,382,NewYorkCity_06222021_DEMCouncilMember48thCouncilDistrict.csv,0.3368,0.2834,0.373787556,0.71461189,5,5,LOCAL,DP,R,Steven Saperstein,Steven Saperstein,Steven Saperstein,Steven Saperstein,Steven Saperstein,0.434424814,0.443535773,0.00911096,0.00911096,0,3.054801869,,[],no,
68,60,464,NewYorkCity_06222021_DEMCouncilMember33rdCouncilDistrict.csv,0.166433566,0.158341658,0.376586433,0.70025361,5,8,LOCAL,DP,R,Lincoln Restler,Lincoln Restler,Lincoln Restler,Lincoln Restler,Sabrina N. Gates,0.426277348,0.443535773,0.121386288,0.121386288,0,3.188309508,,[],no,
69,75,414,NewYorkCity_06222021_DEMCouncilMember6thCouncilDistrict.csv,0.2358,0.1997,0.377201709,0.73084438,5,6,LOCAL,DP,R,Gale A. Brewer,Gale A. Brewer,Gale A. Brewer,Gale A. Brewer,Jeffrey Omura,0.386373672,0.443535773,0.168600045,0.168600045,0,3.611443407,,[],no,
71,93,333,NewYorkCity_06222021_DEMCouncilMember47thCouncilDistrict.csv,0.5863,0.4358,0.379867987,0.76352531,5,4,LOCAL,DP,R,Ari Kagan,Ari Kagan,Ari Kagan,Ari Kagan,Steven D. Patzer,0.296383427,0.443535773,0.443535773,0.443535773,0.29638344,4.205186694,,[],no,
75,147,331,NewYorkCity_06222021_DEMCouncilMember34thCouncilDistrict.csv,0.6085,0.3878,0.403919984,0.82165295,5,4,LOCAL,DP,R,Jennifer Gutierrez,Jennifer Gutierrez,Jennifer Gutierrez,Jennifer Gutierrez,Andy J. Marte,0.422125165,0.443535773,0.556464227,0.556464227,0,5.651576907,,[],no,
79,87,334,NewYorkCity_06222021_DEMCouncilMember8thCouncilDistrict.csv,0.6367,0.4341,0.418690063,0.7518816,5,4,LOCAL,DP,R,Diana I. Ayala,Diana I. Ayala,Diana I. Ayala,Diana I. Ayala,Tamika Mapp,0.289731162,0.443535773,0.443535773,0.443535773,0,3.891267216,,[],no,
80,90,301,Maine_06122018_DemocraticPrimaryforCD2.csv,0.602,0.44,0.425001034,0.75908899,5,4,FEDERAL,DP,R,"Golden, Jared F.","Golden, Jared F.","Golden, Jared F.","Golden, Jared F.","Olson, Craig R.",0.587586198,0.443535773,0.443535773,0.443535773,0.26195213,3.987165383,,"['IRV', 'Condorcet', 'Approval']",yes,
84,108,330,NewYorkCity_06222021_DEMCouncilMember24thCouncilDistrict.csv,0.5793,0.4307,0.435582822,0.7804296,5,4,LOCAL,DP,R,James F. Gennaro,James F. Gennaro,James F. Gennaro,James F. Gennaro,Saifur R. Khan,0.408712038,0.443535773,0.443535773,0.443535773,0,5.765648559,,[],no,
86,63,412,NewYorkCity_06222021_DEMCouncilMember38thCouncilDistrict.csv,0.25014985,0.213086913,0.436814159,0.70643109,5,6,LOCAL,DP,R,Alexa Aviles,Alexa Aviles,Alexa Aviles,Alexa Aviles,Cesar Zuniga,0.487745468,0.443535773,0.25063376,0.25063376,0,2.903633947,,[],no,
95,103,366,Kansas_05022020_PRESIDENTOFTHEUNITEDSTATES.csv,0.294405594,0.234465534,0.480212519,0.77584553,5,5,FEDERAL,DP,E,Joseph R. Biden,Joseph R. Biden,Joseph R. Biden,Joseph R. Biden,Elizabeth Warren,0.626293138,0.443535773,0.556464227,0.556464227,0,5.969850074,,[],no,
101,89,332,NewYorkCity_06222021_DEMCouncilMember42ndCouncilDistrict.csv,0.656156156,0.43023023,0.493269095,0.75726354,5,4,LOCAL,DP,R,Charles Barron,Charles Barron,Charles Barron,Charles Barron,Gena M. Watson,0.326508208,0.443535773,0.556464227,0.556464227,0.31497833,4.057835807,,[],no,
136,143,329,NewYorkCity_06222021_DEMCouncilMember16thCouncilDistrict.csv,0.603203203,0.431131131,0.602960383,0.81974506,5,4,LOCAL,DP,R,Althea V. Stevens,Althea V. Stevens,Althea V. Stevens,Althea V. Stevens,Althea V. Stevens,0.320035135,0.443535773,0.123500638,0.123500638,0,3.759292718,,[],no,
155,202,488,Hawaii_05232020_PresidentoftheUnitedStateCD1CD2.csv,0.762862863,0.731131131,0.631031923,0.86144787,3,11,FEDERAL,DP,E,Joseph R. Biden,Joseph R. Biden,Joseph R. Biden,Joseph R. Biden,Amy Klobuchar,0.289183158,0.443535773,0.190206571,0.190206571,0,5.991103943,,[],no,
164,179,231,NewYorkCity_06222021_DEMCouncilMember12thCouncilDistrict.csv,0.8896,0.6118,0.642613636,0.85093135,4,3,LOCAL,DP,R,Kevin Riley,Kevin Riley,Kevin Riley,Kevin Riley,Pamela A. Hamilton-Johnson,0.471690677,0.443535773,0.556464227,0.556464227,0.52830935,3.910046362,,['Approval'],no,
188,104,205,Maine_07142020_DemocraticCandidateforMaineStateHouseDistrict49.csv,0.8751,0.6534,0.674480911,0.77624309,3,3,STATE,DP,R,"Arford, Poppy","Arford, Poppy","Arford, Poppy","Arford, Poppy","Perreault, Corinne Ann",0.488803436,0.443535773,0.443535773,0.443535773,0.48880345,3.532692935,,"['IRV', 'Condorcet', 'Approval']",yes,
189,182,487,Hawaii_05232020_PresidentoftheUnitedStateCD1.csv,0.7653,0.7251,0.674803408,0.85318524,3,11,FEDERAL,DP,E,Joseph R. Biden,Joseph R. Biden,Joseph R. Biden,Joseph R. Biden,Amy Klobuchar,0.310704478,0.443535773,0.196367708,0.196367708,0,6.142324283,,[],no,
199,263,235,NewYorkCity_06222021_DEMPublicAdvocateCitywide.csv,0.855344655,0.54045954,0.683557473,0.89846742,4,3,LOCAL,DP,O,Jumaane D. Williams,Jumaane D. Williams,Jumaane D. Williams,Jumaane D. Williams,Anthony L. Herbert,0.506595365,0.443535773,0.443535773,0.443535773,0,4.592938781,,[],no,
224,110,207,Maine_07142020_DemocraticCandidateforMaineStateSenateDistrict11.csv,0.8685,0.6295,0.697437238,0.78136808,3,3,STATE,DP,R,"Curry, Glenn Chip","Curry, Glenn Chip","Curry, Glenn Chip","Curry, Glenn Chip","Stanicki, Robyn M.",0.514114036,0.443535773,0.556464227,0.556464227,0.48588598,3.366571655,,"['IRV', 'Condorcet', 'Plurality', 'Approval']",yes,
239,221,233,NewYorkCity_06222021_DEMCouncilMember31stCouncilDistrict.csv,0.900800801,0.578878879,0.709740651,0.87961978,4,3,LOCAL,DP,R,Selvena N. Brooks-Powers,Selvena N. Brooks-Powers,Selvena N. Brooks-Powers,Selvena N. Brooks-Powers,Nancy J. Martinez,0.487579685,0.443535773,0.556464227,0.556464227,0,4.404866513,,[],no,
240,242,232,NewYorkCity_06222021_DEMCouncilMember28thCouncilDistrict.csv,0.8893,0.6248,0.709871891,0.89020389,4,3,LOCAL,DP,R,Adrienne E. Adams,Adrienne E. Adams,Adrienne E. Adams,Adrienne E. Adams,Ruben Wills,0.397913973,0.443535773,0.443535773,0.443535773,0,4.895072763,,[],no,
250,121,206,Maine_07142020_DemocraticCandidateforMaineStateHouseDistrict90.csv,0.8806,0.5642,0.718945177,0.8003943,3,3,STATE,DP,R,"Crafts, Lydia V.","Crafts, Lydia V.","Crafts, Lydia V.","Crafts, Lydia V.","Pieh, Wendy",0.527507538,0.443535773,0.556464227,0.556464227,0.47249246,3.037101234,,"['IRV', 'Condorcet', 'Plurality', 'Approval']",yes,
281,135,203,Maine_07142020_DemocraticCandidateforMaineStateHouseDistrict41.csv,0.880719281,0.577522478,0.738723872,0.81180668,3,3,STATE,DP,R,"Zager, Samuel Lewis","Zager, Samuel Lewis","Zager, Samuel Lewis","Zager, Samuel Lewis","Grant, Benjamin K.",0.461581128,0.443535773,0.443535773,0.443535773,0.46158114,3.185747103,,"['IRV', 'Condorcet', 'Plurality', 'Approval']",yes,
287,139,204,Maine_07142020_DemocraticCandidateforMaineStateHouseDistrict47.csv,0.872927073,0.633166833,0.749590835,0.81610578,3,3,STATE,DP,R,"Bell, Arthur L.","Bell, Arthur L.","Bell, Arthur L.","Bell, Arthur L.","Bell, Arthur L.",0.509107008,0.443535773,0.065571235,0.065571235,0,3.122399475,,[],no,
293,197,489,Hawaii_05232020_PresidentoftheUnitedStateCD2.csv,0.767265469,0.715269461,0.761046712,0.85921639,3,11,FEDERAL,DP,E,Joseph R. Biden,Joseph R. Biden,Joseph R. Biden,Joseph R. Biden,Tom Steyer,0.761097268,0.443535773,0.377371234,0.377371234,0,6.222108619,,[],no,
317,302,234,NewYorkCity_06222021_DEMCouncilMember45thCouncilDistrict.csv,0.84955045,0.524475524,0.796830617,0.92947584,4,3,LOCAL,DP,R,Farah N. Louis,Farah N. Louis,Farah N. Louis,Farah N. Louis,Anthony Beckford,0.522646001,0.443535773,0.556464227,0.556464227,0,4.499497757,,[],no,
326,294,230,NewYorkCity_06222021_DEMBoroughPresidentQueens.csv,0.8803,0.5843,0.802846034,0.92290205,4,3,LOCAL,DP,E,Donovan J. Richards Jr.,Donovan J. Richards Jr.,Donovan J. Richards Jr.,Elizabeth S. Crowley,Elizabeth S. Crowley,0.441738803,0.443535773,0.443535773,0.443535773,0.44173881,2.989402067,,"['IRV', 'Condorcet', 'Plurality']",yes,
455,455,93,NewYorkCity_06222021_DEMCouncilMember17thCouncilDistrict.csv,1,1,,1,3,2,LOCAL,DP,R,Rafael Salamanca Jr.,Rafael Salamanca Jr.,Rafael Salamanca Jr.,Rafael Salamanca Jr.,Helen Hines,0,0.443535773,0.556464227,0.556464227,0,4.629785951,,[],no,
456,456,94,NewYorkCity_06222021_DEMCouncilMember2ndCouncilDistrict.csv,1,1,,1,3,2,LOCAL,DP,R,Carlina Rivera,Carlina Rivera,Carlina Rivera,Carlina Rivera,Carlina Rivera,0,0.443535773,0.443535773,0.443535773,0,5.337020846,,[],no,
457,457,95,NewYorkCity_06222021_DEMCouncilMember30thCouncilDistrict.csv,1,1,,1,3,2,LOCAL,DP,R,Robert F. Holden,Robert F. Holden,Robert F. Holden,Robert F. Holden,Robert F. Holden,0,0.443535773,0.443535773,0.443535773,0,5.958387802,,[],no,
458,458,96,NewYorkCity_06222021_DEMCouncilMember41stCouncilDistrict.csv,1,1,,1,3,2,LOCAL,DP,R,Darlene Mealy,Darlene Mealy,Darlene Mealy,Darlene Mealy,Darlene Mealy,0,0.443535773,0.443535773,0.443535773,0,4.692345279,,[],no,
0,0,454,Vineyard_11052019_CityCouncil.csv,0.0575,0.0475,0.132696391,0.23783287,7,7,LOCAL,NO,R,CRISTY WELSH,CRISTY WELSH,CRISTY WELSH,CRISTY WELSH,KEITH KUDER,0.52624052,0.443535773,0.31068112,0.31068112,0.16067748,3.535798924,0,"['IRV', 'Condorcet', 'Plurality', 'Approval']",no,
2,70,449,SanFrancisco_11052019_Mayor.csv,0.0707,0.0641,0.209881769,0.72170931,6,7,LOCAL,NO,E,LONDON N. BREED,LONDON N. BREED,LONDON N. BREED,LONDON N. BREED,"ROBERT L. JORDAN, JR.",0.743722211,0.443535773,0.43988999,0.43988999,0,10.24281656,0,[],no,
3,14,386,Oakland_11032020_SchoolDirectorDist7OaklandRCV.csv,0.362,0.2739,0.210487505,0.52102715,5,5,LOCAL,NO,B,CLIFFORD THOMPSON,CLIFFORD THOMPSON,CLIFFORD THOMPSON,CLIFFORD THOMPSON,BRONCHÉ TAYLOR,0.451808815,0.443535773,0.443535773,0.443535773,0.19840489,4.417121588,0,"['IRV', 'Condorcet', 'Plurality', 'Approval']",yes,
4,4,402,SantaFe_03062018_Mayor.csv,0.3183,0.2442,0.221672408,0.42396313,5,5,LOCAL,NO,E,Alan Webber,Alan Webber,Alan Webber,Alan Webber,Joseph M. Maestas,0.527110368,0.443535773,0.390693712,0.390693712,0,5.279210895,0,[],no,
6,11,479,LasCruces_11052019_MAYORCITYOFLASCRUCES.csv,,0.0011,0.226598853,0.49374023,10,10,LOCAL,NO,E,KEN MIYAGISHIMA,KEN MIYAGISHIMA,KEN MIYAGISHIMA,KEN MIYAGISHIMA,ISABELLA SOLIS,0.492972844,0.443535773,0.533264391,0.533264391,0.15913582,4.646931772,0,[],no,
8,8,446,SanFrancisco_11032020_BOARDOFSUPERVISORSDISTRICT7.csv,0.0536,0.0525,0.241703057,0.48105186,7,7,LOCAL,NO,B,MYRNA MELGAR,MYRNA MELGAR,JOEL ENGARDIO,MYRNA MELGAR,MYRNA MELGAR,0.355955147,0.443535773,0.087580626,0.087580626,0.025528366,3.816880266,0,['IRV'],yes,
9,9,384,Oakland_11032020_MemberCityCouncilDist7OaklandRCV.csv,0.325974026,0.271228771,0.241739921,0.48581758,5,5,LOCAL,NO,R,TREVA REID,TREVA REID,TREVA REID,TREVA REID,"ROBERT ""BOB"" JACKSON",0.509916614,0.443535773,0.443535773,0.443535773,0.5099166,3.604930211,0,['Approval'],yes,
10,13,445,SanFrancisco_11032020_BOARDOFSUPERVISORSDISTRICT1.csv,0.0503,0.0457,0.242205492,0.51334959,7,7,LOCAL,NO,B,CONNIE CHAN,CONNIE CHAN,CONNIE CHAN,MARJAN PHILHOUR,VERONICA SHINZATO,0.493859823,0.443535773,0.443535773,0.443535773,0.16874851,4.409789176,0,['Approval'],no,
11,19,416,Oakland_11032020_MemberCityCouncilDist3OaklandRCV.csv,0.2244,0.2082,0.243635156,0.56154072,5,6,LOCAL,NO,R,CARROLL FIFE,CARROLL FIFE,CARROLL FIFE,CARROLL FIFE,SENECA SCOTT,0.491851273,0.443535773,0.556464227,0.556464227,0.072842784,4.762943791,0,[],no,
13,20,385,Oakland_11032020_SchoolDirectorDist3OaklandRCV.csv,0.331731732,0.266966967,0.252511721,0.56536484,5,5,LOCAL,NO,B,VANCEDRIC WILLIAMS,VANCEDRIC WILLIAMS,VANCEDRIC WILLIAMS,VANCEDRIC WILLIAMS,MAIYA EDGERLY,0.561535063,0.443535773,0.556464227,0.556464227,0.17189258,3.39994984,0,[],no,
14,3,362,Albany_11082022_CityCouncil.csv,0.3396,0.271,0.25375877,0.42024156,5,5,LOCAL,NO,R,JOHN ANTHONY MIKI,JOHN ANTHONY MIKI,JOHN ANTHONY MIKI,JOHN ANTHONY MIKI,JOHN ANTHONY MIKI,0.531324199,0.443535773,0.087788425,0.087788425,0,4.913046051,0,[],no,
17,48,417,Oakland_11052024_CityCouncilD3.csv,0.221021021,0.201701702,0.269973572,0.684937378,5,6,LOCAL,NO,R,CARROLL FIFE,CARROLL FIFE,CARROLL FIFE,CARROLL FIFE,MICHELLE D. HAILEY,0.451763375,0.443535773,0.349330762,0.349330762,,5.024466673,,,,
18,2,393,Payson_11052019_CityCouncil.csv,0.3199,0.2671,0.271308017,0.36944342,5,5,LOCAL,NO,R,DOUG WELTON,DOUG WELTON,DOUG WELTON,DOUG WELTON,LINDA CARTER,0.571566559,0.443535773,0.37717699,0.37717699,0,3.063187725,0,[],no,
19,85,300,LasCruces_11052019_COUNCILORPOSITION2CITYOFLASCRUCESDISTRICT2COUNCILOR.csv,0.604004004,0.423623624,0.27480916,0.75066668,4,4,LOCAL,NO,R,TESSA ABEYTA STUVE,TESSA ABEYTA STUVE,TESSA ABEYTA STUVE,TESSA ABEYTA STUVE,"JACK L VALENCIA, JR",0.344776959,0.443535773,0.179085022,0.179085022,0,3.705697023,0,[],no,
22,61,444,Portland_06142022_SchoolboardAL-1.csv,0.0478,0.0479,0.278000803,0.70138186,7,7,LOCAL,NO,B,"Lentz, Sarah M.","Lentz, Sarah M.","Lentz, Sarah M.","Grant, Benjamin K.","Lentz, Sarah M.",0.349125712,0.443535773,0.094410061,0.094410061,0,3.363272091,0,[],no,
24,44,453,TakomaPark_11082022_CityCouncilWard6.csv,0.17002997,0.173226773,0.279538905,0.67384613,5,7,LOCAL,NO,R,Jason Small,Jason Small,Jason Small,Mike Moore,Jason Small,0.59681548,0.443535773,0.153279707,0.153279707,0.002018343,3.855044013,0,"['IRV', 'Condorcet']",yes,
27,1,492,Portland_06082021_charter_commission_at_large.csv,,9.99E-05,0.283335608,0.36282882,11,11,LOCAL,NO,B,"Chann, Marpheen S.","Chann, Marpheen S.","Sheikh-Yousef, Nasreen A.","Sheikh-Yousef, Nasreen A.","Houseal, Ian P.",0.456683154,0.443535773,0.114388707,0.114388707,0.038030609,3.31253295,0,"['IRV', 'Condorcet', 'Plurality', 'Approval']",yes,
34,18,483,Oakland_11052024_CityCouncil_AtLarge.csv,0.1499,0.1458,0.305240466,0.557338143,5,10,LOCAL,NO,R,ROWENA BROWN,ROWENA BROWN,ROWENA BROWN,ROWENA BROWN,FABIAN ROBINSON,0.414801382,0.443535773,0.09925855,0.09925855,,2.82968494,,,,
41,163,397,SanFrancisco_11052024_BoS_D1.csv,0.3302,0.2273,0.325941151,0.839089526,5,5,LOCAL,NO,B,CONNIE CHAN,CONNIE CHAN,CONNIE CHAN,CONNIE CHAN,SHERMAN D'SILVA,0.468518563,0.443535773,0.515139443,0.515139443,,4.044568178,,,,
43,28,394,RedondoBeach_03042025_Mayor.csv,0.3049,0.2382,0.332488114,0.621120806,6,5,LOCAL,NO,E,JAMES A LIGHT,JAMES A LIGHT,JAMES A LIGHT,JAMES A LIGHT,JEFF GINSBURG,0.478453252,0.443535773,0.556464227,0.556464227,,5.057723086,,,,
47,68,450,SanFrancisco_11052024_BoS_D11.csv,0.0553,0.0478,0.340317978,0.716041004,7,7,LOCAL,NO,B,CHYANNE CHEN,CHYANNE CHEN,MICHAEL LAI,CHYANNE CHEN,OSCAR FLORES,0.262677224,0.443535773,0.556464227,0.556464227,,4.327890718,,,,
54,21,509,PortlandOR_11052024_Mayor.csv,0.030139721,0.028343313,0.35595198,0.566948313,6,21,LOCAL,NO,E,Keith.Wilson,Keith.Wilson,Keith.Wilson,Keith.Wilson,Liv..Viva..Osthus,0.449297687,0.443535773,0.283514269,0.283514269,,3.387120729,,,,
56,115,481,Oakland_04152025_Mayor.csv,0.16023976,0.161438561,0.357875758,0.793965225,5,10,LOCAL,NO,E,BARBARA LEE,BARBARA LEE,BARBARA LEE,BARBARA LEE,SUZ ROBINSON,0.455043841,0.443535773,0.128249758,0.128249758,,3.38106508,,,,
58,37,341,Oakland_11082022_CityCouncilmemberDistrict6.csv,0.5788,0.3883,0.35917168,0.65778106,5,4,LOCAL,NO,R,KEVIN JENKINS,KEVIN JENKINS,KEVIN JENKINS,KEVIN JENKINS,YAKPASUA MICHAEL GBAGBA ZAZABOI,0.300146725,0.443535773,0.443535773,0.443535773,0,5.507497528,0,[],no,
60,161,420,Portland_06142022_Schoolboarddistrict5-1.csv,0.25035035,0.193093093,0.360583942,0.83700669,5,6,LOCAL,NO,B,"Brydon, Sarah M.","Brydon, Sarah M.","Brydon, Sarah M.","Brydon, Sarah M.","Goglin, Barbara E.",0.328417674,0.443535773,0.216702813,0.216702813,0,5.478157999,0,[],no,
62,30,504,SanFrancisco_11052024_Mayor.csv,,,0.366801846,0.638797954,10,15,LOCAL,NO,E,DANIEL LURIE,DANIEL LURIE,DANIEL LURIE,DANIEL LURIE,NELSON MEI,0.42429722,0.443535773,0.148459276,0.148459276,,4.107506461,,,,
64,26,347,SanFrancisco_11032020_BOARDOFSUPERVISORSDISTRICT5.csv,0.5944,0.4049,0.370900036,0.61063278,4,4,LOCAL,NO,B,DEAN PRESTON,DEAN PRESTON,DEAN PRESTON,DEAN PRESTON,DANIEL LANDRY,0.32783859,0.443535773,0.232980739,0.232980739,0,2.475148346,0,[],no,
66,159,501,Portland_06142022_Schoolboarddistrict5.csv,,0.12781655,0.373722628,0.83435899,5,14,LOCAL,NO,B,"Brydon, Sarah M.","Brydon, Sarah M.","Brydon, Sarah M.","Brydon, Sarah M.",Ballot Style,0.479982902,0.443535773,0.1240981,0.1240981,0,4.801477023,0,[],no,
70,116,398,SanFrancisco_11052024_BoS_D5.csv,0.3086,0.2466,0.378834816,0.795634921,5,5,LOCAL,NO,B,BILAL MAHMOOD,BILAL MAHMOOD,DEAN PRESTON,BILAL MAHMOOD,SCOTTY JACOBS,0.432710546,0.443535773,0.257376012,0.257376012,,4.316274903,,,,
73,17,512,Portland_06142022_SchoolboardAL.csv,,,0.397672552,0.54807907,7,29,LOCAL,NO,B,"Lentz, Sarah M.","Lentz, Sarah M.","Lentz, Sarah M.","Grant, Benjamin K.",10003,0.436362436,0.443535773,0.174530573,0.174530573,0.036242839,3.275247055,0,[],no,
74,72,426,SanFrancisco_11052024_BoS_D3.csv,0.142957043,0.123076923,0.398683783,0.723188557,6,6,LOCAL,NO,B,DANNY SAUTER,DANNY SAUTER,DANNY SAUTER,DANNY SAUTER,MATTHEW SUSK,0.436969287,0.443535773,0.299458386,0.299458386,,3.887294828,,,,
76,259,227,Minneapolis_11072023_CityCouncilWard7.csv,0.8935,0.5131,0.41221374,0.896988708,3,3,LOCAL,NO,R,Katie Cashman,Katie Cashman,Katie Cashman,Katie Cashman,Scott Graham,0.66058084,0.443535773,0.556464227,0.556464227,,2.711184449,,,,
77,80,451,SanFrancisco_11052024_BoS_D9.csv,0.0494,0.0474,0.413560811,0.736468149,7,7,LOCAL,NO,B,JACKIE FIELDER,JACKIE FIELDER,JACKIE FIELDER,JACKIE FIELDER,JAIME GUTIERREZ,0.513676866,0.443535773,0.556464227,0.556464227,,5.573900668,,,,
81,81,421,PortlandME_11052024_CityCouncilAtLarge.csv,0.1447,0.1276,0.425699129,0.737349183,6,6,LOCAL,NO,R,"Grant, Benjamin K.","Grant, Benjamin K.","Grant, Benjamin K.","Grant, Benjamin K.","Mazer, Brandon J.",0.39915199,0.443535773,0.241341901,0.241341901,,3.079597456,,,,
82,55,338,Oakland_11052024_CityCouncilD7.csv,0.611688312,0.455044955,0.426711864,0.692809978,5,4,LOCAL,NO,R,KEN HOUSTON,KEN HOUSTON,KEN HOUSTON,KEN HOUSTON,MARCIE HODGE,0.489363519,0.443535773,0.114484313,0.114484313,,3.273247046,,,,
83,12,485,Oakland_11082022_Mayor.csv,0.134134134,0.133433433,0.428820045,0.50684404,5,10,LOCAL,NO,E,SHENG THAO,SHENG THAO,LOREN MANUEL TAYLOR,SHENG THAO,TREVA D. REID,0.437312802,0.443535773,0.085595514,0.085595514,0.12018447,3.017878722,0,"['IRV', 'Condorcet', 'Approval']",yes,
87,86,348,SanFrancisco_11052019_DistrictAttorney.csv,0.6003,0.4628,0.437705513,0.75159866,4,4,LOCAL,NO,O,CHESA BOUDIN,CHESA BOUDIN,CHESA BOUDIN,SUZY LOFTUS,SUZY LOFTUS,0.352884205,0.443535773,0.443535773,0.443535773,0.3528842,3.720821039,0,"['IRV', 'Condorcet']",yes,
88,82,356,SanFrancisco_11082022_BoardofSupervisorsD6.csv,0.6679,0.4076,0.455224933,0.73826164,4,4,LOCAL,NO,B,MATT DORSEY,MATT DORSEY,MATT DORSEY,MATT DORSEY,CHERELLE JACKSON,0.360244255,0.443535773,0.556464227,0.556464227,0,3.851147351,0,[],no,
89,64,422,PortlandME_11052024_CityCouncilDistrict2.csv,0.1573,0.1328,0.460756276,0.706543191,6,6,LOCAL,NO,R,"Pelletier, Wesley K.","Pelletier, Wesley K.","Pelletier, Wesley K.","English, Nancy L.","Pelletier, Wesley K.",0.465671402,0.443535773,0.022135629,0.022135629,,3.465713025,,,,
91,67,430,TakomaPark_11082022_Mayor.csv,0.4456,0.4093,0.468433104,0.71481156,4,6,LOCAL,NO,E,Talisha Searcy,Talisha Searcy,Talisha Searcy,Talisha Searcy,Seth Grimes]Jarrett Smith,0.374507858,0.443535773,0.429823403,0.429823403,0.000259423,4.836281016,0,[],no,
92,38,336,Oakland_11032020_SchoolDirectorDist5OaklandRCV.csv,0.60960961,0.449049049,0.472214413,0.66021454,5,4,LOCAL,NO,B,MIKE HUTCHINSON,MIKE HUTCHINSON,MIKE HUTCHINSON,MIKE HUTCHINSON,SHEILA POPE-LAWRENCE,0.355944749,0.443535773,0.244040056,0.244040056,0,3.382750958,0,[],no,
93,53,370,Minneapolis_11052013_Ward13CityCouncil.csv,0.7915,0.6835,0.472530913,0.68847442,3,5,LOCAL,NO,R,LINEA PALMISANO,LINEA PALMISANO,LINEA PALMISANO,LINEA PALMISANO,BOB REUER,0.565972431,0.443535773,0.556464227,0.556464227,0.169664,4.401970856,0,[],no,
94,219,237,Oakland_11032020_MemberCityCouncilAtLargeOaklandRCV.csv,0.897897898,0.539239239,0.477324441,0.87749738,5,3,LOCAL,NO,R,REBECCA KAPLAN,REBECCA KAPLAN,REBECCA KAPLAN,REBECCA KAPLAN,DERRECK B. JOHNSON,0.472889377,0.443535773,0.443535773,0.443535773,0.47288936,3.345657874,0,"['IRV', 'Condorcet', 'Plurality', 'Approval']",yes,
97,106,415,Oakland_04152025_CityCouncilD2.csv,0.214785215,0.191008991,0.484161267,0.778447387,5,6,LOCAL,NO,R,CHARLENE WANG,CHARLENE WANG,CHARLENE WANG,CHARLENE WANG,PAULA F.L. THOMAS,0.381953166,0.443535773,0.428520886,0.428520886,,4.976418456,,,,
98,345,257,SanFrancisco_11032015_Sheriff.csv,0.8904,0.525,0.486642477,0.96370304,3,3,LOCAL,NO,O,VICKI HENNESSY,VICKI HENNESSY,VICKI HENNESSY,VICKI HENNESSY,VICKI HENNESSY,0.401077431,0.443535773,0.042458343,0.042458343,0,4.189288149,0,[],no,
99,91,363,Berkeley_11052024_Mayor.csv,0.291708292,0.240659341,0.489710104,0.761214644,5,5,LOCAL,NO,E,ADENA ISHII,ADENA ISHII,ADENA ISHII,ADENA ISHII,NAOMI D. PETE,0.195825593,0.443535773,0.556464227,0.556464227,,5.988202243,,,,
102,59,299,Eastpointe_11052019_CityCouncil.csv,0.6161,0.4768,0.494532628,0.69992006,4,4,LOCAL,NO,R,Sarah A. Lucido,Sarah A. Lucido,Sarah A. Lucido,Sarah A. Lucido,Harvey Curley,0.321489158,0.443535773,0.210764039,0.210764039,0,3.212167959,0,[],no,
103,88,352,SanFrancisco_11082005_AssessorRecorder.csv,0.7966,0.6619,0.515773165,0.75211823,3,4,LOCAL,NO,O,Phil Ting,Phil Ting,Phil Ting,Phil Ting,Phil Ting,0.358413182,0.443535773,0.085122591,0.085122591,0.25777915,3.614385884,0,[],no,
104,213,226,Minneapolis_11072023_CityCouncilWard5.csv,0.9084,0.5231,0.51995439,0.865752551,3,3,LOCAL,NO,R,Jeremiah Bey Ellison,Jeremiah Bey Ellison,Jeremiah Bey Ellison,Jeremiah Bey Ellison,"Phillip ""OMac"" Peterson",0.644248007,0.443535773,0.556464227,0.556464227,,7.177144584,,,,
105,251,187,Berkeley_11032020_MemberCityCouncilDist5BerkeleyRCV.csv,0.874774775,0.522022022,0.520984665,0.89278227,5,3,LOCAL,NO,R,SOPHIE HAHN,SOPHIE HAHN,SOPHIE HAHN,SOPHIE HAHN,TODD ANDREW,0.596265566,0.443535773,0.556464227,0.556464227,0,4.141690503,0,[],no,
106,188,258,SanFrancisco_11042008_BoardofSupervisorsDistrict4.csv,0.865,0.5696,0.525725594,0.8553521,3,3,LOCAL,NO,B,CARMEN CHU,CARMEN CHU,CARMEN CHU,CARMEN CHU,RON DUDUM,0.478362457,0.443535773,0.556464227,0.556464227,0.52163756,3.619026644,0,['Approval'],no,
107,218,256,SanFrancisco_11032015_BoardofSupervisorsDistrict3.csv,0.9037,0.5213,0.536176865,0.87565851,3,3,LOCAL,NO,B,AARON PESKIN,AARON PESKIN,AARON PESKIN,AARON PESKIN,WILMA PANG,0.458731193,0.443535773,0.556464227,0.556464227,0.54126883,7.142454761,0,[],no,
109,243,225,Minneapolis_11072023_CityCouncilWard12.csv,0.9045,0.5489,0.539179509,0.890281098,3,3,LOCAL,NO,R,Aurin Chowdhury,Aurin Chowdhury,Aurin Chowdhury,Aurin Chowdhury,Luther Ranheim,0.330307384,0.443535773,0.556464227,0.556464227,,3.876721513,,,,
112,102,357,SanFrancisco_11082022_DistrictAttorney.csv,0.568131868,0.417582418,0.549498357,0.77481455,4,4,LOCAL,NO,O,BROOKE JENKINS,BROOKE JENKINS,BROOKE JENKINS,BROOKE JENKINS,JOHN HAMASAKI,0.339632899,0.443535773,0.443535773,0.443535773,0.3396329,2.851225508,0,"['IRV', 'Condorcet']",yes,
114,255,369,Minneapolis_11022021_CityCouncilWard2.csv,0.791891892,0.675875876,0.554850834,0.89559919,3,5,LOCAL,NO,R,Robin Wonsley Worlobah,-1,Robin Wonsley Worlobah,Yusra Arab,,,,0.24963468,,0.24963468,4.302807855,0,"['IRV', 'Condorcet', 'Plurality', 'Approval']",yes,
116,50,287,Albany_11082022_BoardofEducation.csv,0.5908,0.4249,0.557336621,0.68710524,5,4,LOCAL,NO,B,RON ROSENBAUM,RON ROSENBAUM,RON ROSENBAUM,RON ROSENBAUM,BECKY HOPWOOD,0.30458597,0.443535773,0.243146373,0.243146373,0.018024703,4.510701378,0,[],no,
118,204,243,Oakland_11052024_CityCouncilD5.csv,0.8765,0.5808,0.560403268,0.861844683,5,3,LOCAL,NO,R,NOEL GALLO,NOEL GALLO,NOEL GALLO,NOEL GALLO,ERIN ARMSTRONG,0.651239261,0.443535773,0.443535773,0.443535773,,4.044085221,,,,
119,282,272,StLouisPark_11022021_CityCouncilWard3.csv,0.869,0.6013,0.563583815,0.91200596,3,3,LOCAL,NO,R,Sue Budd,Sue Budd,Sue Budd,Sue Budd,Sue Budd,0.51935401,0.443535773,0.075818237,0.075818237,0,3.384441902,0,[],no,
120,164,349,SanFrancisco_11052019_MemberBoardofSupervisorsDistrict5.csv,0.5932,0.4156,0.564614757,0.83989537,4,4,LOCAL,NO,B,DEAN PRESTON,DEAN PRESTON,DEAN PRESTON,DEAN PRESTON,RYAN LAM,0.643205194,0.443535773,0.443535773,0.443535773,0.22074579,4.420641667,0,"['IRV', 'Condorcet', 'Plurality', 'Approval']",yes,
122,215,350,SanFrancisco_11052024_BoS_D7.csv,0.6016,0.4152,0.565942443,0.869957679,4,4,LOCAL,NO,B,MYRNA MELGAR,MYRNA MELGAR,MYRNA MELGAR,MYRNA MELGAR,MATT BOSCHETTO,0.397894106,0.443535773,0.443535773,0.443535773,,3.279190286,,,,
124,84,184,Berkeley_11022010_CityCouncilDistrict7.csv,0.8877,0.5737,0.569015245,0.74910051,3,3,LOCAL,NO,R,KRISS WORTHINGTON,KRISS WORTHINGTON,KRISS WORTHINGTON,KRISS WORTHINGTON,CECILIA ''CES'' ROSALES,0.504731599,0.443535773,0.556464227,0.556464227,0.4952684,4.522202976,0,['Approval'],no,
126,99,403,TakomaPark_11082022_CityCouncilWard3.csv,0.5113,0.4528,0.569655172,0.7718659,4,5,LOCAL,NO,R,Randy Gibson,Randy Gibson,Randy Gibson,Randy Gibson,Mimi Diez]Randy Gibson,0.335462717,0.443535773,0.443535773,0.443535773,0.16480596,5.913763517,0,['Approval'],no,
127,118,484,Oakland_11062018_Mayor.csv,0.7525,0.7129,0.571391936,0.79799885,3,10,LOCAL,NO,E,LIBBY SCHAAF,LIBBY SCHAAF,LIBBY SCHAAF,LIBBY SCHAAF,PETER YUAN LIU,0.45550012,0.443535773,0.332238956,0.332238956,0,5.705408752,0,[],no,
129,92,267,SanLeandro_11062018_CountyCouncilDistrict1.csv,0.863736264,0.595104895,0.581577982,0.76261246,3,3,LOCAL,NO,R,DEBORAH COX,DEBORAH COX,DEBORAH COX,DEBORAH COX,KENNETH PON,0.479083456,0.443535773,0.556464227,0.556464227,0,4.006672594,0,[],no,
130,288,355,SanFrancisco_11082016_BoardofSupervisorsDistrict9.csv,0.8401,0.7256,0.586573476,0.91840482,3,4,LOCAL,NO,B,HILLARY RONEN,HILLARY RONEN,HILLARY RONEN,HILLARY RONEN,MELISSA SAN MIGUEL,0.545233726,0.443535773,0.311076413,0.311076413,0,3.991497931,0,[],no,
131,311,310,Minneapolis_11062009_Ward12CityCouncil.csv,0.8579,0.7579,0.5875943,0.93589473,3,4,LOCAL,NO,R,Sandy Colvin Roy,Sandy Colvin Roy,Sandy Colvin Roy,Sandy Colvin Roy,Rick L. Nyhlen,0.529412798,0.443535773,0.556464227,0.556464227,0,4.176584402,0,[],no,
132,269,214,Minneapolis_11022021_ParkBoardDistrict5.csv,0.8604,0.571,0.587636782,0.90434229,3,3,LOCAL,NO,B,Steffanie Musich,Steffanie Musich,Steffanie Musich,Steffanie Musich,Charles Rodgers,0.542997933,0.443535773,0.556464227,0.556464227,0,3.842732249,0,[],no,
133,57,346,SanFrancisco_11032020_BOARDOFSUPERVISORSDISTRICT3.csv,0.6066,0.3837,0.588853162,0.6955229,4,4,LOCAL,NO,B,AARON PESKIN,AARON PESKIN,AARON PESKIN,AARON PESKIN,DANNY SAUTER,0.31199753,0.443535773,0.443535773,0.443535773,0,2.989659254,0,[],no,
134,252,223,Minneapolis_11072017_Ward12CityCouncil.csv,0.8377,0.5302,0.593832268,0.89367986,3,3,LOCAL,NO,R,Andrew Johnson,Andrew Johnson,Andrew Johnson,Andrew Johnson,Will Jaeger,0.474769505,0.443535773,0.556464227,0.556464227,0,5.867077841,0,[],no,
138,314,218,Minneapolis_11062009_Ward7CityCouncil.csv,0.8745,0.5363,0.605224964,0.93780011,3,3,LOCAL,NO,R,Lisa Goodman,Lisa Goodman,Lisa Goodman,Lisa Goodman,Jeffrey Alan Wagner,0.643800599,0.443535773,0.443535773,0.443535773,0,7.707206512,0,[],no,
139,152,486,SanFrancisco_11082016_BoardofSupervisorsDistrict1.csv,0.725525526,0.684684685,0.610616769,0.82621825,3,10,LOCAL,NO,B,SANDRA LEE FEWER,SANDRA LEE FEWER,SANDRA LEE FEWER,SANDRA LEE FEWER,SAMUEL KWONG,0.402028074,0.443535773,0.323030747,0.323030747,0,4.330537032,0,"['IRV', 'Condorcet', 'Approval']",no,
140,105,292,Berkeley_11032020_MemberCityCouncilDist2BerkeleyRCV.csv,0.594305694,0.468331668,0.610778443,0.77812994,5,4,LOCAL,NO,R,TERRY TAPLIN,TERRY TAPLIN,TERRY TAPLIN,TERRY TAPLIN,TERRY TAPLIN,0.332452656,0.443535773,0.111083117,0.111083117,0,3.104742393,0,[],no,
141,347,242,Oakland_11052024_CityCouncilD1.csv,0.8537,0.5603,0.61305483,0.968248151,5,3,LOCAL,NO,R,ZAC UNGER,ZAC UNGER,ZAC UNGER,ZAC UNGER,ZAC UNGER,0.339225577,0.443535773,0.104310196,0.104310196,,3.147833437,,,,
142,361,263,SanLeandro_11022010_CountyCouncilDistrict1.csv,0.9352,0.5015,0.614035088,0.99859643,3,3,LOCAL,NO,R,MICHAEL J. GREGORY,MICHAEL J. GREGORY,MICHAEL J. GREGORY,MICHAEL J. GREGORY,MICHAEL J. GREGORY,0.573345876,0.443535773,0.129810102,0.129810102,0,2.972270441,0,[],no,
143,73,271,Springville_11022021_Mayor.csv,0.8727,0.5662,0.614243323,0.72385621,3,3,LOCAL,NO,E,MATT PACKARD,MATT PACKARD,MATT PACKARD,MATT PACKARD,RYAN MILLER,0.55830151,0.443535773,0.443535773,0.443535773,0,4.778797291,0,[],no,
145,109,505,Oakland_11042014_Mayor.csv,0.7148,0.6946,0.616898793,0.78096467,3,16,LOCAL,NO,E,LIBBY SCHAAF,LIBBY SCHAAF,LIBBY SCHAAF,LIBBY SCHAAF,COURTNEY RUBY,0.489680166,0.443535773,0.047511646,0.047511646,0.000158286,2.790943471,0,[],no,
147,111,202,LasCruces_11052019_COUNCILORPOSITION4CITYOFLASCRUCESDISTRICT4COUNCILOR.csv,0.877077077,0.601801802,0.618940248,0.78333336,3,3,LOCAL,NO,R,JOHANA BENCOMO,JOHANA BENCOMO,JOHANA BENCOMO,JOHANA BENCOMO,ANTOINETTE M REYES,0.475903994,0.443535773,0.443535773,0.443535773,0.47590399,4.156403266,0,['Approval'],no,
149,148,322,Minneapolis_11072017_Ward9CityCouncil.csv,0.8294,0.717,0.622931897,0.82210928,3,4,LOCAL,NO,R,Alondra Cano,Alondra Cano,Alondra Cano,Alondra Cano,Gary Schiff,0.619248076,0.443535773,0.556464227,0.556464227,0.25619152,4.062394279,0,['Approval'],no,
151,162,291,Berkeley_11032020_MayorBerkeleyRCV.csv,0.6247,0.4039,0.623806671,0.8385781,5,4,LOCAL,NO,E,JESSE ARREGUÍN,JESSE ARREGUÍN,JESSE ARREGUÍN,JESSE ARREGUÍN,AIDAN HILL,0.460067546,0.443535773,0.318094327,0.318094327,0,4.176981692,0,[],no,
152,154,273,TakomaPark_11082022_CityCouncilWard1.csv,0.8585,0.6134,0.625796178,0.82707876,4,3,LOCAL,NO,R,Shana Fulcher,Shana Fulcher,Shana Fulcher,Shana Fulcher,Elizabeth Wallace,0.54257723,0.443535773,0.556464227,0.556464227,0,3.776877274,0,[],no,
156,187,212,Minneapolis_11022021_ParkBoardDistrict2.csv,0.8722,0.6573,0.631367925,0.85455054,3,3,LOCAL,NO,B,Becka Thompson,Becka Thompson,Becka Thompson,Becka Thompson,Eric Moran,0.525036033,0.443535773,0.443535773,0.443535773,0.52503604,3.678992863,0,"['IRV', 'Condorcet', 'Approval']",yes,
157,248,396,SanFrancisco_11042014_BoardofSupervisorsDistrict10.csv,0.782917083,0.7003996,0.631565022,0.8914212,3,5,LOCAL,NO,B,MALIA COHEN,MALIA COHEN,MALIA COHEN,MALIA COHEN,MARLENE TRAN,0.324826454,0.443535773,0.443535773,0.443535773,0.21870112,4.1031124,0,[],no,
158,97,360,SanLeandro_11062012_CountyCouncilDistrict4.csv,0.828971029,0.691608392,0.632979457,0.76987249,3,4,LOCAL,NO,R,BENNY LEE,BENNY LEE,BENNY LEE,BENNY LEE,DARLENE DAEVU,0.534490719,0.443535773,0.443535773,0.443535773,0.31803191,3.594129707,0,[],no,
159,223,229,Minnetonka_11072023_CityCouncilWard4.csv,0.8803,0.5597,0.633737185,0.880073238,3,3,LOCAL,NO,R,Kissy C. Coakley,Kissy C. Coakley,Kissy C. Coakley,Ted Nearman,David G. Larson,0.667552402,0.443535773,0.443535773,0.443535773,,5.867041016,,,,
160,144,245,Oakland_11062012_SchoolDirectorDistrict3.csv,0.8723,0.6398,0.6340069,0.81978351,3,3,LOCAL,NO,B,JUMOKE HINTON HODGE,JUMOKE HINTON HODGE,JUMOKE HINTON HODGE,JUMOKE HINTON HODGE,RICHARD FUENTES,0.498961698,0.443535773,0.556464227,0.556464227,0.50103831,3.637912213,0,['Approval'],no,
161,141,185,Berkeley_11022010_CityCouncilDistrict8.csv,0.8749,0.6088,0.635926573,0.81851852,3,3,LOCAL,NO,R,GORDON WOZNIAK,GORDON WOZNIAK,GORDON WOZNIAK,GORDON WOZNIAK,STEWART JONES,0.45712859,0.443535773,0.556464227,0.556464227,0,4.306768649,0,[],no,
162,174,425,SanFrancisco_11032015_Mayor.csv,0.773826174,0.716083916,0.641467613,0.84583563,3,6,LOCAL,NO,E,ED LEE,ED LEE,ED LEE,ED LEE,AMY FARAH WEISS,0.46266486,0.443535773,0.556464227,0.556464227,0,4.006257882,0,[],no,
163,100,477,SanFrancisco_11062012_BoardofSupervisorsDistrict7.csv,0.7433,0.7055,0.641790326,0.77295685,3,9,LOCAL,NO,B,NORMAN YEE,NORMAN YEE,NORMAN YEE,NORMAN YEE,ANDREW BLEY,0.491863875,0.443535773,0.13588135,0.13588135,0.078991987,4.129649174,0,[],no,
166,125,321,Minneapolis_11072017_Ward8CityCouncil.csv,0.8673,0.7183,0.643285372,0.8026883,3,4,LOCAL,NO,R,Andrea Jenkins,Andrea Jenkins,Andrea Jenkins,Andrea Jenkins,April Kane,0.362022708,0.443535773,0.443535773,0.443535773,0,6.509361876,0,[],no,
167,300,189,Berkeley_11052024_CityCouncilD3.csv,0.866733267,0.62967033,0.645288994,0.928880643,5,3,LOCAL,NO,R,BEN BARTLETT,BEN BARTLETT,BEN BARTLETT,BEN BARTLETT,BEN BARTLETT,0.658422685,0.443535773,0.214886911,0.214886911,,3.303631213,,,,
168,260,317,Minneapolis_11072017_Ward4CityCouncil.csv,0.812787213,0.665834166,0.645487657,0.89804071,3,4,LOCAL,NO,R,Phillipe M. Cunningham,Phillipe M. Cunningham,"Barbara A. ""Barb"" Johnson",Phillipe M. Cunningham,Stephanie Gasca,0.554168713,0.443535773,0.267696707,0.267696707,0,3.876628478,0,['Plurality'],no,
169,264,312,Minneapolis_11062009_Ward4CityCouncil.csv,0.80990991,0.684784785,0.646440129,0.89927185,3,4,LOCAL,NO,R,Barbara A. Johnson,Barbara A. Johnson,Barbara A. Johnson,Barbara A. Johnson,Troy Parker,0.37703872,0.443535773,0.443535773,0.443535773,0.37703872,3.78168758,0,[],no,
172,349,217,Minneapolis_11062009_Ward13CityCouncil.csv,0.8599,0.5209,0.650526316,0.96972233,3,3,LOCAL,NO,R,Betsy Hodges,Betsy Hodges,Betsy Hodges,Betsy Hodges,Betsy Hodges,0.559904697,0.443535773,0.116368924,0.116368924,0,4.327950251,0,[],no,
173,233,388,Oakland_11042014_CityCouncilDistrict6.csv,0.8225,0.7357,0.652195692,0.88463604,3,5,LOCAL,NO,R,DESLEY BROOKS,DESLEY BROOKS,DESLEY BROOKS,DESLEY BROOKS,MICHAEL V. JOHNSON,0.61329239,0.443535773,0.212832004,0.212832004,0,4.176870185,0,['Approval'],no,
174,203,249,Oakland_11082022_Schoolboarddistrict4.csv,0.870870871,0.668168168,0.658894128,0.8615576,5,3,LOCAL,NO,B,MIKE HUTCHINSON,-1,NICK RESNICK,MIKE HUTCHINSON,,,,0,,0,3.773881024,0,"['Condorcet', 'Plurality']",no,
175,195,452,SanFrancisco_11072006_BoardofSupervisorsDistrict10.csv,0.7891,0.7325,0.658980044,0.85826004,3,7,LOCAL,NO,B,Sophie Maxwell,Sophie Maxwell,Sophie Maxwell,Sophie Maxwell,Dwayne Jusino,0.460096123,0.443535773,0.18951255,0.18951255,0,3.079565952,0,[],no,
176,196,392,Oakland_11082016_SchoolDirectorDistrict3.csv,0.8144,0.7432,0.661603021,0.85838729,3,5,LOCAL,NO,B,JUMOKE HINTON HODGE,JUMOKE HINTON HODGE,JUMOKE HINTON HODGE,JUMOKE HINTON HODGE,KHARYSHI ''MS. K'' WIGINTON,0.647485673,0.443535773,0.246047955,0.246047955,0,4.207940914,0,[],no,
177,153,433,Minneapolis_11022021_CityCouncilWard5.csv,0.768831169,0.715384615,0.66302521,0.82664233,3,7,LOCAL,NO,R,Jeremiah Ellison,Jeremiah Ellison,Jeremiah Ellison,Kristel Porter,Victor Martinez,0.398530783,0.443535773,0.443535773,0.443535773,0.31215626,3.187958335,0,"['IRV', 'Condorcet']",yes,
178,145,236,Oakland_11022010_CityCouncilDistrict6.csv,0.8748,0.5722,0.663127273,0.82001865,3,3,LOCAL,NO,R,DESLEY BROOKS,DESLEY BROOKS,DESLEY BROOKS,DESLEY BROOKS,NANCY SIDEBOTHAM,0.53676842,0.443535773,0.443535773,0.443535773,0,4.943318238,0,[],no,
179,297,215,Minneapolis_11062009_PRBoardDistrict1.csv,0.855655656,0.55035035,0.664647994,0.92381769,3,3,LOCAL,NO,B,Liz Wielinski,Liz Wielinski,Liz Wielinski,Liz Wielinski,Bernie Kunza,0.532080439,0.443535773,0.556464227,0.556464227,0,4.904197535,0,[],no,
181,316,221,Minneapolis_11072017_PRBoardDistrict5.csv,0.8871,0.5933,0.66552901,0.93910891,3,3,LOCAL,NO,B,Steffanie Musich,Steffanie Musich,Steffanie Musich,Steffanie Musich,Steffanie Musich,0.498170265,0.443535773,0.054634492,0.054634492,0,2.961906328,0,[],no,
182,128,265,SanLeandro_11042014_CountyCouncilDistrict5.csv,0.8677,0.6283,0.667207416,0.80461258,3,3,LOCAL,NO,R,CORINA LOPEZ,CORINA LOPEZ,CORINA LOPEZ,CORINA LOPEZ,MIA OUSLEY,0.491320026,0.443535773,0.556464227,0.556464227,0.50867999,3.943641554,0,['Approval'],no,
183,284,211,Minneapolis_11022021_CityCouncilWard4.csv,0.877177177,0.547547548,0.668282176,0.9149524,3,3,LOCAL,NO,R,LaTrisha Vetaw,LaTrisha Vetaw,LaTrisha Vetaw,LaTrisha Vetaw,Phillipe M. Cunningham,0.631175354,0.443535773,0.556464227,0.556464227,0,3.913380159,0,[],no,
184,228,295,Berkeley_11062018_CityCouncilDistrict8.csv,0.824524525,0.655055055,0.669159954,0.88188618,3,4,LOCAL,NO,R,LORI DROSTE,LORI DROSTE,LORI DROSTE,LORI DROSTE,LORI DROSTE,0.411529303,0.443535773,0.032006471,0.032006471,0,2.777473498,0,[],no,
185,119,510,SanFrancisco_11022010_BoardofSupervisorsDistrict10.csv,0.7036,0.7027,0.670471014,0.79812181,3,21,LOCAL,NO,B,MALIA COHEN,MALIA COHEN,LYNETTE SWEET,MALIA COHEN,DIANE WESLEY SMITH,0.438004407,0.443535773,0.156484003,0.156484003,0.050306424,3.607508454,0,['Plurality'],no,
186,329,305,Minneapolis_11022021_CityCouncilWard7.csv,0.8712,0.7551,0.673739237,0.94974571,3,4,LOCAL,NO,R,Lisa Goodman,Lisa Goodman,Lisa Goodman,Lisa Goodman,Nick Kor,0.31446551,0.443535773,0.179926868,0.179926868,0,3.632047107,0,[],no,
187,348,197,Bloomington_11072023_SpecialCityCouncilAtLarge.csv,0.8781,0.5717,0.674398988,0.969042328,3,3,LOCAL,NO,R,Chao Moua,Chao Moua,Chao Moua,Chao Moua,Chao Moua,0.64731571,0.443535773,0.203779937,0.203779937,,4.942794334,,,,
191,273,190,Berkeley_11052024_CityCouncilD5.csv,0.8813,0.5767,0.675424414,0.907328332,5,3,LOCAL,NO,R,SHOSHANA O'KEEFE,SHOSHANA O'KEEFE,SHOSHANA O'KEEFE,SHOSHANA O'KEEFE,TODD ANDREW,0.338932654,0.443535773,0.443535773,0.443535773,,4.959642864,,,,
192,305,213,Minneapolis_11022021_ParkBoardDistrict3.csv,0.889389389,0.604504505,0.676361386,0.93116611,3,3,LOCAL,NO,B,Becky Alper,Becky Alper,Becky Alper,Becky Alper,AK Hassan,0.524633937,0.443535773,0.556464227,0.556464227,0,4.259614643,0,[],no,
193,149,423,SanFrancisco_11022004_BoardofSupervisorsDistrict9.csv,0.768268268,0.714214214,0.676877287,0.82237238,3,6,LOCAL,NO,B,Tom Ammiano,Tom Ammiano,Tom Ammiano,Tom Ammiano,Steve Zeltzer,0.533378481,0.443535773,0.155909944,0.155909944,0,3.908560471,0,[],no,
194,224,470,SanFrancisco_11072006_BoardofSupervisorsDistrict6.csv,0.758141858,0.700699301,0.678461538,0.88044143,3,8,LOCAL,NO,B,Chris Daly,Chris Daly,Chris Daly,Chris Daly,Davy Jones,0.400415742,0.443535773,0.29161122,0.29161122,0,4.761022833,0,[],no,
195,186,337,Oakland_11042014_SchoolDirectorDistrict4.csv,0.8061,0.6932,0.680838535,0.85415119,3,4,LOCAL,NO,B,NINA SENN,NINA SENN,NINA SENN,NINA SENN,SALEEM SHAKIR-GILMORE,0.450164937,0.443535773,0.443535773,0.443535773,0.25477189,3.511587905,0,"['IRV', 'Condorcet', 'Plurality', 'Approval']",yes,
196,96,482,Oakland_11022010_Mayor.csv,0.711311311,0.673673674,0.680997279,0.76874489,3,10,LOCAL,NO,E,JEAN QUAN,JEAN QUAN,DON PERATA,JEAN QUAN,TERENCE CANDELL,0.402022743,0.443535773,0.278934504,0.278934504,0.06962052,3.902977615,0,[],no,
197,355,210,Minneapolis_11022021_CityCouncilWard12.csv,0.9346,0.5148,0.681889764,0.97845954,3,3,LOCAL,NO,R,Andrew Johnson,Andrew Johnson,Andrew Johnson,Andrew Johnson,Andrew Johnson,0.515339298,0.443535773,0.071803525,0.071803525,0,3.52635817,0,[],no,
201,155,261,SanFrancisco_11062018_BoardofSupervisorsDistrict6.csv,0.8815,0.6039,0.684661774,0.82887787,3,3,LOCAL,NO,B,MATT HANEY,MATT HANEY,MATT HANEY,MATT HANEY,CHRISTINE JOHNSON,0.558491312,0.443535773,0.443535773,0.443535773,0,4.173901843,0,['Approval'],no,
202,234,493,Minneapolis_08112020_Ward6CityCouncilSpecialElection.csv,0.73966034,0.702097902,0.684693543,0.88471991,3,12,LOCAL,NO,R,Jamal Osman,Jamal Osman,Jamal Osman,Jamal Osman,Nebiha Mohammed,0.455938951,0.443535773,0.023172412,0.023172412,0.081753582,2.32953438,0,[],no,
203,176,502,SanFrancisco_11022010_BoardofSupervisorsDistrict6.csv,0.709181637,0.693712575,0.685110743,0.84653467,3,14,LOCAL,NO,B,JANE KIM,JANE KIM,JANE KIM,JANE KIM,GEORGE DAVIS,0.448769523,0.443535773,0.067141657,0.067141657,0,2.942948098,0,[],no,
205,65,269,SantaFe_03062018_CityCouncilDistrict4.csv,0.871228771,0.639260739,0.685523644,0.71303284,3,3,LOCAL,NO,R,JoAnne Vigil Coppler,JoAnne Vigil Coppler,JoAnne Vigil Coppler,JoAnne Vigil Coppler,Eric John Holmes,0.490610803,0.443535773,0.556464227,0.556464227,0.50938922,3.511543846,0,"['IRV', 'Condorcet', 'Approval']",yes,
207,142,391,Oakland_11082016_CouncilAtLrg.csv,0.7906,0.7222,0.686262872,0.81871897,3,5,LOCAL,NO,R,REBECCA KAPLAN,REBECCA KAPLAN,REBECCA KAPLAN,REBECCA KAPLAN,FRANCIS ''MATT'' HUMMEL,0.445815523,0.443535773,0.245440011,0.245440011,0,3.586728638,0,[],no,
208,184,358,SanLeandro_11042014_CountyCouncilDistrict1.csv,0.8267,0.6658,0.686609377,0.8538695,3,4,LOCAL,NO,R,DEBORAH COX,DEBORAH COX,DEBORAH COX,DEBORAH COX,DEBORAH COX,0.371303863,0.443535773,0.07223191,0.07223191,0,3.143775571,0,[],no,
209,231,354,SanFrancisco_11082011_Sheriff.csv,0.8296,0.6823,0.688481369,0.88416076,3,4,LOCAL,NO,O,ROSS MIRKARIMI,ROSS MIRKARIMI,ROSS MIRKARIMI,ROSS MIRKARIMI,PAUL MIYAMOTO,0.508994963,0.443535773,0.556464227,0.556464227,0.31141996,3.312434516,0,"['IRV', 'Condorcet', 'Approval']",yes,
210,94,511,SanFrancisco_11022004_BoardofSupervisorsDistrict5.csv,0.728215354,0.70109671,0.688617915,0.76578653,3,22,LOCAL,NO,B,Ross Mirkarimi,Ross Mirkarimi,Ross Mirkarimi,Ross Mirkarimi,Rob Anderson,0.438540892,0.443535773,0.050781517,0.050781517,0.01168191,3.51264515,0,[],no,
211,124,293,Berkeley_11042014_CityCouncilDistrict8.csv,0.803096903,0.659240759,0.689786059,0.80145758,3,4,LOCAL,NO,R,LORI DROSTE,LORI DROSTE,LORI DROSTE,LORI DROSTE,GEORGE BEIER,0.352333361,0.443535773,0.207566907,0.207566907,0.29876933,3.55465443,0,[],no,
212,277,289,Berkeley_11022010_CityCouncilDistrict1.csv,0.8775,0.754,0.690258752,0.90872318,3,4,LOCAL,NO,R,LINDA MAIO,LINDA MAIO,LINDA MAIO,LINDA MAIO,JASPER KINGETER,0.444954851,0.443535773,0.15191054,0.15191054,0,4.213677828,0,[],no,
213,208,208,Maine_07142020_RepublicanCandidateforUSHouseofRepresentativesDistrict2.csv,0.8905,0.6112,0.69056457,0.86415285,3,3,FEDERAL,NO,R,"Crafts, Dale John","Crafts, Dale John","Crafts, Dale John","Crafts, Dale John","Crafts, Dale John",0.491142397,0.443535773,0.047606623,0.047606623,0,2.884512901,,[],no,
214,107,475,SanFrancisco_11042008_BoardofSupervisorsDistrict11.csv,0.7702,0.7268,0.691797896,0.78004187,3,9,LOCAL,NO,B,JOHN AVALOS,JOHN AVALOS,JOHN AVALOS,JOHN AVALOS,MYRNA LIM,0.124112366,0.443535773,0.443018584,0.443018584,0.000195303,7.272110938,0,"['IRV', 'Condorcet', 'Approval']",yes,
216,190,431,Berkeley_11062012_Mayor.csv,0.791391391,0.725425425,0.692975101,0.85551387,3,7,LOCAL,NO,E,TOM BATES,TOM BATES,TOM BATES,TOM BATES,KAHLIL ''DA MAYOR'' JACOBS-FANTAUZZI,0.775323005,0.443535773,0.525774115,0.525774115,0,7.87622836,0,[],no,
217,157,401,SanFrancisco_11082016_BoardofSupervisorsDistrict7.csv,0.7809,0.7237,0.693643972,0.83278167,3,5,LOCAL,NO,B,NORMAN YEE,NORMAN YEE,NORMAN YEE,NORMAN YEE,BEN MATRANGA,0.431095948,0.443535773,0.234434893,0.234434893,0.24687472,3.586472177,0,[],no,
218,333,368,Minneapolis_11022021_CityCouncilWard13.csv,0.813813814,0.723323323,0.694729136,0.95272529,3,5,LOCAL,NO,R,Linea Palmisano,Linea Palmisano,Linea Palmisano,Linea Palmisano,Bob Reuer,0.509748063,0.443535773,0.264080451,0.264080451,0,4.774712204,0,[],no,
219,167,390,Oakland_11062018_CityCouncilDistrict6.csv,0.7787,0.682,0.695945362,0.84193766,3,5,LOCAL,NO,R,LOREN TAYLOR,LOREN TAYLOR,LOREN TAYLOR,LOREN TAYLOR,MYA WHITAKER,0.434474936,0.443535773,0.112612297,0.112612297,0,3.543402452,0,[],no,
220,114,468,SanFrancisco_11062012_BoardofSupervisorsDistrict5.csv,0.769,0.7138,0.696628738,0.79234958,3,8,LOCAL,NO,B,LONDON BREED,LONDON BREED,LONDON BREED,LONDON BREED,LONDON BREED,0.448693525,0.443535773,0.005157752,0.005157752,0.049390841,2.544660493,0,[],no,
221,137,474,SanFrancisco_11042008_BoardofSupervisorsDistrict1.csv,0.748848849,0.696696697,0.696717383,0.81319368,3,9,LOCAL,NO,B,ERIC MAR,ERIC MAR,ERIC MAR,SUE LEE,FIDEL CHRYS GAKUBA,0.497863833,0.443535773,0.536060241,0.536060241,0.18077543,5.10726714,0,"['IRV', 'Condorcet']",no,
222,177,297,Boulder_11072023_Mayor.csv,0.612412412,0.462862863,0.697136631,0.848168493,4,4,LOCAL,NO,E,Brockett,Brockett,Yates,Brockett,Yates,0.508245735,0.443535773,0.382993335,0.382993335,,3.350145905,,,,
223,140,448,SanFrancisco_11052004_BoardofSupervisorsDistrict1.csv,0.776076076,0.724624625,0.697230614,0.816966,3,7,LOCAL,NO,B,Jake McGoldrick,Jake McGoldrick,Jake McGoldrick,Jake McGoldrick,David Heller,0.565555455,0.443535773,0.254870608,0.254870608,0,4.562215311,0,[],no,
225,319,326,Minneapolis_11072023_CityCouncilWard6.csv,0.8314,0.7019,0.698698699,0.941858219,3,4,LOCAL,NO,R,Jamal Osman,Jamal Osman,Jamal Osman,Jamal Osman,Guy T Gaskin,0,0.443535773,0.513979672,0.513979672,,9.08436756,,,,
227,191,344,SanFrancisco_11022010_BoardofSupervisorsDistrict8.csv,0.8287,0.6891,0.701161,0.85572112,3,4,LOCAL,NO,B,SCOTT WIENER,SCOTT WIENER,SCOTT WIENER,SCOTT WIENER,REBECCA PROZAN,0.508715592,0.443535773,0.22606993,0.22606993,0,3.387211739,0,[],no,
230,172,427,SanFrancisco_11062018_BoardofSupervisorsDistrict10.csv,0.744755245,0.659440559,0.704092012,0.84537321,3,6,LOCAL,NO,B,SHAMANN WALTON,SHAMANN WALTON,SHAMANN WALTON,SHAMANN WALTON,TONY KELLY,0.495500777,0.443535773,0.250519949,0.250519949,0,3.091669905,0,[],no,
231,138,400,SanFrancisco_11082016_BoardofSupervisorsDistrict11.csv,0.7732,0.6725,0.704235912,0.8141343,3,5,LOCAL,NO,B,AHSHA SAFAI,AHSHA SAFAI,AHSHA SAFAI,KIM ALVARENGA,MAGDALENA DE GUZMAN,0.483953868,0.443535773,0.443535773,0.443535773,0.21164581,3.881416784,0,"['IRV', 'Condorcet']",yes,
232,225,372,Minneapolis_11062009_Ward1CityCouncil.csv,0.776823177,0.631468531,0.704768583,0.88054436,3,5,LOCAL,NO,R,Kevin Reich,Kevin Reich,Kevin Reich,Kevin Reich,Thomas Alessi,0.329817539,0.443535773,0.204698376,0.204698376,0,3.593402438,0,[],no,
233,171,307,Minneapolis_11052013_Ward5CityCouncil.csv,0.8281,0.6827,0.704883227,0.84450173,3,4,LOCAL,NO,R,BLONG YANG,BLONG YANG,BLONG YANG,BLONG YANG,BRETT BUCKNER,0.409661994,0.443535773,0.198696902,0.198696902,0,4.061637962,0,[],no,
234,185,259,SanFrancisco_11042008_BoardofSupervisorsDistrict5.csv,0.8811,0.5284,0.705205262,0.85405087,3,3,LOCAL,NO,B,ROSS MIRKARIMI,ROSS MIRKARIMI,ROSS MIRKARIMI,ROSS MIRKARIMI,OWEN P. O''DONNELL,0.523647653,0.443535773,0.443535773,0.443535773,0,4.571305168,0,[],no,
235,168,296,Berkeley_11082016_CityCouncilDistrict3.csv,0.8536,0.7126,0.706251635,0.84234172,3,4,LOCAL,NO,R,BEN BARTLETT,BEN BARTLETT,BEN BARTLETT,BEN BARTLETT,BEN BARTLETT,0.511485152,0.443535773,0.067949378,0.067949378,0,2.910951005,0,[],no,
236,245,328,Minnetonka_11072023_CityCouncilWard1.csv,0.8665,0.7572,0.706927176,0.890764647,3,4,LOCAL,NO,R,Patsy Foster-Bolton,Patsy Foster-Bolton,Patsy Foster-Bolton,Patsy Foster-Bolton,Reed Gilkey,0,0.443535773,0.556464227,0.556464227,,7.427715079,,,,
237,130,418,Oakland_11062012_CityCouncilDistrict3.csv,0.758558559,0.67997998,0.707477459,0.80553412,3,6,LOCAL,NO,R,LYNETTE GIBSON-MCELHANEY,LYNETTE GIBSON-MCELHANEY,SEAN SULLIVAN,LYNETTE GIBSON-MCELHANEY,LYNETTE GIBSON-MCELHANEY,0.45987322,0.443535773,0.016337447,0.016337447,0,2.898351667,0,['Plurality'],no,
238,117,513,Minneapolis_11052013_Mayor.csv,0.704513541,0.714643932,0.70780542,0.79750055,3,35,LOCAL,NO,E,BETSY HODGES,BETSY HODGES,BETSY HODGES,BETSY HODGES,JAMES EVERETT,0.498673919,0.443535773,0.056263728,0.056263728,5.31E-05,2.959695132,0,[],no,
241,180,406,Minneapolis_11062009_Ward6CityCouncil.csv,0.776523477,0.717982018,0.71069869,0.85217839,3,6,LOCAL,NO,R,Robert Lilligren,Robert Lilligren,Robert Lilligren,Robert Lilligren,Robert Lilligren,0.476890801,0.443535773,0.033355028,0.033355028,0,2.809559466,0,[],no,
242,262,458,Minneapolis_11022021_CityCouncilWard9.csv,0.7441,0.7059,0.711166049,0.89817584,3,8,LOCAL,NO,R,Jason Chavez,Jason Chavez,Jason Chavez,Jason Chavez,Jason Chavez,0.459043138,0.443535773,0.015507365,0.015507365,0,3.401340764,0,[],no,
243,132,447,SanFrancisco_11042008_BoardofSupervisorsDistrict9.csv,0.7678,0.7117,0.711502973,0.80688435,3,7,LOCAL,NO,B,DAVID CAMPOS,DAVID CAMPOS,DAVID CAMPOS,DAVID CAMPOS,EVA ROYALE,0.425606569,0.443535773,0.122487187,0.122487187,0,4.115744753,0,[],no,
244,194,428,SanFrancisco_11072006_BoardofSupervisorsDistrict4.csv,0.7707,0.7104,0.712607357,0.85695541,3,6,LOCAL,NO,B,Ed Jew,Ed Jew,Ed Jew,Ed Jew,Doug Chan,0.471304695,0.443535773,0.116564617,0.116564617,0.1263085,2.974002504,0,[],no,
246,113,500,SanFrancisco_11022004_BoardofSupervisorsDistrict7.csv,0.723123123,0.686286286,0.714091834,0.78712982,3,13,LOCAL,NO,B,Sean R. Elsbernd,Sean R. Elsbernd,Sean R. Elsbernd,Sean R. Elsbernd,Christine Linnenbach,0.487229578,0.443535773,0.131077254,0.131077254,0,3.195764257,0,[],no,
247,327,246,Oakland_11062018_CityCouncilDistrict2.csv,0.8762,0.5309,0.716119157,0.9486838,3,3,LOCAL,NO,R,NIKKI FORTUNATO BAS,NIKKI FORTUNATO BAS,NIKKI FORTUNATO BAS,NIKKI FORTUNATO BAS,NIKKI FORTUNATO BAS,0.400752188,0.443535773,0.042783585,0.042783585,0,2.966424595,0,[],no,
248,229,195,Berkeley_11082016_CityCouncilDistrict6.csv,0.8856,0.5598,0.717412295,0.88238448,3,3,LOCAL,NO,R,SUSAN WENGRAF,SUSAN WENGRAF,SUSAN WENGRAF,SUSAN WENGRAF,FRED DODSWORTH,0.476339512,0.443535773,0.556464227,0.556464227,0,3.867147039,0,[],no,
249,276,219,Minneapolis_11072017_PRBoardDistrict1.csv,0.8773,0.6012,0.71800102,0.90780044,3,3,LOCAL,NO,B,Chris Meyer,Chris Meyer,Chris Meyer,Chris Meyer,Chris Meyer,0.582171389,0.443535773,0.138635616,0.138635616,0,3.370196276,0,[],no,
251,189,315,Minneapolis_11072017_Ward10CityCouncil.csv,0.849,0.7173,0.719046398,0.85546619,3,4,LOCAL,NO,R,Lisa Bender,Lisa Bender,Lisa Bender,Lisa Bender,David Schorn,0.601983062,0.443535773,0.556464227,0.556464227,0,6.005066096,0,[],no,
252,136,442,Oakland_11062012_CityCouncilDistrict1.csv,0.7695,0.7061,0.719328194,0.8123908,3,7,LOCAL,NO,R,DAN KALB,DAN KALB,DAN KALB,DAN KALB,AMY LEMLEY,0.45670722,0.443535773,0.138332226,0.138332226,0.12516078,2.510361259,0,"['IRV', 'Condorcet', 'Approval']",yes,
253,210,323,Minneapolis_11072023_CityCouncilWard10.csv,0.872027972,0.751148851,0.72024136,0.864573422,3,4,LOCAL,NO,R,Aisha Chughtai,Aisha Chughtai,Aisha Chughtai,Aisha Chughtai,Nasri Warsame,0.51003341,0.443535773,0.443535773,0.443535773,,3.729403441,,,,
254,199,294,Berkeley_11062018_CityCouncilDistrict1.csv,0.8624,0.7534,0.72057596,0.85960466,3,4,LOCAL,NO,R,RASHI KESARWANI,RASHI KESARWANI,RASHI KESARWANI,RASHI KESARWANI,MARGO SCHUELER,0.416094721,0.443535773,0.193797579,0.193797579,0,4.237668368,0,[],no,
255,156,434,Minneapolis_11022021_ParkBoardAtLarge.csv,0.757842158,0.694605395,0.720719201,0.83058834,3,7,LOCAL,NO,B,Meg Forney,Meg Forney,Meg Forney,Meg Forney,Charles Rucker,0.457265735,0.443535773,0.302357446,0.302357446,0.20878974,3.663336819,0,[],no,
256,146,469,SanFrancisco_11062018_BoardofSupervisorsDistrict4.csv,0.7734,0.73,0.721630491,0.82062167,3,8,LOCAL,NO,B,GORDON MAR,GORDON MAR,GORDON MAR,GORDON MAR,ARTHUR TOM,0.427025064,0.443535773,0.104569297,0.104569297,0,2.600712851,0,[],no,
257,178,441,Oakland_11022010_CityCouncilDistrict4.csv,0.7643,0.7085,0.722305389,0.84913939,3,7,LOCAL,NO,R,LIBBY SCHAAF,LIBBY SCHAAF,LIBBY SCHAAF,LIBBY SCHAAF,LIBBY SCHAAF,0.453556283,0.443535773,0.010020509,0.010020509,0,2.674188839,0,[],no,
258,296,353,SanFrancisco_11082005_Treasurer.csv,0.874525475,0.747452547,0.723417776,0.92344654,3,4,LOCAL,NO,O,Jose Cisneros,Jose Cisneros,Jose Cisneros,Jose Cisneros,Calvin Louie,0.349454055,0.443535773,0.112422224,0.112422224,0,2.90710447,0,[],no,
259,193,351,SanFrancisco_11062018_BoardofSupervisorsDistrict2.csv,0.8107,0.6651,0.724864278,0.85667419,3,4,LOCAL,NO,B,CATHERINE STEFANI,CATHERINE STEFANI,CATHERINE STEFANI,CATHERINE STEFANI,SCHUYLER HUDAK,0.519213729,0.443535773,0.242132442,0.242132442,0,3.893991262,0,[],no,
260,309,490,Minneapolis_11062009_Mayor.csv,0.735335335,0.732632633,0.725178199,0.93491048,3,11,LOCAL,NO,E,R.T. Rybak,R.T. Rybak,R.T. Rybak,R.T. Rybak,Joey Lombard,0.320754524,0.443535773,0.303338981,0.303338981,0,8.259803593,0,[],no,
261,200,222,Minneapolis_11072017_Ward11CityCouncil.csv,0.8731,0.651,0.725220383,0.86008322,3,3,LOCAL,NO,R,Jeremy Schroeder,Jeremy Schroeder,Jeremy Schroeder,Jeremy Schroeder,Jeremy Schroeder,0.451139316,0.443535773,0.007603543,0.007603543,0,3.646675615,0,[],no,
262,192,274,TakomaPark_11082022_CityCouncilWard5.csv,0.863,0.5944,0.725490196,0.85626286,4,3,LOCAL,NO,R,Cara Honzak,Cara Honzak,Cara Honzak,Cara Honzak,A. J. Campbell,0.542703245,0.443535773,0.556464227,0.556464227,0.45729676,3.213260716,0,['Approval'],no,
263,268,457,Berkeley_11082016_Mayor.csv,0.774,0.7157,0.72636151,0.90315616,3,8,LOCAL,NO,E,JESSE ARREGUÍN,JESSE ARREGUÍN,JESSE ARREGUÍN,JESSE ARREGUÍN,BEN GOULD,0.480584617,0.443535773,0.173034438,0.173034438,0,3.498237164,0,[],no,
264,247,306,Minneapolis_11022021_ParkBoardDistrict6.csv,0.802602603,0.676476476,0.729194188,0.89107335,3,4,LOCAL,NO,B,Cathy Abene,Cathy Abene,Risa Hustad,Cathy Abene,Barb Schlaefer,0.429824916,0.443535773,0.159497302,0.159497302,0,3.54363271,0,['Plurality'],no,
266,209,194,Berkeley_11082016_CityCouncilDistrict2.csv,0.868668669,0.657757758,0.729910714,0.86450166,3,3,LOCAL,NO,R,CHERYL DAVILA,CHERYL DAVILA,DARRYL MOORE,CHERYL DAVILA,CHERYL DAVILA,0.55650634,0.443535773,0.112970567,0.112970567,0,3.989199618,0,['Plurality'],no,
267,241,276,Westbrook_11052024_Mayor.csv,0.8865,0.6152,0.730561971,0.890167364,3,3,LOCAL,NO,E,"Morse, David","Morse, David","Morse, David","Morse, David","Adams, Lynda",0.67054281,0.443535773,0.556464227,0.556464227,,4.309059893,,,,
268,95,506,SanFrancisco_11082011_Mayor.csv,0.706706707,0.705605606,0.731372175,0.76776606,3,16,LOCAL,NO,E,ED LEE,ED LEE,ED LEE,ED LEE,CESAR ASCARRUNZ,0.472382495,0.443535773,0.241715034,0.241715034,0.011017184,5.293791046,0,[],no,
269,265,497,SanFrancisco_11062007_Mayor.csv,0.74025974,0.728071928,0.731804957,0.89966899,3,12,LOCAL,NO,E,Gavin Newsom,Gavin Newsom,Gavin Newsom,Gavin Newsom,Ahimsa Porter Sumchai,0.430052273,0.443535773,0.101574022,0.101574022,0,3.71978953,0,[],no,
270,339,308,Minneapolis_11062009_PRBoardDistrict6.csv,0.8151,0.6655,0.731963688,0.95493329,3,4,LOCAL,NO,B,Brad Bourn,Brad Bourn,Brad Bourn,Brad Bourn,Brad Bourn,0.373535975,0.443535773,0.069999798,0.069999798,0,2.454823743,0,[],no,
272,160,343,SanFrancisco_11022004_BoardofSupervisorsDistrict3.csv,0.8553,0.7225,0.734106583,0.83628643,3,4,LOCAL,NO,B,Arron Peskin,Arron Peskin,Arron Peskin,Arron Peskin,Brian Murphy 0'flynn,0.397551823,0.443535773,0.556464227,0.556464227,0,4.236207399,0,[],no,
273,123,275,Vineyard_11022021_Mayor.csv,0.8952,0.5336,0.734375,0.80091089,3,3,LOCAL,NO,E,JULIE FULLMER,JULIE FULLMER,JULIE FULLMER,JULIE FULLMER,MARC BRIMHALL,0.523944079,0.443535773,0.443535773,0.443535773,0,4.913127446,0,[],no,
274,134,476,SanFrancisco_11042008_BoardofSupervisorsDistrict3.csv,0.751448551,0.707492507,0.734806046,0.81135118,3,9,LOCAL,NO,B,DAVID CHIU,DAVID CHIU,DAVID CHIU,DAVID CHIU,TONY GANTNER,0.409995375,0.443535773,0.268664055,0.268664055,0,2.807890924,0,[],no,
275,206,290,Berkeley_11022010_CityCouncilDistrict4.csv,0.8508,0.6131,0.735067046,0.86288118,3,4,LOCAL,NO,R,JESSE ARREGUIN,JESSE ARREGUIN,JESSE ARREGUIN,JESSE ARREGUIN,BERNT RAINER WAHL,0.391853136,0.443535773,0.556464227,0.556464227,0,3.713023423,0,[],no,
276,126,395,SanFrancisco_11022004_BoardofSupervisorsDistrict2.csv,0.7653,0.6346,0.735419855,0.80326492,3,5,LOCAL,NO,B,Michela Alioto-pier,Michela Alioto-pier,Michela Alioto-pier,Michela Alioto-pier,Jay R. Shah,0.373621633,0.443535773,0.556464227,0.556464227,0,3.843529611,0,[],no,
277,101,467,SanFrancisco_11022004_BoardofSupervisorsDistrict11.csv,0.7524,0.7059,0.735590119,0.77463758,3,8,LOCAL,NO,B,Gerardo Sandoval,Gerardo Sandoval,Gerardo Sandoval,Gerardo Sandoval,Myrna Viray Lim,0.42143233,0.443535773,0.159447185,0.159447185,0.036101814,3.519689404,0,[],no,
278,112,508,Minneapolis_11072017_Mayor.csv,,0.7042,0.735806813,0.784172,3,18,LOCAL,NO,E,Jacob Frey,Jacob Frey,Jacob Frey,Jacob Frey,Nekima Levy-Pounds,0.454730216,0.443535773,0.041406001,0.041406001,1.21E-05,2.907962933,0,[],no,
279,129,443,Oakland_11062018_CityCouncilDistrict4.csv,0.7424,0.6873,0.736373749,0.80497748,3,7,LOCAL,NO,R,SHENG THAO,SHENG THAO,SHENG THAO,SHENG THAO,PAM HARRIS,0.441411066,0.443535773,0.104730514,0.104730514,0,3.668548114,0,"['IRV', 'Condorcet', 'Approval']",no,
280,321,309,Minneapolis_11062009_Ward10CityCouncil.csv,0.848951049,0.688311688,0.737394958,0.94404334,3,4,LOCAL,NO,R,Meg Tuthill,Meg Tuthill,Meg Tuthill,Meg Tuthill,Meg Tuthill,0.365904051,0.443535773,0.077631722,0.077631722,0,3.520852025,0,[],no,
282,286,371,Minneapolis_11062009_PRBoardDistrict5.csv,0.805005005,0.712312312,0.739078156,0.91581374,3,5,LOCAL,NO,B,Carol Kummer,Carol Kummer,Carol Kummer,Carol Kummer,Carol Kummer,0.389895314,0.443535773,0.053640459,0.053640459,0.15928569,3.599632086,0,['Plurality'],no,
283,332,220,Minneapolis_11072017_PRBoardDistrict3.csv,0.8823,0.5717,0.743456732,0.95242339,3,3,LOCAL,NO,B,AK Hassan,AK Hassan,AK Hassan,AK Hassan,AK Hassan,0.584183378,0.443535773,0.140647604,0.140647604,0,3.284925243,0,[],no,
285,293,304,Minneapolis_11022021_CityCouncilWard3.csv,0.8124,0.6911,0.746921034,0.92129767,3,4,LOCAL,NO,R,Michael Rainville,Michael Rainville,Michael Rainville,Michael Rainville,Merv Moorhead,0.493182671,0.443535773,0.090972897,0.090972897,0,3.597978886,0,[],no,
286,220,247,Oakland_11082016_CityCouncilDistrict7.csv,0.8811,0.6156,0.748419389,0.87876093,3,3,LOCAL,NO,R,LARRY E. REID,LARRY E. REID,LARRY E. REID,LARRY E. REID,MARCIE HODGE,0.5204152,0.443535773,0.556464227,0.556464227,0,3.94931853,0,[],no,
288,181,239,Oakland_11032020_MemberCityCouncilDist5OaklandRCV.csv,0.8761,0.593,0.752041785,0.85295111,5,3,LOCAL,NO,R,NOEL GALLO,NOEL GALLO,NOEL GALLO,NOEL GALLO,RICHARD SANTOS RAYA,0.552745312,0.443535773,0.443535773,0.443535773,0.55274528,3.905341536,0,"['IRV', 'Condorcet', 'Approval']",yes,
289,240,373,Minneapolis_11062009_Ward5CityCouncil.csv,0.8182,0.7069,0.753099174,0.88960737,3,5,LOCAL,NO,R,Don Samuels,Don Samuels,Don Samuels,Don Samuels,Don Samuels,0.433004222,0.443535773,0.010531551,0.010531551,0,2.500379959,0,[],no,
290,127,466,SanFrancisco_06052018_Mayor.csv,0.779320679,0.729470529,0.753821915,0.80451715,3,8,LOCAL,NO,E,LONDON BREED,LONDON BREED,LONDON BREED,MARK LENO,JANE KIM,0.453149477,0.443535773,0.062217827,0.062217827,0,2.923129719,0,"['IRV', 'Condorcet', 'Approval']",no,
291,230,507,Minneapolis_11022021_Mayor.csv,0.725651303,0.722845691,0.754452387,0.88374454,3,18,LOCAL,NO,E,Jacob Frey,Jacob Frey,Jacob Frey,Jacob Frey,"Christopher Robin ""CRZ"" Zimmerman",0,0.443535773,0.556194025,0.556194025,0.00010223,6.765612407,0,[],no,
292,214,238,Oakland_11032020_MemberCityCouncilDist1OaklandRCV.csv,0.9013,0.57,0.754749568,0.86912441,5,3,LOCAL,NO,R,DAN KALB,DAN KALB,DAN KALB,DAN KALB,STEPH DOMINGUEZ WALTON,0.502081011,0.443535773,0.443535773,0.443535773,0.50208104,3.680380121,0,[],no,
294,131,200,Corvallis_11082022_Mayor.csv,0.8788,0.66,0.761272575,0.80626065,3,3,LOCAL,NO,E,Charles Maughan,Charles Maughan,Charles Maughan,Andrew Struthers,Andrew Struthers,0.474444783,0.443535773,0.443535773,0.443535773,0.47444478,3.612971399,0,"['IRV', 'Condorcet', 'Plurality']",yes,
295,289,376,Minnetonka_11022021_CityCouncilAtLargeSeatB.csv,0.7929,0.7027,0.76287681,0.91912633,3,5,LOCAL,NO,R,Kimberly Wilburn,Kimberly Wilburn,Kimberly Wilburn,Kimberly Wilburn,Stacy Cranbrook,0.41452324,0.443535773,0.313117204,0.313117204,0,3.872436576,0,[],no,
296,83,429,SanLeandro_11022010_Mayor.csv,0.7894,0.7298,0.76785183,0.74659306,3,6,LOCAL,NO,E,STEPHEN H. CASSIDY,STEPHEN H. CASSIDY,ANTHONY B. ''TONY'' SANTOS,STEPHEN H. CASSIDY,JOYCE RUTLEDGE STAROSCIAK,0.496362638,0.443535773,0.054420841,0.054420841,0.001593976,3.382200824,0,"['IRV', 'Condorcet', 'Approval']",yes,
297,270,186,Berkeley_11032020_MemberCityCouncilDist3BerkeleyRCV.csv,0.8904,0.5362,0.769449715,0.90539837,5,3,LOCAL,NO,R,BEN BARTLETT,BEN BARTLETT,BEN BARTLETT,BEN BARTLETT,DEBORAH MATTHEWS,0.591775836,0.443535773,0.556464227,0.556464227,0,3.897255631,0,[],no,
298,205,277,WoodlandHills_11022021_Mayor.csv,0.8666,0.6551,0.770992366,0.86259544,3,3,LOCAL,NO,E,BRENT WINDER,BRENT WINDER,BRENT WINDER,BRENT WINDER,BENJAMIN J HILLYARD,0.588505356,0.443535773,0.556464227,0.556464227,0.41149464,3.968470097,0,"['IRV', 'Condorcet', 'Approval']",yes,
299,169,387,Oakland_11042014_CityCouncilDistrict2.csv,0.8085,0.7265,0.772015404,0.84237289,3,5,LOCAL,NO,R,ABEL GUILLEN,ABEL GUILLEN,ABEL GUILLEN,ABEL GUILLEN,ABEL GUILLEN,0.618915937,0.443535773,0.175380164,0.175380164,0.018092483,3.592691449,0,"['IRV', 'Condorcet', 'Plurality', 'Approval']",yes,
301,331,367,Minneapolis_11022021_CityCouncilWard11.csv,0.826426426,0.756856857,0.774960795,0.95059139,3,5,LOCAL,NO,R,Emily Koski,Emily Koski,Emily Koski,Emily Koski,Dillon Gherna,0.419707356,0.443535773,0.135990524,0.135990524,0,2.650205847,0,[],no,
303,334,313,Minneapolis_11062009_Ward9CityCouncil.csv,0.8646,0.7341,0.777777778,0.95322418,3,4,LOCAL,NO,R,Gary Schiff,Gary Schiff,Gary Schiff,Gary Schiff,Gary Schiff,0.427723768,0.443535773,0.015812006,0.015812006,0,3.354183594,0,[],no,
304,308,314,Minneapolis_11072017_PRBoardDistrict6.csv,0.8075,0.6748,0.779583638,0.93455511,3,4,LOCAL,NO,B,Brad Bourn,Brad Bourn,Brad Bourn,Bob Fine,Jennifer Zielinski,0.458967035,0.443535773,0.556464227,0.556464227,0.30255935,3.494750536,0,"['IRV', 'Condorcet']",yes,
305,244,339,Oakland_11062012_CityCouncilDistrict5.csv,0.8291,0.6646,0.780110301,0.89043522,3,4,LOCAL,NO,R,NOEL GALLO,NOEL GALLO,NOEL GALLO,NOEL GALLO,NOEL GALLO,0.391454269,0.443535773,0.052081504,0.052081504,0,2.940217366,0,[],no,
306,261,244,Oakland_11062012_CityCouncilDistrict7.csv,0.861738262,0.537462537,0.780900488,0.89814013,3,3,LOCAL,NO,R,LARRY E. REID,LARRY E. REID,LARRY E. REID,LARRY E. REID,SHERYL WALTON,0.524579154,0.443535773,0.443535773,0.443535773,0,3.862466485,0,[],no,
308,236,318,Minneapolis_11072017_Ward5CityCouncil.csv,0.8228,0.7025,0.784014369,0.88572109,3,4,LOCAL,NO,R,Jeremiah Ellison,Jeremiah Ellison,Jeremiah Ellison,Jeremiah Ellison,Jeremiah Ellison,0.36736701,0.443535773,0.076168763,0.076168763,0,2.734483175,0,[],no,
309,358,216,Minneapolis_11062009_Ward11CityCouncil.csv,0.8875,0.6007,0.791666667,0.9817363,3,3,LOCAL,NO,R,John Quincy,John Quincy,John Quincy,John Quincy,John Quincy,0.309534309,0.443535773,0.134001464,0.134001464,0,4.422573977,0,[],no,
310,165,399,SanFrancisco_11082011_DistrictAttorney.csv,0.815915916,0.738738739,0.792630983,0.84052145,3,5,LOCAL,NO,O,GEORGE GASCÓN,GEORGE GASCÓN,GEORGE GASCÓN,GEORGE GASCÓN,SHARMIN BOCK,0.415837444,0.443535773,0.443535773,0.443535773,0.19218011,3.592062137,0,['Approval'],no,
311,307,228,Minnetonka_11072023_CityCouncilWard3.csv,0.8755,0.6561,0.793040293,0.932718071,3,3,LOCAL,NO,R,Paula Ramaley,Paula Ramaley,Paula Ramaley,David Haeg,David Haeg,0.650824353,0.443535773,0.556464227,0.556464227,,4.505443919,,,,
312,151,303,Minneapolis_11022021_CityCouncilWard1.csv,0.808691309,0.661338661,0.793583191,0.82543993,3,4,LOCAL,NO,R,Elliott Payne,Elliott Payne,Elliott Payne,Elliott Payne,Kevin Reich,0.568292112,0.443535773,0.556464227,0.556464227,0.29171243,3.306188745,0,['Approval'],no,
313,275,340,Oakland_11082016_SchoolDirectorDistrict5.csv,0.8436,0.7449,0.794181575,0.9077419,3,4,LOCAL,NO,B,ROSIE TORRES,ROSIE TORRES,HUBER TRENADO,ROSIE TORRES,HUBER TRENADO,0.352961821,0.443535773,0.107030337,0.107030337,0,2.9358952,0,['Approval'],no,
314,222,320,Minneapolis_11072017_Ward7CityCouncil.csv,0.820620621,0.68038038,0.794631552,0.87976217,3,4,LOCAL,NO,R,Lisa Goodman,Lisa Goodman,Lisa Goodman,Lisa Goodman,Janne Flisrand,0.440574799,0.443535773,0.122989222,0.122989222,0,4.025248302,0,[],no,
315,249,316,Minneapolis_11072017_Ward3CityCouncil.csv,0.8271,0.6894,0.795054402,0.89175636,3,4,LOCAL,NO,R,Steve Fletcher,Steve Fletcher,Ginger Jentzen,Steve Fletcher,Steve Fletcher,0.287663525,0.443535773,0.155872248,0.155872248,0,3.807145599,0,[],no,
318,173,389,Oakland_11062012_CityCouncilAtLarge.csv,0.803696304,0.716083916,0.79823063,0.84562898,3,5,LOCAL,NO,R,REBECCA KAPLAN,REBECCA KAPLAN,REBECCA KAPLAN,REBECCA KAPLAN,THERESA ANDERSON,0.514527151,0.443535773,0.443535773,0.443535773,0.1916427,4.335296343,0,[],no,
319,207,268,SantaFe_03062018_CityCouncilDistrict2.csv,0.8755,0.5689,0.79953271,0.86289549,3,3,LOCAL,NO,R,Carol Romero-Wirth,Carol Romero-Wirth,Carol Romero-Wirth,Carol Romero-Wirth,Nate Downey,0.566272049,0.443535773,0.556464227,0.556464227,0,3.226476699,0,['Approval'],no,
320,122,405,Minneapolis_11052013_Ward9CityCouncil.csv,0.7654,0.6782,0.800436681,0.80072027,3,6,LOCAL,NO,R,ALONDRA CANO,ALONDRA CANO,ALONDRA CANO,ALONDRA CANO,ABDI ABDULLE,0.469195608,0.443535773,0.21373883,0.21373883,0.13130438,3.425972604,0,[],no,
321,291,250,Oakland_11082022_Schoolboarddistrict6.csv,0.8838,0.5601,0.80098661,0.92019266,5,3,LOCAL,NO,B,VALARIE BACHELOR,VALARIE BACHELOR,VALARIE BACHELOR,VALARIE BACHELOR,VALARIE BACHELOR,0.485073329,0.443535773,0.041537556,0.041537556,0,3.022663388,0,[],no,
323,258,404,Minneapolis_11022021_CityCouncilWard10.csv,0.7815,0.6979,0.801580176,0.89607823,3,6,LOCAL,NO,R,Aisha Chughtai,Aisha Chughtai,Aisha Chughtai,Aisha Chughtai,Katie Jones,0.505809611,0.443535773,0.102367746,0.102367746,0.16464159,3.344097416,0,[],no,
324,211,424,SanFrancisco_11022010_BoardofSupervisorsDistrict2.csv,0.7953,0.7313,0.801809777,0.86494553,3,6,LOCAL,NO,B,MARK FARRELL,MARK FARRELL,JANET REILLY,MARK FARRELL,MARK FARRELL,0.546356552,0.443535773,0.102820779,0.102820779,0.023088945,3.477588746,0,"['IRV', 'Condorcet', 'Approval']",yes,
325,274,327,Minneapolis_11072023_CityCouncilWard8.csv,0.8749,0.7917,0.802593279,0.907398213,3,4,LOCAL,NO,R,Andrea Jenkins,Andrea Jenkins,Soren Stevenson,Andrea Jenkins,Terry White,0.031061276,0.443535773,0.425236151,0.425236151,,8.313673052,,,,
327,253,192,Berkeley_11062018_CityCouncilDistrict4.csv,0.8921,0.5512,0.804311216,0.89405543,3,3,LOCAL,NO,R,KATE HARRISON,KATE HARRISON,KATE HARRISON,KATE HARRISON,BEN GOULD,0.487384137,0.443535773,0.443535773,0.443535773,0,3.538902013,0,['Approval'],no,
328,283,191,Berkeley_11062012_CityCouncilDistrict2.csv,0.868431568,0.558841159,0.805964369,0.91354614,3,3,LOCAL,NO,R,DARRYL MOORE,DARRYL MOORE,DARRYL MOORE,DARRYL MOORE,DENISHA DELANE,0.44996835,0.443535773,0.556464227,0.556464227,0,4.156312468,0,[],no,
329,217,374,Minneapolis_11062009_Ward8CityCouncil.csv,0.8255,0.765,0.809110629,0.87229228,3,5,LOCAL,NO,R,Elizabeth Glidden,Elizabeth Glidden,Elizabeth Glidden,Elizabeth Glidden,Gregory McDonald,0.533229733,0.443535773,0.443535773,0.443535773,0,6.567458243,0,[],no,
330,175,199,Corvallis_11082022_CityCouncilWard9.csv,0.8701,0.6103,0.809402146,0.84599507,3,3,LOCAL,NO,R,Tony Cadena,Tony Cadena,Tony Cadena,Tony Cadena,Tony Cadena,0.497639467,0.443535773,0.054103694,0.054103694,0,3.090500178,0,[],no,
331,281,260,SanFrancisco_11042008_BoardofSupervisorsDistrict7.csv,0.8925,0.5566,0.80942423,0.91195416,3,3,LOCAL,NO,B,SEAN R. ELSBERND,SEAN R. ELSBERND,SEAN R. ELSBERND,SEAN R. ELSBERND,JULIAN P. LAGOS,0.460349835,0.443535773,0.556464227,0.556464227,0,4.936506355,0,[],no,
332,353,196,Bloomington_11072023_CityCouncilDistrict4.csv,0.9002,0.5504,0.815656566,0.976390686,3,3,LOCAL,NO,R,Victor Rivas,Victor Rivas,Victor Rivas,Victor Rivas,Isaak Rooble,0.355012106,0.443535773,0.556464227,0.556464227,,5.254456689,,,,
333,256,361,SanLeandro_11062018_Mayor.csv,0.854654655,0.714614615,0.816166439,0.89574873,3,4,LOCAL,NO,E,PAULINE RUSSO CUTTER,PAULINE RUSSO CUTTER,PAULINE RUSSO CUTTER,PAULINE RUSSO CUTTER,PAULINE RUSSO CUTTER,0.40722196,0.443535773,0.036313813,0.036313813,0,2.749942978,0,[],no,
334,298,254,RedondoBeach_03042025_CityCouncilD1.csv,0.8964,0.5319,0.8173258,0.924395947,6,3,LOCAL,NO,R,BRAD WALLER,BRAD WALLER,BRAD WALLER,BRAD WALLER,BRAD WALLER,0.329663208,0.443535773,0.113872565,0.113872565,,2.666137593,,,,
335,328,262,SanFrancisco_11072006_BoardofSupervisorsDistrict8.csv,0.8658,0.5176,0.818553423,0.94961059,3,3,LOCAL,NO,B,Bevan Dufty,Bevan Dufty,Bevan Dufty,Bevan Dufty,Alix Amelia Rosenthal,0.571418942,0.443535773,0.556464227,0.556464227,0,3.783070357,0,[],no,
336,310,224,Minneapolis_11072017_Ward1CityCouncil.csv,0.8862,0.5528,0.819981998,0.93523616,3,3,LOCAL,NO,R,Kevin Reich,Kevin Reich,Kevin Reich,Kevin Reich,Jillia Pessenda,0.606431508,0.443535773,0.556464227,0.556464227,0.39356849,3.332181176,0,"['IRV', 'Condorcet', 'Plurality', 'Approval']",yes,
337,354,311,Minneapolis_11062009_Ward3CityCouncil.csv,0.868168168,0.734234234,0.820224719,0.97807217,3,4,LOCAL,NO,R,Diane Hofstede,Diane Hofstede,Diane Hofstede,Diane Hofstede,Diane Hofstede,0.457137402,0.443535773,0.013601629,0.013601629,0,2.899554542,0,[],no,
339,232,345,SanFrancisco_11032020_BOARDOFSUPERVISORSDISTRICT11.csv,0.811111111,0.686786787,0.826692179,0.88461047,3,4,LOCAL,NO,B,AHSHA SAFAI,AHSHA SAFAI,AHSHA SAFAI,AHSHA SAFAI,MARCELO COLUSSI,0.390430506,0.443535773,0.255943817,0.255943817,0,5.756380429,0,[],no,
340,304,193,Berkeley_11062018_CityCouncilDistrict7.csv,0.913686314,0.545954046,0.832533013,0.93070364,3,3,LOCAL,NO,R,RIGEL ROBINSON,RIGEL ROBINSON,RIGEL ROBINSON,RIGEL ROBINSON,RIGEL ROBINSON,0.416321243,0.443535773,0.02721453,0.02721453,0,2.638551995,0,[],no,
341,292,375,Minnetonka_11022021_CityCouncilAtLargeSeatA.csv,0.816383616,0.733766234,0.834315503,0.92129415,3,5,LOCAL,NO,R,Deb Calvert,Deb Calvert,Deb Calvert,Deb Calvert,Deb Calvert,0.26948627,0.443535773,0.174049504,0.174049504,0,4.133078965,0,[],no,
342,267,266,SanLeandro_11062012_CountyCouncilDistrict2.csv,0.872227772,0.593606394,0.835898461,0.90278274,3,3,LOCAL,NO,R,URSULA REED,URSULA REED,URSULA REED,MORGAN MACK-ROSE,MORGAN MACK-ROSE,0.455257442,0.443535773,0.443535773,0.443535773,0.45525745,3.131412261,0,"['IRV', 'Condorcet', 'Plurality']",yes,
343,360,319,Minneapolis_11072017_Ward6CityCouncil.csv,0.8186,0.6841,0.838082902,0.98849618,3,4,LOCAL,NO,R,Abdi Warsame,Abdi Warsame,Abdi Warsame,Abdi Warsame,Fadumo Yusuf,0.616501716,0.443535773,0.556464227,0.556464227,0,4.764604328,0,[],no,
344,279,264,SanLeandro_11042014_CountyCouncilDistrict3.csv,0.8963,0.5664,0.842421272,0.90945578,3,3,LOCAL,NO,R,LEE THOMAS,LEE THOMAS,LEE THOMAS,LEE THOMAS,VICTOR AGUILAR,0.445857601,0.443535773,0.443535773,0.443535773,0,3.306883686,0,['Approval'],no,
346,306,241,Oakland_11042014_CityCouncilDistrict4.csv,0.868668669,0.527627628,0.848319594,0.93248659,3,3,LOCAL,NO,R,ANNIE CAMPBELL WASHINGTON,ANNIE CAMPBELL WASHINGTON,ANNIE CAMPBELL WASHINGTON,ANNIE CAMPBELL WASHINGTON,JILL BROADHURST,0.433848153,0.443535773,0.443535773,0.443535773,0,3.545185472,0,[],no,
347,246,270,Springville_11022021_CityCouncil2yr.csv,0.8861,0.5548,0.854276896,0.89083403,3,3,LOCAL,NO,R,CHRIS SORENSEN,CHRIS SORENSEN,CHRIS SORENSEN,CHRIS SORENSEN,CHRIS SORENSEN,0.463860971,0.443535773,0.020325198,0.020325198,0,3.060280502,0,[],no,
348,299,359,SanLeandro_11042014_Mayor.csv,0.827372627,0.70989011,0.856379822,0.92543751,3,4,LOCAL,NO,E,PAULINE RUSSO CUTTER,PAULINE RUSSO CUTTER,PAULINE RUSSO CUTTER,PAULINE RUSSO CUTTER,DAN DILLMAN,0.40670183,0.443535773,0.207376194,0.207376194,0,3.920988544,0,[],no,
349,315,188,Berkeley_11042014_CityCouncilDistrict1.csv,0.913813814,0.519019019,0.857017158,0.93896967,3,3,LOCAL,NO,R,LINDA MAIO,LINDA MAIO,LINDA MAIO,LINDA MAIO,LINDA MAIO,0.609957863,0.443535773,0.16642209,0.16642209,0,2.698742398,0,[],no,
350,323,255,SanFrancisco_06052018_BoardofSupervisorsDistrict8.csv,0.8707,0.5051,0.858356058,0.94536442,3,3,LOCAL,NO,B,RAFAEL MANDELMAN,RAFAEL MANDELMAN,RAFAEL MANDELMAN,RAFAEL MANDELMAN,JEFF SHEEHY,0.392216284,0.443535773,0.443535773,0.443535773,0,3.377851934,0,[],no,
352,337,325,Minneapolis_11072023_CityCouncilWard4.csv,0.866733267,0.632967033,0.865781711,0.953864237,3,4,LOCAL,NO,R,LaTrisha M. Vetaw,LaTrisha M. Vetaw,LaTrisha M. Vetaw,LaTrisha M. Vetaw,Leslie Davis,0.467136451,0.443535773,0.443535773,0.443535773,,5.643995791,,,,
353,266,201,ElkRidge_11022021_Mayor.csv,0.8738,0.5981,0.866597725,0.90145147,3,3,LOCAL,NO,E,ROBERT HADDOCK,ROBERT HADDOCK,ROBERT HADDOCK,ROBERT HADDOCK,ROBERT HADDOCK,0.489229246,0.443535773,0.045693473,0.045693473,0,3.404009466,0,[],no,
355,325,324,Minneapolis_11072023_CityCouncilWard13.csv,0.848951049,0.73966034,0.872366487,0.947941647,3,4,LOCAL,NO,R,Linea Palmisano,Linea Palmisano,Linea Palmisano,Linea Palmisano,Kate Mortenson,0.030251786,0.443535773,0.425993618,0.425993618,,6.338889468,,,,
356,313,240,Oakland_11032020_SchoolDirectorDist1OaklandRCV.csv,0.873273273,0.597397397,0.877943727,0.93672061,5,3,LOCAL,NO,B,SAM DAVIS,SAM DAVIS,SAM DAVIS,SAM DAVIS,SAM DAVIS,0.547232188,0.443535773,0.103696415,0.103696415,0,3.215458096,0,[],no,
358,326,253,Portland_11082022_SchoolBoardDistrict3.csv,0.8992,0.5658,0.883973894,0.94852823,3,3,LOCAL,NO,B,"Opperman, Julianne R.","Opperman, Julianne R.","Opperman, Julianne R.","Opperman, Julianne R.","Opperman, Julianne R.",0.543178729,0.443535773,0.099642956,0.099642956,0,2.99301976,0,[],no,
360,344,248,Oakland_11082022_Schoolboarddistrict2.csv,0.862437562,0.579420579,0.916235016,0.96251905,5,3,LOCAL,NO,B,JENNIFER BROUHARD,JENNIFER BROUHARD,JENNIFER BROUHARD,JENNIFER BROUHARD,JENNIFER BROUHARD,0.43919917,0.443535773,0.004336603,0.004336603,0,2.929904195,0,[],no,
361,46,288,Albany_11082022_FAKECityCouncil.csv,0.6043,,,0.676396295,5,4,LOCAL,NO,R,ROBIN D  LOPEZ,NICK PILCH,JENNIFER HANSEN ROMERO,NICK PILCH,,,,,,,,,,,
373,373,11,SanFrancisco_11052024_Treasurer.csv,1,1,,1,3,1,LOCAL,NO,O,J,JOSÉ CISNEROS,JOSÉ CISNEROS,JOSÉ CISNEROS,,,,,,,,,,,
430,430,68,Berkeley_03072017_CityCouncilDistrict4.csv,1,1,,1,3,2,LOCAL,NO,R,KATE HARRISON,KATE HARRISON,KATE HARRISON,KATE HARRISON,KATE HARRISON,0,0.443535773,0.443535773,0.443535773,0,4.983012492,0,[],no,
431,431,69,Berkeley_11032020_MemberCityCouncilDist6BerkeleyRCV.csv,1,1,,1,5,2,LOCAL,NO,R,SUSAN WENGRAF,SUSAN WENGRAF,SUSAN WENGRAF,SUSAN WENGRAF,SUSAN WENGRAF,0,0.443535773,0.443535773,0.443535773,0,4.986485914,0,[],no,
432,432,70,Berkeley_11042014_CityCouncilDistrict7.csv,1,1,,1,3,2,LOCAL,NO,R,KRISS WORTHINGTON,KRISS WORTHINGTON,KRISS WORTHINGTON,KRISS WORTHINGTON,SEAN BARRY,0,0.443535773,0.556464227,0.556464227,0,4.899401365,0,[],no,
433,433,71,Berkeley_11052024_CityCouncilD2.csv,1,1,,1,5,2,LOCAL,NO,R,TERRY TAPLIN,TERRY TAPLIN,TERRY TAPLIN,TERRY TAPLIN,JENNY GUARINO,0,0.443535773,0.556464227,0.556464227,,4.777674752,,,,
434,434,72,Berkeley_11052024_CityCouncilD6.csv,1,1,,1,5,2,LOCAL,NO,R,BRENT BLACKABY,BRENT BLACKABY,BRENT BLACKABY,BRENT BLACKABY,ANDY KATZ,0,0.443535773,0.556464227,0.556464227,,4.789720093,,,,
435,435,73,Berkeley_11062012_CityCouncilDistrict3.csv,1,1,,1,3,2,LOCAL,NO,R,MAX ANDERSON,MAX ANDERSON,MAX ANDERSON,MAX ANDERSON,MAX ANDERSON,0,0.443535773,0.443535773,0.443535773,0,5.193174535,0,[],no,
436,436,74,Berkeley_11062012_CityCouncilDistrict5.csv,1,1,,1,3,2,LOCAL,NO,R,LAURIE CAPITELLI,LAURIE CAPITELLI,LAURIE CAPITELLI,LAURIE CAPITELLI,SOPHIE HAHN,0,0.443535773,0.556464227,0.556464227,0,5.446748338,0,[],no,
437,437,75,Berkeley_11062012_CityCouncilDistrict6.csv,1,1,,1,3,2,LOCAL,NO,R,SUSAN WENGRAF,SUSAN WENGRAF,SUSAN WENGRAF,SUSAN WENGRAF,PHOEBE SORGEN,0,0.443535773,0.556464227,0.556464227,0,29.26175321,0,[],no,
438,438,76,Berkeley_11062018_CityAuditor.csv,1,1,,1,3,2,LOCAL,NO,O,JENNY WONG,JENNY WONG,JENNY WONG,JENNY WONG,JENNY WONG,0,0.443535773,0.443535773,0.443535773,0,4.251565928,0,[],no,
439,439,77,Berkeley_11082016_CityCouncilDistrict5.csv,1,1,,1,3,2,LOCAL,NO,R,SOPHIE HAHN,SOPHIE HAHN,SOPHIE HAHN,SOPHIE HAHN,STEPHEN MURPHY,0,0.443535773,0.556464227,0.556464227,0,5.329269128,0,[],no,
442,442,80,Minneapolis_11022021_CityCouncilWard6.csv,1,1,,1,3,2,LOCAL,NO,R,Jamal Osman,Jamal Osman,Jamal Osman,Jamal Osman,Jamal Osman,0,0.443535773,0.443535773,0.443535773,0,6.53828704,0,[],no,
443,443,81,Minneapolis_11022021_CityCouncilWard8.csv,1,1,,1,3,2,LOCAL,NO,R,Andrea Jenkins,Andrea Jenkins,Andrea Jenkins,Andrea Jenkins,"Robert ""Bob"" Sullentrop",0,0.443535773,0.556464227,0.556464227,0,12.91855357,0,[],no,
444,444,82,Minneapolis_11022021_ParkBoardDistrict4.csv,1,1,,1,3,2,LOCAL,NO,B,Elizabeth Shaffer,Elizabeth Shaffer,Elizabeth Shaffer,Elizabeth Shaffer,Jono Cowgill,0,0.443535773,0.556464227,0.556464227,0,5.9434709,0,[],no,
445,445,83,Minneapolis_11052013_PRBoardDistrict2.csv,1,1,,1,3,2,LOCAL,NO,B,JON OLSON,JON OLSON,JON OLSON,JON OLSON,JON OLSON,0,0.443535773,0.443535773,0.443535773,0,4.831516218,0,[],no,
446,446,84,Minneapolis_11052013_PRBoardDistrict6.csv,1,1,,1,3,2,LOCAL,NO,B,BRAD BOURN,BRAD BOURN,BRAD BOURN,BRAD BOURN,JOSH NEIMAN,0,0.443535773,0.556464227,0.556464227,0,4.810986462,0,[],no,
447,447,85,Minneapolis_11062009_PRBoardDistrict2.csv,1,1,,1,3,2,LOCAL,NO,B,Jon Olson,Jon Olson,Jon Olson,Jon Olson,Jon Olson,0,0.443535773,0.443535773,0.443535773,0,5.623328659,0,[],no,
448,448,86,Minneapolis_11062009_PRBoardDistrict3.csv,1,1,,1,3,2,LOCAL,NO,B,Scott Vreeland,Scott Vreeland,Scott Vreeland,Scott Vreeland,Mike Wendorf,0,0.443535773,0.556464227,0.556464227,0,6.479562362,0,[],no,
449,449,87,Minneapolis_11062009_Ward2CityCouncil.csv,1,1,,1,3,2,LOCAL,NO,R,Cam Gordon,Cam Gordon,Cam Gordon,Cam Gordon,Allen A. Aigbogun,0,0.443535773,0.556464227,0.556464227,0,8.109397481,0,[],no,
450,450,88,Minneapolis_11072017_PRBoardDistrict2.csv,1,1,,1,3,2,LOCAL,NO,B,Kale Severson,Kale Severson,Kale Severson,Kale Severson,Kale Severson,0,0.443535773,0.443535773,0.443535773,0,4.58676212,0,[],no,
451,451,89,Minneapolis_11072017_PRBoardDistrict4.csv,1,1,,1,3,2,LOCAL,NO,B,Jono Cowgill,Jono Cowgill,Jono Cowgill,Tom Nordyke,Jono Cowgill,0,0.443535773,0.443535773,0.443535773,0,4.929742613,0,[],no,
452,452,90,Minneapolis_11072017_Ward13CityCouncil.csv,1,1,,1,3,2,LOCAL,NO,R,Linea Palmisano,Linea Palmisano,Linea Palmisano,Linea Palmisano,Linea Palmisano,0,0.443535773,0.443535773,0.443535773,0,6.638105789,0,[],no,
453,453,91,Minnetonka_11022021_Mayor.csv,1,1,,1,3,2,LOCAL,NO,E,Brad Wiersum,Brad Wiersum,Brad Wiersum,Brad Wiersum,Brad Wiersum,0,0.443535773,0.443535773,0.443535773,0,6.877615989,0,[],no,
466,466,104,Oakland_11022010_CityAuditor.csv,1,1,,1,3,2,LOCAL,NO,O,COURTNEY RUBY,COURTNEY RUBY,COURTNEY RUBY,COURTNEY RUBY,COURTNEY RUBY,0,0.443535773,0.443535773,0.443535773,0,4.192628119,0,[],no,
467,467,105,Oakland_11022010_CityCouncilDistrict2.csv,1,1,,1,3,2,LOCAL,NO,E,PATRICIA KERNIGHAN,PATRICIA KERNIGHAN,PATRICIA KERNIGHAN,PATRICIA KERNIGHAN,PATRICIA KERNIGHAN,0,0.443535773,0.443535773,0.443535773,0,4.595292637,0,[],no,
468,468,106,Oakland_11022010_SchoolDirectorDistrict4.csv,1,1,,1,3,2,LOCAL,NO,B,GARY D. YEE,GARY D. YEE,GARY D. YEE,GARY D. YEE,GARY D. YEE,0,0.443535773,0.443535773,0.443535773,0,4.313227084,0,[],no,
469,469,107,Oakland_11032020_CityAttorneyOaklandRCV.csv,1,1,,1,5,2,LOCAL,NO,O,BARBARA PARKER,BARBARA PARKER,BARBARA PARKER,BARBARA PARKER,BARBARA PARKER,0,0.443535773,0.443535773,0.443535773,0,3.845169214,0,[],no,
470,470,108,Oakland_11042014_CityAuditor.csv,1,1,,1,3,2,LOCAL,NO,O,BRENDA ROBERTS,BRENDA ROBERTS,BRENDA ROBERTS,BRENDA ROBERTS,BRENDA ROBERTS,0,0.443535773,0.443535773,0.443535773,0,4.417322394,0,[],no,
471,471,109,Oakland_11042014_SchoolDirectorDistrict2.csv,1,1,,1,3,2,LOCAL,NO,B,AIMEE ENG,AIMEE ENG,AIMEE ENG,AIMEE ENG,WILLIAM ''BO'' GHIRARDELLI,0,0.443535773,0.556464227,0.556464227,0,4.674333154,0,[],no,
472,472,110,Oakland_11042014_SchoolDirectorDistrict6.csv,1,1,,1,3,2,LOCAL,NO,B,SHANTHI GONZALES,SHANTHI GONZALES,SHANTHI GONZALES,SHANTHI GONZALES,SHANTHI GONZALES,0,0.443535773,0.443535773,0.443535773,0,4.552725491,0,[],no,
473,473,111,Oakland_11052024_CityAttorney.csv,1,1,,1,5,2,LOCAL,NO,R,RYAN RICHARDSON,RYAN RICHARDSON,RYAN RICHARDSON,RYAN RICHARDSON,BRENDA HARBIN-FORTE,0,0.443535773,0.556464227,0.556464227,,4.899487801,,,,
474,474,112,Oakland_11052024_School_Director_D1.csv,1,1,,1,5,2,LOCAL,NO,B,RACHEL LATTA,RACHEL LATTA,RACHEL LATTA,RACHEL LATTA,BENJAMIN SALOP,0,0.443535773,0.556464227,0.556464227,,4.974135899,,,,
475,475,113,Oakland_11052024_School_Director_D3.csv,1,1,,1,5,2,LOCAL,NO,B,VANCEDRIC WILLIAMS,VANCEDRIC WILLIAMS,VANCEDRIC WILLIAMS,VANCEDRIC WILLIAMS,VANCEDRIC WILLIAMS,0,0.443535773,0.443535773,0.443535773,,4.927221718,,,,
476,476,114,Oakland_11052024_School_Director_D5.csv,1,1,,1,5,2,LOCAL,NO,B,PATRICE BERRY,PATRICE BERRY,PATRICE BERRY,PATRICE BERRY,SASHA RITZIE-HERNANDEZ,0,0.443535773,0.556464227,0.556464227,,4.449342647,,,,
477,477,115,Oakland_11052024_School_Director_D7.csv,1,1,,1,5,2,LOCAL,NO,B,CLIFFORD THOMPSON,CLIFFORD THOMPSON,CLIFFORD THOMPSON,CLIFFORD THOMPSON,DOMONIC WARE,0,0.443535773,0.556464227,0.556464227,,4.219482644,,,,
478,478,116,Oakland_11062012_CityAttorney.csv,1,1,,1,3,2,LOCAL,NO,O,BARBARA PARKER,BARBARA PARKER,BARBARA PARKER,BARBARA PARKER,BARBARA PARKER,0,0.443535773,0.443535773,0.443535773,0,4.70700665,0,[],no,
479,479,117,Oakland_11062012_SchoolDirectorDistrict1.csv,1,1,,1,3,2,LOCAL,NO,B,JODY LONDON,JODY LONDON,JODY LONDON,JODY LONDON,JODY LONDON,0,0.443535773,0.443535773,0.443535773,0,4.945158576,0,[],no,
480,480,118,Oakland_11062012_SchoolDirectorDistrict5.csv,1,1,,1,3,2,LOCAL,NO,B,ROSIE TORRES,ROSIE TORRES,ROSIE TORRES,ROSIE TORRES,ROSIE TORRES,0,0.443535773,0.443535773,0.443535773,0,4.718434909,0,[],no,
481,481,119,Oakland_11062012_SchoolDirectorDistrict7.csv,1,1,,1,3,2,LOCAL,NO,B,JAMES HARRIS,JAMES HARRIS,JAMES HARRIS,JAMES HARRIS,JAMES HARRIS,0,0.443535773,0.443535773,0.443535773,0,4.601273686,0,[],no,
482,482,120,Oakland_11062018_CityAuditor.csv,1,1,,1,3,2,LOCAL,NO,O,COURTNEY RUBY,COURTNEY RUBY,COURTNEY RUBY,COURTNEY RUBY,BRENDA ROBERTS,0,0.443535773,0.556464227,0.556464227,0,4.903196303,0,[],no,
483,483,121,Oakland_11062018_SchoolDirectorDistrict4.csv,1,1,,1,3,2,LOCAL,NO,B,GARY D. YEE,GARY D. YEE,GARY D. YEE,GARY D. YEE,CLARISSA DOUTHERD,0,0.443535773,0.556464227,0.556464227,0,5.177157955,0,[],no,
484,484,122,Oakland_11062018_SchoolDirectorDistrict6.csv,1,1,,1,3,2,LOCAL,NO,B,SHANTHI GONZALES,SHANTHI GONZALES,SHANTHI GONZALES,SHANTHI GONZALES,SHANTHI GONZALES,0,0.443535773,0.443535773,0.443535773,0,43.00793512,0,[],no,
485,485,123,Oakland_11082016_CityCouncilDistrict1.csv,1,1,,1,3,2,LOCAL,NO,R,DAN KALB,DAN KALB,DAN KALB,DAN KALB,DAN KALB,0,0.443535773,0.443535773,0.443535773,0,5.269175444,0,[],no,
486,486,124,Oakland_11082016_CityCouncilDistrict3.csv,1,1,,1,3,2,LOCAL,NO,R,LYNETTE GIBSON MCELHANEY,LYNETTE GIBSON MCELHANEY,LYNETTE GIBSON MCELHANEY,NONI D. SESSION,NONI D. SESSION,0,0.443535773,0.556464227,0.556464227,0,4.729930976,0,[],no,
487,487,125,Oakland_11082016_CityCouncilDistrict5.csv,1,1,,1,3,2,LOCAL,NO,R,NOEL GALLO,NOEL GALLO,NOEL GALLO,NOEL GALLO,NOEL GALLO,0,0.443535773,0.443535773,0.443535773,0,4.805629066,0,[],no,
488,488,126,Oakland_11082016_SchoolDirectorDistrict1.csv,1,1,,1,3,2,LOCAL,NO,B,JODY LONDON,JODY LONDON,JODY LONDON,JODY LONDON,JODY LONDON,0,0.443535773,0.443535773,0.443535773,0,5.52770358,0,[],no,
489,489,127,Oakland_11082016_SchoolDirectorDistrict7.csv,1,1,,1,3,2,LOCAL,NO,B,JAMES HARRIS,JAMES HARRIS,JAMES HARRIS,JAMES HARRIS,JAMES HARRIS,0,0.443535773,0.443535773,0.443535773,0,4.650481304,0,[],no,
490,490,128,Oakland_11082022_CityCouncilmemberDistrict4.csv,1,1,,1,5,2,LOCAL,NO,R,JANANI RAMACHANDRAN,JANANI RAMACHANDRAN,JANANI RAMACHANDRAN,JANANI RAMACHANDRAN,NENNA JOINER,0,0.443535773,0.556464227,0.556464227,0,4.556459995,0,[],no,
491,491,129,RedondoBeach_03042025_CityAttorney.csv,1,1,,1,6,2,LOCAL,NO,O,JOY FORD,JOY FORD,JOY FORD,JOY FORD,STEVE COLIN,0,0.443535773,0.556464227,0.556464227,,4.660448234,,,,
492,492,130,RedondoBeach_03042025_CityCouncilD2.csv,1,1,,1,6,2,LOCAL,NO,R,CHADWICK CASTLE,CHADWICK CASTLE,CHADWICK CASTLE,CHADWICK CASTLE,LOUIS BURKE,0,0.443535773,0.556464227,0.556464227,,4.714917434,,,,
493,493,131,RedondoBeach_03042025_CityCouncilD4.csv,1,1,,1,6,2,LOCAL,NO,R,ZEIN OBAGI JR,ZEIN OBAGI JR,ZEIN OBAGI JR,ZEIN OBAGI JR,ZEIN OBAGI JR,0,0.443535773,0.443535773,0.443535773,,4.858939584,,,,
494,494,132,SanFrancisco_11032020_BOARDOFSUPERVISORSDISTRICT9.csv,1,1,,1,3,2,LOCAL,NO,B,HILLARY RONEN,HILLARY RONEN,HILLARY RONEN,HILLARY RONEN,HILLARY RONEN,0,0.443535773,0.443535773,0.443535773,0,215.0360793,0,[],no,
495,495,133,SanFrancisco_11052024_CityAttorney.csv,1,1,,1,3,2,LOCAL,NO,O,DAVID CHIU,DAVID CHIU,DAVID CHIU,DAVID CHIU,DAVID CHIU,0,0.443535773,0.443535773,0.443535773,,5.761087356,,,,
496,496,134,SanFrancisco_11052024_DistrictAttorney.csv,1,1,,1,3,2,LOCAL,NO,O,BROOKE JENKINS,BROOKE JENKINS,BROOKE JENKINS,BROOKE JENKINS,BROOKE JENKINS,0,0.443535773,0.443535773,0.443535773,,5.995903469,,,,
497,497,135,SanFrancisco_11052024_Sheriff.csv,1,1,,1,3,2,LOCAL,NO,O,PAUL MIYAMOTO,PAUL MIYAMOTO,PAUL MIYAMOTO,PAUL MIYAMOTO,PAUL MIYAMOTO,0,0.443535773,0.443535773,0.443535773,,5.506922048,,,,
498,498,136,SanFrancisco_11062018_AssessorRecorder.csv,1,1,,1,3,2,LOCAL,NO,O,CARMEN CHU,CARMEN CHU,CARMEN CHU,CARMEN CHU,CARMEN CHU,0,0.443535773,0.443535773,0.443535773,0,5.082417372,0,[],no,
499,499,137,SanFrancisco_11062018_BoardofSupervisorsDistrict8.csv,1,1,,1,3,2,LOCAL,NO,B,RAFAEL MANDELMAN,RAFAEL MANDELMAN,RAFAEL MANDELMAN,RAFAEL MANDELMAN,LAWRENCE ''STARK'' DAGESSE,0,0.443535773,0.556464227,0.556464227,0,5.037333631,0,[],no,
500,500,138,SanFrancisco_11072006_BoardofSupervisorsDistrict2.csv,1,1,,1,3,2,LOCAL,NO,B,Michela Alioto-pier,Michela Alioto-pier,Michela Alioto-pier,Michela Alioto-pier,Vilma Guinto Peoro,0,0.443535773,0.556464227,0.556464227,0,6.521369618,0,[],no,
501,501,139,SanFrancisco_11082016_BoardofSupervisorsDistrict3.csv,1,1,,1,3,2,LOCAL,NO,B,AARON PESKIN,AARON PESKIN,AARON PESKIN,AARON PESKIN,TIM E. DONNELLY,0,0.443535773,0.556464227,0.556464227,0,5.139249891,0,[],no,
502,502,140,SanFrancisco_11082016_BoardofSupervisorsDistrict5.csv,1,1,,1,3,2,LOCAL,NO,B,LONDON BREED,LONDON BREED,LONDON BREED,LONDON BREED,LONDON BREED,0,0.443535773,0.443535773,0.443535773,0,4.849450526,0,[],no,
503,503,141,SanFrancisco_11082022_BoardofSupervisorsD10.csv,1,1,,1,3,2,LOCAL,NO,B,SHAMANN WALTON,SHAMANN WALTON,SHAMANN WALTON,SHAMANN WALTON,BRIAN SAM ADAM,0,0.443535773,0.556464227,0.556464227,0,4.628616407,0,[],no,
504,504,142,SanFrancisco_11082022_BoardofSupervisorsD4.csv,1,1,,1,3,2,LOCAL,NO,B,JOEL ENGARDIO,JOEL ENGARDIO,JOEL ENGARDIO,JOEL ENGARDIO,GORDON MAR,0,0.443535773,0.556464227,0.556464227,0,5.27865108,0,[],no,
505,505,143,SanFrancisco_11082022_BoardofSupervisorsD8.csv,1,1,,1,3,2,LOCAL,NO,B,RAFAEL MANDELMAN,RAFAEL MANDELMAN,RAFAEL MANDELMAN,RAFAEL MANDELMAN,KATE STOIA,0,0.443535773,0.556464227,0.556464227,0,4.980186319,0,[],no,
506,506,144,SanFrancisco_11082022_PublicDefender.csv,1,1,,1,3,2,LOCAL,NO,O,MANO RAJU,MANO RAJU,MANO RAJU,MANO RAJU,REBECCA SUSAN FENG YOUNG,0,0.443535773,0.556464227,0.556464227,0,4.719073119,0,[],no,
507,507,145,SanLeandro_11022010_CountyCouncilDistrict5.csv,1,1,,1,3,2,LOCAL,NO,R,PAULINE RUSSO CUTTER,PAULINE RUSSO CUTTER,PAULINE RUSSO CUTTER,PAULINE RUSSO CUTTER,PAULINE RUSSO CUTTER,0,0.443535773,0.443535773,0.443535773,0,4.372769254,0,[],no,
508,508,146,SanLeandro_11032020_MemberCityCouncilDist2SanLeandroRCV.csv,1,1,,1,5,2,LOCAL,NO,R,BRYAN AZEVEDO,BRYAN AZEVEDO,BRYAN AZEVEDO,BRYAN AZEVEDO,ED HERNANDEZ,0,0.443535773,0.556464227,0.556464227,0,4.047738311,0,[],no,
509,509,147,SanLeandro_11032020_MemberCityCouncilDist4SanLeandroRCV.csv,1,1,,1,5,2,LOCAL,NO,R,FRED SIMON,FRED SIMON,FRED SIMON,FRED SIMON,CHRISTOPHER BAMMER,0,0.443535773,0.556464227,0.556464227,0,4.107476051,0,[],no,
510,510,148,SanLeandro_11062012_CountyCouncilDistrict6.csv,1,1,,1,3,2,LOCAL,NO,R,JIM PROLA,JIM PROLA,JIM PROLA,JIM PROLA,JIM PROLA,0,0.443535773,0.443535773,0.443535773,0,4.10762285,0,[],no,
511,511,149,SanLeandro_11062018_CountyCouncilDistrict3.csv,1,1,,1,3,2,LOCAL,NO,R,"VICTOR AGUILAR, JR.","VICTOR AGUILAR, JR.","VICTOR AGUILAR, JR.",LEE THOMAS,LEE THOMAS,0,0.443535773,0.556464227,0.556464227,0,4.231425637,0,[],no,
512,512,150,SanLeandro_11062018_CountyCouncilDistrict5.csv,1,1,,1,3,2,LOCAL,NO,R,CORINA N. LOPEZ,CORINA N. LOPEZ,CORINA N. LOPEZ,CORINA N. LOPEZ,CORINA N. LOPEZ,0,0.443535773,0.443535773,0.443535773,0,4.286076266,0,[],no,
513,513,151,SanLeandro_11082016_CountyCouncilDistrict2.csv,1,1,,1,3,2,LOCAL,NO,R,ED HERNANDEZ,ED HERNANDEZ,ED HERNANDEZ,ED HERNANDEZ,BRYAN AZEVEDO,0,0.443535773,0.556464227,0.556464227,0,4.472526494,0,[],no,
514,514,152,StLouisPark_11022021_CityCouncilWard2.csv,1,1,,1,3,2,LOCAL,NO,R,Lynette Lungay Dumalag,Lynette Lungay Dumalag,Lynette Lungay Dumalag,Lynette Lungay Dumalag,John Basill,0,0.443535773,0.556464227,0.556464227,0,17.07469248,0,[],no,
59,98,383,NewYorkCity_06222021_REPCouncilMember50thCouncilDistrict.csv,0.3322,0.2883,0.36036036,0.77151197,5,5,LOCAL,RP,R,David M. Carr,David M. Carr,Marko Kepi,Marko Kepi,Sam T. Pirozzolo,0.360821199,0.443535773,0.089174638,0.089174638,0,2.90069558,,"['IRV', 'Condorcet']",no,
121,166,335,NewYorkCity_06222021_REPBoroughPresidentRichmond.csv,0.6066,0.4167,0.565138129,0.84187448,5,4,LOCAL,RP,E,Vito Fossella,Vito Fossella,Vito Fossella,Vito Fossella,Leticia M. Remauro,0.437801745,0.443535773,0.556464227,0.556464227,0.24875647,3.653767671,,"['IRV', 'Condorcet']",yes,
459,459,97,NewYorkCity_06222021_REPBoroughPresidentQueens.csv,1,1,,1,3,2,LOCAL,RP,E,219566,219566,219566,219566,,,,,,,,,[],no,
460,460,98,NewYorkCity_06222021_REPCouncilMember15thCouncilDistrict.csv,1,1,,1,3,2,LOCAL,RP,R,Ariel Rivera-Diaz,Ariel Rivera-Diaz,Ariel Rivera-Diaz,Ariel Rivera-Diaz,Aramis Ocasio,0,0.443535773,0.556464227,0.556464227,0,4.633357488,,[],no,
461,461,99,NewYorkCity_06222021_REPCouncilMember19thCouncilDistrict.csv,1,1,,1,3,2,LOCAL,RP,R,Vickie Paladino,Vickie Paladino,Vickie Paladino,Vickie Paladino,John-Alexander Sakelos,0,0.443535773,0.556464227,0.556464227,0,4.770831024,,[],no,
462,462,100,NewYorkCity_06222021_REPCouncilMember23rdCouncilDistrict.csv,1,1,,1,3,2,LOCAL,RP,R,James F. Reilly,James F. Reilly,James F. Reilly,James F. Reilly,Alex Amoroso,0,0.443535773,0.556464227,0.556464227,0,4.671353526,,[],no,
463,463,101,NewYorkCity_06222021_REPCouncilMember24thCouncilDistrict.csv,1,1,,1,3,2,LOCAL,RP,R,Timothy Rosen,Timothy Rosen,Timothy Rosen,Timothy Rosen,Timothy Rosen,0,0.443535773,0.443535773,0.443535773,0,4.644558166,,[],no,
464,464,102,NewYorkCity_06222021_REPCouncilMember32ndCouncilDistrict.csv,1,1,,1,3,2,LOCAL,RP,R,Joann Ariola,Joann Ariola,Joann Ariola,Joann Ariola,Stephen A. Sirgiovanni,0,0.443535773,0.556464227,0.556464227,0,5.078208013,,[],no,
465,465,103,NewYorkCity_06222021_REPMayorCitywide.csv,1,1,,1,3,2,LOCAL,RP,E,Curtis A. Sliwa,Curtis A. Sliwa,Curtis A. Sliwa,Curtis A. Sliwa,Curtis A. Sliwa,0,0.443535773,0.443535773,0.443535773,0,4.561544022,,[],no,
1,158,456,Alaska_11052024_President.csv,0.0119,0.0125,0.190724234,0.833382548,8,8,FEDERAL,YES,E,Trump/Vance,Trump/Vance,Trump/Vance,Trump/Vance,West/Abdullah,0.494935142,0.443535773,0.443535773,0.443535773,,4.000740324,,,,
39,120,283,Alaska_11082022_HouseDistrict28.csv,0.595404595,0.464335664,0.322248614,0.79952991,5,4,STATE,YES,R,"Sumner, Jesse M.","Sumner, Jesse M.","Sumner, Jesse M.","Sumner, Jesse M.","Sumner, Jesse M.",0.335932027,0.443535773,0.107603746,0.107603746,0,3.922441238,1,[],no,
78,69,365,Burlington_03072006_Mayor.csv,0.3153,0.2608,0.416466477,0.72074467,5,5,LOCAL,YES,E,Bob Kiss,Bob Kiss,Bob Kiss,Bob Kiss,Kevin Curley,0.621347852,0.443535773,0.380548059,0.380548059,0,3.057743795,1,[],no,
85,34,364,Burlington_03032009_Mayor.csv,0.328771229,0.263736264,0.436396396,0.65128207,5,5,LOCAL,YES,E,Bob Kiss,Andy Montroll,Kurt Wright,Andy Montroll,Kurt Wright,0.351594953,0.443535773,0.556464227,0.307213406,0.43145344,3.962759191,1,"['IRV', 'Condorcet', 'Approval']",yes,
90,183,282,Alaska_11082022_HouseDistrict20.csv,0.602897103,0.425574426,0.461481481,0.85363907,5,4,STATE,YES,R,"Gray, Andrew T.","Gray, Andrew T.","Gray, Andrew T.","Gray, Andrew T.","Kohlhaas, Scott A.",0.320991029,0.443535773,0.443535773,0.443535773,0,6.80416998,1,[],no,
96,271,278,Alaska_11052024_StateHouseD36.csv,0.6194,0.4604,0.483112183,0.906753131,5,4,STATE,YES,R,"Schwanke, Rebecca A.","Schwanke, Rebecca A.","Schwanke, Rebecca A.","Schwanke, Rebecca A.","Fields, James",0.621055502,0.443535773,0.443535773,0.443535773,,7.568043878,,,,
100,212,298,Burlington_03052024_Mayor.csv,0.6842,0.3817,0.492491728,0.865615312,5,4,LOCAL,YES,E,EMMA MULVANEY-STANAK,EMMA MULVANEY-STANAK,EMMA MULVANEY-STANAK,EMMA MULVANEY-STANAK,CHRISTOPHER HAESSLY,0.471926813,0.443535773,0.443535773,0.443535773,,7.367383503,,,,
108,226,281,Alaska_11082022_GovernorLieutenantGovernor.csv,0.6054,0.4339,0.538631347,0.88067079,5,4,STATE,YES,E,Dunleavy/Dahlstrom,Dunleavy/Dahlstrom,Dunleavy/Dahlstrom,Dunleavy/Dahlstrom,Walker/Drygas,0.216023581,0.443535773,0.556464227,0.556464227,0.23858598,6.533573172,1,[],no,
110,133,279,Alaska_11052024_StateHouseD38.csv,0.6163,0.4561,0.547026279,0.80964256,5,4,STATE,YES,R,"Jimmie, Nellie D. ""Unangik""","Jimmie, Nellie D. ""Unangik""","Jimmie, Nellie D. ""Unangik""","Jimmie, Nellie D. ""Unangik""","McCormick, C.J.",0.402842725,0.443535773,0.135145914,0.135145914,,3.410796293,,,,
111,359,155,Alaska_11052024_StateHouseD15.csv,0.8968,0.5102,0.54903537,0.982539683,4,3,STATE,YES,R,"Costello, Mia","Costello, Mia","Costello, Mia","Costello, Mia","Wells, Denny",0.333695153,0.443535773,0.556464227,0.556464227,,6.241841809,,,,
113,238,181,Alaska_11082022_SenateDistrictP.csv,0.8866,0.5348,0.553370787,0.8864556,4,3,STATE,YES,S,"Kawasaki, Scott","Kawasaki, Scott","Kawasaki, Scott","Matherly, Jim","Jafre, Alex N.",0.65279966,0.443535773,0.443535773,0.443535773,0.65279967,6.786146581,1,[],no,
115,201,514,Easthampton_11022021_Mayor.csv,0.364593781,0.343931795,0.557059961,0.86026204,4,66,LOCAL,YES,E,NICOLE M. LACHAPELLE,NICOLE M. LACHAPELLE,NICOLE M. LACHAPELLE,NICOLE M. LACHAPELLE,HOMAR GOMEZ,0.441862045,0.443535773,0.052526667,0.052526667,0,4.253740816,1,[],no,
117,198,285,Alaska_11082022_USRepresentative.csv,0.605205205,0.434434434,0.558953155,0.85950381,5,4,FEDERAL,YES,R,"Peltola, Mary S.","Peltola, Mary S.","Peltola, Mary S.","Begich, Nick","Begich, Nick",0.287712671,0.443535773,0.556464227,0.556464227,0.31553781,5.738554859,1,[],no,YES
123,278,182,Alaska_11082022_SenateDistrictQ.csv,0.863,0.5347,0.568198395,0.90888804,4,3,STATE,YES,S,"Myers, Robert H. Jr.","Myers, Robert H. Jr.","Myers, Robert H. Jr.","Myers, Robert H. Jr.","Serkov, Arthur P.",0.529177949,0.443535773,0.443535773,0.443535773,0,7.090674658,1,[],no,YES
125,290,280,Alaska_11052024_US_House.csv,0.5717,0.3621,0.569067296,0.919223552,5,4,FEDERAL,YES,R,"Begich, Nick","Begich, Nick","Begich, Nick","Begich, Nick","Howe, John Wayne",0.374162428,0.443535773,0.443535773,0.443535773,,9.816906948,,,,
128,239,158,Alaska_11052024_StateHouseD40.csv,0.8664,0.6408,0.58110687,0.887471377,4,3,STATE,YES,R,"Burke, Robyn ""Niayuq""","Burke, Robyn ""Niayuq""","Burke, Robyn ""Niayuq""","Burke, Robyn ""Niayuq""","Chase, Saima ""Ikrik""",0.336878159,0.443535773,0.443535773,0.443535773,,4.595229266,,,,
135,170,302,Maine_11062018_CongressionalDistrict2.csv,0.604304304,0.421221221,0.595871785,0.84378713,5,4,FEDERAL,YES,R,"DEM Golden, Jared F.","DEM Golden, Jared F.","REP Poliquin, Bruce","DEM Golden, Jared F.","Hoar, William R.S.",0.422293116,0.443535773,0.556464227,0.556464227,0.31530905,8.280670662,1,[],no,YES
137,272,284,Alaska_11082022_HouseDistrict35.csv,0.649149149,0.448448448,0.603428571,0.90710747,5,4,STATE,YES,R,"Carrick, Ashley E.","Carrick, Ashley E.","Carrick, Ashley E.","Carrick, Ashley E.","Brown, Kieran C.",0.352101903,0.443535773,0.443535773,0.443535773,0,5.784946367,1,[],no,
144,287,172,Alaska_11082022_HouseDistrict31.csv,0.878921079,0.611288711,0.614607615,0.91760302,4,3,STATE,YES,R,"Dibert, Maxine L.","Dibert, Maxine L.","Dibert, Maxine L.","Dibert, Maxine L.","LeBon, Barton S.",0.346235794,0.443535773,0.556464227,0.556464227,0.65376419,4.713165454,1,['Approval'],no,YES
146,280,183,Alaska_11082022_SenateDistrictR.csv,0.8813,0.5747,0.617157864,0.91031516,4,3,STATE,YES,S,"Bishop, Click","Bishop, Click","Bishop, Click","Bishop, Click","Verhagen, Elijah M.",0.565371654,0.443535773,0.556464227,0.556464227,0,3.577437397,1,[],no,
148,318,175,Alaska_11082022_HouseDistrict6.csv,0.8851,0.5232,0.621365788,0.94118267,4,3,STATE,YES,R,"Vance, Sarah L.","Vance, Sarah L.","Vance, Sarah L.","Vance, Sarah L.","Bryant, Ginger",0.664257075,0.443535773,0.443535773,0.443535773,0,8.944497181,1,[],no,YES
150,301,174,Alaska_11082022_HouseDistrict34.csv,0.8937,0.5417,0.623376623,0.9292683,4,3,STATE,YES,R,"Tomaszewski, Frank J.","Tomaszewski, Frank J.","Tomaszewski, Frank J.","Tomaszewski, Frank J.","DeMars, Nate",0.659615565,0.443535773,0.556464227,0.556464227,0,7.808101352,1,[],no,
153,356,162,Alaska_11052024_StateSenateL.csv,0.88951049,0.568531469,0.627216793,0.98032502,4,3,STATE,YES,R,"Merrick, Kelly R.","Merrick, Kelly R.","Merrick, Kelly R.","Merrick, Kelly R.","Merrick, Kelly R.",0.346701759,0.443535773,0.096834014,0.096834014,,3.926803895,,,,
154,341,161,Alaska_11052024_StateSenateF.csv,0.8882,0.5435,0.627577841,0.960321653,4,3,STATE,YES,R,"Kaufman, James D.","Kaufman, James D.","Kaufman, James D.","Kaufman, James D.","Kaufman, James D.",0.338585094,0.443535773,0.104950679,0.104950679,,5.654253634,,,,
165,285,173,Alaska_11082022_HouseDistrict32.csv,0.8867,0.5778,0.642762284,0.91522217,4,3,STATE,YES,R,"Stapp, Will B.","Stapp, Will B.","Stapp, Will B.","Stapp, Will B.","Givens, Timothy W.",0.329075728,0.443535773,0.443535773,0.443535773,0,6.393779957,1,[],no,YES
170,254,286,Alaska_11082022_USSenator.csv,0.598501499,0.375224775,0.646866325,0.8947562,5,4,FEDERAL,YES,S,"Murkowski, Lisa","Murkowski, Lisa","Murkowski, Lisa","Murkowski, Lisa","Kelley, Buzz A.",0.35625702,0.443535773,0.328250152,0.328250152,0.41552889,5.682907342,1,[],no,YES
171,237,342,PierceCounty_11042008_CountyExecutiveMember.csv,0.8179,0.6916,0.647410227,0.88586694,3,4,LOCAL,YES,E,Pat McCarthy,Pat McCarthy,Shawn Bunney,Pat McCarthy,Mike Lonergan,0.58643344,0.443535773,0.194291425,0.194291425,0.33718908,4.508070585,1,[],no,
180,324,166,Alaska_11082022_HouseDistrict11.csv,0.889,0.5841,0.66470972,0.94790989,4,3,STATE,YES,R,"Coulombe, Julie","Coulombe, Julie","Featherly, Walter T.","Coulombe, Julie","Coulombe, Julie",0.37393882,0.443535773,0.069596953,0.069596953,0,4.574168719,1,[],no,YES
190,250,252,PierceCounty_11042008_CountyCouncilDistrict2.csv,0.8861,0.5907,0.675177052,0.89207715,3,3,LOCAL,YES,R,Joyce McDonald,Joyce McDonald,Joyce McDonald,Joyce McDonald,Al Rose,0.414573854,0.443535773,0.556464227,0.556464227,0.58542615,4.464475354,1,"['IRV', 'Condorcet', 'Approval']",yes,
198,357,160,Alaska_11052024_StateSenateD.csv,0.8968,0.5552,0.682634731,0.981481481,4,3,STATE,YES,R,"Bjorkman, Jesse J.","Bjorkman, Jesse J.","Bjorkman, Jesse J.","Bjorkman, Jesse J.","Bjorkman, Jesse J.",0.652611365,0.443535773,0.209075591,0.209075591,,3.899295861,,,,
200,295,157,Alaska_11052024_StateHouseD28.csv,0.865434565,0.625974026,0.683678894,0.923106746,4,3,STATE,YES,R,"Moore, Elexie","Moore, Elexie","Moore, Elexie","Menard, Steve","Wright, Jessica",0.661086535,0.443535773,0.443535773,0.443535773,,5.007624372,,,,
204,312,165,Alaska_11082022_HouseDistrict10.csv,0.889,0.5272,0.685466377,0.93600118,4,3,STATE,YES,R,"Johnson, Craig W.","Johnson, Craig W.","Johnson, Craig W.","Johnson, Craig W.","Insalaco, Mikel E.",0.549047966,0.443535773,0.556464227,0.556464227,0,7.693582232,1,[],no,
206,320,168,Alaska_11082022_HouseDistrict18.csv,0.8833,0.6037,0.685714286,0.94289762,4,3,STATE,YES,R,"Groh, Cliff","Groh, Cliff","Nelson, David","Groh, Cliff","Groh, Cliff",0.632248177,0.443535773,0.188712404,0.188712404,0,4.617071688,1,[],no,YES
215,216,180,Alaska_11082022_SenateDistrictN.csv,0.8732,0.6391,0.692513369,0.87059641,4,3,STATE,YES,S,"Wilson, David S.","Wilson, David S.","Wilson, David S.","Wilson, David S.","Wright, Stephen",0.475988378,0.443535773,0.443535773,0.443535773,0.47598839,3.436506662,1,['Approval'],no,
226,335,164,Alaska_11052024_StateSenateR.csv,0.882682683,0.523423423,0.699253466,0.953318987,4,3,STATE,YES,R,"Cronk, Mike","Cronk, Mike","Cronk, Mike","Cronk, Mike","Williams, Robert ""Bert""",0.344304073,0.443535773,0.556464227,0.556464227,,8.185609171,,,,
228,150,419,PierceCounty_11042008_CountyAssessorTreasurer.csv,0.7571,0.6826,0.70146771,0.82307887,3,6,LOCAL,YES,O,Dale Washam,Dale Washam,Dale Washam,Dale Washam,Barbara Gelman,0.487849603,0.443535773,0.556464227,0.556464227,0.38094729,3.221305632,1,"['IRV', 'Condorcet', 'Approval']",no,
229,303,163,Alaska_11052024_StateSenateN.csv,0.879,0.5862,0.702465753,0.929512559,4,3,STATE,YES,R,"Yundt, Robert","Yundt, Robert","Yundt, Robert","Yundt, Robert","Wilson, David S.",0.349513213,0.443535773,0.556464227,0.556464227,,4.987282451,,,,
245,227,198,Burlington_03072023_CityCouncilSouthDistrict.csv,0.8653,0.5829,0.71408046,0.88161808,4,3,LOCAL,YES,R,JOAN SHANNON,JOAN SHANNON,JOAN SHANNON,JOAN SHANNON,FARIED MUNARSYAH,0.467753631,0.443535773,0.556464227,0.556464227,0,5.517006792,1,[],no,
265,336,154,Alaska_11052024_StateHouseD1.csv,0.8747,0.6243,0.729555237,0.953815999,4,3,STATE,YES,R,"Bynum, Jeremy T.","Bynum, Jeremy T.","Bynum, Jeremy T.","Bynum, Jeremy T.","Moran, Agnes C.",0.653664635,0.443535773,0.443535773,0.443535773,,5.470375685,,,,
271,257,170,Alaska_11082022_HouseDistrict27.csv,0.868231768,0.612187812,0.733852497,0.8960644,4,3,STATE,YES,R,"Eastman, David","Eastman, David","Eastman, David","Eastman, David","Carpenter, Brendan R.",0.475729566,0.443535773,0.556464227,0.556464227,0.52427042,4.527244967,1,[],no,
284,350,159,Alaska_11052024_StateHouseD6.csv,0.8726,0.5379,0.745176849,0.972234387,4,3,STATE,YES,R,"Vance, Sarah L.","Vance, Sarah L.","Vance, Sarah L.","Vance, Sarah L.","Slaughter, Dawson R.",0.648721405,0.443535773,0.556464227,0.556464227,,7.137196865,,,,
300,343,156,Alaska_11052024_StateHouseD19.csv,0.9026,0.5384,0.773972603,0.962251201,4,3,STATE,YES,R,"Mina, Genevieve G.","Mina, Genevieve G.","Mina, Genevieve G.","Mina, Genevieve G.","Wyatt, Russell O.",0.345389394,0.443535773,0.443535773,0.443535773,,8.228238588,,,,
302,322,176,Alaska_11082022_SenateDistrictC.csv,0.8709,0.5605,0.776645312,0.94512415,4,3,STATE,YES,S,"Stevens, Gary","Stevens, Gary","Stevens, Gary","Stevens, Gary","Smith, Heath",0.452846383,0.443535773,0.556464227,0.556464227,0,4.226637199,1,[],no,
307,340,167,Alaska_11082022_HouseDistrict15.csv,0.8675,0.571,0.782491582,0.95557082,4,3,STATE,YES,R,"McKay, Thomas W. ""Tom""","McKay, Thomas W. ""Tom""","Wells, Denny","McKay, Thomas W. ""Tom""","Eibeck, David",0.603105463,0.443535773,0.556464227,0.556464227,0.39689454,6.276875527,1,[],no,
316,330,179,Alaska_11082022_SenateDistrictJ.csv,0.8879,0.5874,0.796033994,0.9500578,4,3,STATE,YES,S,"Dunbar, Forrest","Dunbar, Forrest","Dunbar, Forrest","Dunbar, Forrest","Tarr, Geran",0.600236906,0.443535773,0.556464227,0.556464227,0,6.017303744,1,[],no,YES
322,342,169,Alaska_11082022_HouseDistrict24.csv,0.8722,0.619,0.80137931,0.96160001,4,3,STATE,YES,R,"Saddler, Dan","Saddler, Dan","Saddler, Dan","Saddler, Dan","Jackson, Sharon",0.632392154,0.443535773,0.556464227,0.556464227,0,4.987805003,1,[],no,
338,338,209,Maine_11082022_CongressionalDistrict2.csv,0.8894,0.5444,0.821560878,0.95457411,4,3,FEDERAL,YES,R,"Golden, Jared Forrest","Golden, Jared Forrest","Golden, Jared Forrest","Golden, Jared Forrest","Bond, Tiffany",0.559837006,0.443535773,0.556464227,0.556464227,0.44016299,7.473243675,1,[],no,YES
345,351,171,Alaska_11082022_HouseDistrict30.csv,0.874425574,0.5999001,0.843137255,0.97451556,4,3,STATE,YES,R,"McCabe, Kevin J.","McCabe, Kevin J.","McCabe, Kevin J.","McCabe, Kevin J.","McCabe, Kevin J.",0.683737904,0.443535773,0.24020213,0.24020213,0,4.387734331,1,[],no,
351,317,177,Alaska_11082022_SenateDistrictD.csv,0.8818,0.5521,0.863953062,0.94079727,4,3,STATE,YES,S,"Bjorkman, Jesse J.","Bjorkman, Jesse J.","Bjorkman, Jesse J.","Bjorkman, Jesse J.","Babcock, Tuckerman",0.673989274,0.443535773,0.556464227,0.556464227,0.32601073,4.122344402,1,[],no,
354,352,178,Alaska_11082022_SenateDistrictE.csv,0.868568569,0.679179179,0.866687677,0.97468579,4,3,STATE,YES,S,"Giessel, Cathy","Giessel, Cathy","Giessel, Cathy","Giessel, Cathy","Giessel, Cathy",0.485736207,0.443535773,0.042200434,0.042200434,0,3.744104297,1,[],no,
357,235,251,PierceCounty_11032009_CountyAuditor.csv,0.8927,0.5431,0.883464832,0.88539588,3,3,LOCAL,YES,O,Julie Anderson,Julie Anderson,Julie Anderson,Julie Anderson,Jan Shabro,0.59440683,0.443535773,0.556464227,0.556464227,0.40559316,2.880385725,1,"['IRV', 'Condorcet', 'Approval']",yes,
359,346,153,Alaska_08162022_HouseofRepresentativesSpecial.csv,0.8616,0.6461,0.887209784,0.96684176,4,3,FEDERAL,YES,R,"Peltola, Mary S.","Begich, Nick","Peltola, Mary S.","Begich, Nick","Begich, Nick",0.585043574,0.443535773,0.443535773,0.1415078,0.58504355,4.404676762,1,[],no,
362,362,0,Alaska_11052024_StateHouseD17.csv,1,1,,1,2,1,STATE,YES,R,F,"Fields, William Z. ""Zack""","Fields, William Z. ""Zack""","Fields, William Z. ""Zack""",,,,,,,,,,,
363,363,1,Alaska_11052024_StateHouseD2.csv,1,1,,1,2,1,STATE,YES,R,H,"Himschoot, Rebecca","Himschoot, Rebecca","Himschoot, Rebecca",,,,,,,,,,,
364,364,2,Alaska_11052024_StateHouseD24.csv,1,1,,1,2,1,STATE,YES,R,S,"Saddler, Dan","Saddler, Dan","Saddler, Dan",,,,,,,,,,,
365,365,3,Alaska_11052024_StateHouseD25.csv,1,1,,1,2,1,STATE,YES,R,J,"Johnson, DeLena M.","Johnson, DeLena M.","Johnson, DeLena M.",,,,,,,,,,,
366,366,4,Alaska_11052024_StateHouseD26.csv,1,1,,1,2,1,STATE,YES,R,T,"Tilton, Cathy","Tilton, Cathy","Tilton, Cathy",,,,,,,,,,,
367,367,5,Alaska_11052024_StateHouseD29.csv,1,1,,1,2,1,STATE,YES,R,R,"Rauscher, George","Rauscher, George","Rauscher, George",,,,,,,,,,,
368,368,6,Alaska_11052024_StateHouseD3.csv,1,1,,1,2,1,STATE,YES,R,S,"Story, Andrea ""Andi""","Story, Andrea ""Andi""","Story, Andrea ""Andi""",,,,,,,,,,,
369,369,7,Alaska_11052024_StateHouseD33.csv,1,1,,1,2,1,STATE,YES,R,P,"Prax, Glenn ""Mike""","Prax, Glenn ""Mike""","Prax, Glenn ""Mike""",,,,,,,,,,,
370,370,8,Alaska_11052024_StateHouseD4.csv,1,1,,1,2,1,STATE,YES,R,H,"Hannan, Sara","Hannan, Sara","Hannan, Sara",,,,,,,,,,,
371,371,9,Alaska_11052024_StateSenateB.csv,1,1,,1,2,1,STATE,YES,R,K,"Kiehl, Jesse","Kiehl, Jesse","Kiehl, Jesse",,,,,,,,,,,
372,372,10,Alaska_11052024_StateSenateT.csv,1,1,,1,2,1,STATE,YES,R,O,"Olson, Donald C. ""Donny""","Olson, Donald C. ""Donny""","Olson, Donald C. ""Donny""",,,,,,,,,,,
374,374,12,Alaska_11052024_StateHouseD10.csv,1,1,,1,3,2,STATE,YES,R,"Kopp, Charles M. ""Chuck""","Kopp, Charles M. ""Chuck""","Kopp, Charles M. ""Chuck""","Kopp, Charles M. ""Chuck""","Kopp, Charles M. ""Chuck""",0,0.443535773,0.443535773,0.443535773,,6.30974777,,,,
375,375,13,Alaska_11052024_StateHouseD11.csv,1,1,,1,3,2,STATE,YES,R,"Coulombe, Julie","Coulombe, Julie","Coulombe, Julie","Coulombe, Julie","Featherly, Walter T.",0,0.443535773,0.556464227,0.556464227,,8.412001036,,,,
376,376,14,Alaska_11052024_StateHouseD12.csv,1,1,,1,3,2,STATE,YES,R,"Schrage, Calvin R.","Schrage, Calvin R.","Schrage, Calvin R.","Schrage, Calvin R.","Lurtsema, Joseph M. ""Joe""",0,0.443535773,0.556464227,0.556464227,,7.580916823,,,,
377,377,15,Alaska_11052024_StateHouseD13.csv,1,1,,1,3,2,STATE,YES,R,"Josephson, Andrew L. ""Andy""","Josephson, Andrew L. ""Andy""","Josephson, Andrew L. ""Andy""","Josephson, Andrew L. ""Andy""","Gottshall, Heather",0,0.443535773,0.556464227,0.556464227,,7.499096057,,,,
378,378,16,Alaska_11052024_StateHouseD14.csv,1,1,,1,3,2,STATE,YES,R,"Galvin, Alyse S.","Galvin, Alyse S.","Galvin, Alyse S.","Galvin, Alyse S.","Galvin, Alyse S.",0,0.443535773,0.443535773,0.443535773,,6.158801348,,,,
379,379,17,Alaska_11052024_StateHouseD16.csv,1,1,,1,3,2,STATE,YES,R,"Hall, Carolyn","Hall, Carolyn","Hall, Carolyn","Hall, Carolyn","Hall, Carolyn",0,0.443535773,0.443535773,0.443535773,,7.244899978,,,,
380,380,18,Alaska_11052024_StateHouseD18.csv,1,1,,1,3,2,STATE,YES,R,"Nelson, David","Nelson, David","Nelson, David","Nelson, David","Nelson, David",0,0.443535773,0.443535773,0.443535773,,7.920465175,,,,
381,381,19,Alaska_11052024_StateHouseD20.csv,1,1,,1,3,2,STATE,YES,R,"Gray, Andrew T.","Gray, Andrew T.","Gray, Andrew T.","Gray, Andrew T.","Gray, Andrew T.",0,0.443535773,0.443535773,0.443535773,,7.172416117,,,,
382,382,20,Alaska_11052024_StateHouseD21.csv,1,1,,1,3,2,STATE,YES,R,"Mears, Donna C.","Mears, Donna C.","Mears, Donna C.","Mears, Donna C.","Mears, Donna C.",0,0.443535773,0.443535773,0.443535773,,8.107110418,,,,
383,383,21,Alaska_11052024_StateHouseD22.csv,1,1,,1,3,2,STATE,YES,R,"Eischeid, Ted J.","Eischeid, Ted J.","Eischeid, Ted J.","Eischeid, Ted J.","Wright, Stanley A.",0,0.443535773,0.556464227,0.556464227,,6.875174529,,,,
384,384,22,Alaska_11052024_StateHouseD23.csv,1,1,,1,3,2,STATE,YES,R,"Allard, Jamie","Allard, Jamie","Allard, Jamie","Allard, Jamie","Arlington, Jim",0,0.443535773,0.556464227,0.556464227,,8.482929595,,,,
385,385,23,Alaska_11052024_StateHouseD27.csv,1,1,,1,3,2,STATE,YES,R,"Underwood, Jubilee L.","Underwood, Jubilee L.","Underwood, Jubilee L.","Underwood, Jubilee L.","Underwood, Jubilee L.",0,0.443535773,0.443535773,0.443535773,,6.532926816,,,,
386,386,24,Alaska_11052024_StateHouseD30.csv,1,1,,1,3,2,STATE,YES,R,"McCabe, Kevin J.","McCabe, Kevin J.","McCabe, Kevin J.","McCabe, Kevin J.","Holmes, Doyle E.",0,0.443535773,0.556464227,0.556464227,,6.607666596,,,,
387,387,25,Alaska_11052024_StateHouseD31.csv,1,1,,1,3,2,STATE,YES,R,"Dibert, Maxine L.","Dibert, Maxine L.","Dibert, Maxine L.","Dibert, Maxine L.","Dibert, Maxine L.",0,0.443535773,0.443535773,0.443535773,,7.424499101,,,,
388,388,26,Alaska_11052024_StateHouseD32.csv,1,1,,1,3,2,STATE,YES,R,"Stapp, Will","Stapp, Will","Stapp, Will","Stapp, Will","Damron, Gary K.",0,0.443535773,0.556464227,0.556464227,,7.246339128,,,,
389,389,27,Alaska_11052024_StateHouseD34.csv,1,1,,1,3,2,STATE,YES,R,"Tomaszewski, Frank","Tomaszewski, Frank","Tomaszewski, Frank","Tomaszewski, Frank","Cottle, Joy ""Joy Beth""",0,0.443535773,0.556464227,0.556464227,,6.693983239,,,,
390,390,28,Alaska_11052024_StateHouseD35.csv,1,1,,1,3,2,STATE,YES,R,"Carrick, Ashley E.","Carrick, Ashley E.","Carrick, Ashley E.","Carrick, Ashley E.","McNeill, Ruben A. Jr.",0,0.443535773,0.556464227,0.556464227,,8.401405068,,,,
391,391,29,Alaska_11052024_StateHouseD37.csv,1,1,,1,3,2,STATE,YES,R,"Edgmon, Bryce","Edgmon, Bryce","Edgmon, Bryce","Edgmon, Bryce","Deacon, Darren M.",0,0.443535773,0.556464227,0.556464227,,6.444763745,,,,
392,392,30,Alaska_11052024_StateHouseD39.csv,1,1,,1,3,2,STATE,YES,R,"Foster, Neal W.","Foster, Neal W.","Foster, Neal W.","Foster, Neal W.","Foster, Neal W.",0,0.443535773,0.443535773,0.443535773,,5.174545401,,,,
393,393,31,Alaska_11052024_StateHouseD5.csv,1,1,,1,3,2,STATE,YES,R,"Stutes, Louise B.","Stutes, Louise B.","Stutes, Louise B.","Stutes, Louise B.","Radner, Leighton",0,0.443535773,0.556464227,0.556464227,,7.8079079,,,,
394,394,32,Alaska_11052024_StateHouseD7.csv,1,1,,1,3,2,STATE,YES,R,"Ruffridge, Justin M.","Ruffridge, Justin M.","Ruffridge, Justin M.","Ruffridge, Justin M.","Gillham, Ronald D. ""Ron""",0,0.443535773,0.556464227,0.556464227,,6.814602572,,,,
395,395,33,Alaska_11052024_StateHouseD8.csv,1,1,,1,3,2,STATE,YES,R,"Elam, Bill","Elam, Bill","Elam, Bill","Elam, Bill","Hillyer, John",0,0.443535773,0.556464227,0.556464227,,6.412930457,,,,
396,396,34,Alaska_11052024_StateHouseD9.csv,1,1,,1,3,2,STATE,YES,R,"Holland, Ky","Holland, Ky","Holland, Ky","Holland, Ky","Holland, Ky",0,0.443535773,0.443535773,0.443535773,,8.554154326,,,,
397,397,35,Alaska_11052024_StateSenateH.csv,1,1,,1,3,2,STATE,YES,R,"Claman, Matt","Claman, Matt","Claman, Matt","Claman, Matt","Claman, Matt",0,0.443535773,0.443535773,0.443535773,,8.18834522,,,,
398,398,36,Alaska_11052024_StateSenateJ.csv,1,1,,1,3,2,STATE,YES,R,"Dunbar, Forrest","Dunbar, Forrest","Dunbar, Forrest","Dunbar, Forrest","Dunbar, Forrest",0,0.443535773,0.443535773,0.443535773,,7.348458818,,,,
399,399,37,Alaska_11052024_StateSenateP.csv,1,1,,1,3,2,STATE,YES,R,"Kawasaki, Scott","Kawasaki, Scott","Kawasaki, Scott","Hajdukovich, Leslie W.","Kawasaki, Scott",0,0.443535773,0.443535773,0.443535773,,7.248521054,,,,
400,400,38,Alaska_11082022_HouseDistrict1.csv,1,1,,1,3,2,STATE,YES,R,"Ortiz, Daniel H. ""Dan""","Ortiz, Daniel H. ""Dan""","Ortiz, Daniel H. ""Dan""","Ortiz, Daniel H. ""Dan""","Bynum, Jeremy T.",0,0.443535773,0.556464227,0.556464227,0,6.588389221,1,[],no,
401,401,39,Alaska_11082022_HouseDistrict12.csv,1,1,,1,3,2,STATE,YES,R,"Schrage, Calvin R.","Schrage, Calvin R.","Schrage, Calvin R.","Schrage, Calvin R.","Schrage, Calvin R.",0,0.443535773,0.443535773,0.443535773,0,7.044188398,1,[],no,
402,402,40,Alaska_11082022_HouseDistrict13.csv,1,1,,1,3,2,STATE,YES,R,"Josephson, Andy","Josephson, Andy","Josephson, Andy","Josephson, Andy","Josephson, Andy",0,0.443535773,0.443535773,0.443535773,0,6.915809091,1,[],no,
403,403,41,Alaska_11082022_HouseDistrict14.csv,1,1,,1,3,2,STATE,YES,R,"Galvin, Alyse S.","Galvin, Alyse S.","Galvin, Alyse S.","Galvin, Alyse S.","Galvin, Alyse S.",0,0.443535773,0.443535773,0.443535773,0,7.244234916,1,[],no,
404,404,42,Alaska_11082022_HouseDistrict16.csv,1,1,,1,3,2,STATE,YES,R,"Armstrong, Jennifer ""Jennie""","Armstrong, Jennifer ""Jennie""","Armstrong, Jennifer ""Jennie""","Armstrong, Jennifer ""Jennie""","Vazquez, Liz",0,0.443535773,0.556464227,0.556464227,0,7.412481284,1,[],no,
405,405,43,Alaska_11082022_HouseDistrict17.csv,1,1,,1,3,2,STATE,YES,R,"Fields, William Z. ""Zack""","Fields, William Z. ""Zack""","Fields, William Z. ""Zack""","Fields, William Z. ""Zack""","Fields, William Z. ""Zack""",0,0.443535773,0.443535773,0.443535773,0,4.558670354,1,[],no,
406,406,44,Alaska_11082022_HouseDistrict19.csv,1,1,,1,3,2,STATE,YES,R,"Mina, Genevieve G.","Mina, Genevieve G.","Mina, Genevieve G.","Mina, Genevieve G.","Mina, Genevieve G.",0,0.443535773,0.443535773,0.443535773,0,4.554490627,1,[],no,
407,407,45,Alaska_11082022_HouseDistrict2.csv,1,1,,1,3,2,STATE,YES,R,"Himschoot, Rebecca","Himschoot, Rebecca","Himschoot, Rebecca","Himschoot, Rebecca","Skaflestad, Kenny",0,0.443535773,0.556464227,0.556464227,0,7.101134397,1,[],no,
408,408,46,Alaska_11082022_HouseDistrict21.csv,1,1,,1,3,2,STATE,YES,R,"Mears, Donna C.","Mears, Donna C.","Mears, Donna C.","Wolfe, Forrest M.","Wolfe, Forrest M.",0,0.443535773,0.556464227,0.556464227,0,7.182324672,1,[],no,
409,409,47,Alaska_11082022_HouseDistrict22.csv,1,1,,1,3,2,STATE,YES,R,"Wright, Stanley A.","Wright, Stanley A.","Wright, Stanley A.","Wright, Stanley A.","Eischeid, Ted J.",0,0.443535773,0.556464227,0.556464227,0,6.630780004,1,[],no,
410,410,48,Alaska_11082022_HouseDistrict23.csv,1,1,,1,3,2,STATE,YES,R,"Allard, Jamie","Allard, Jamie","Allard, Jamie","Allard, Jamie","Allard, Jamie",0,0.443535773,0.443535773,0.443535773,0,5.554335085,1,[],no,
411,411,49,Alaska_11082022_HouseDistrict25.csv,1,1,,1,3,2,STATE,YES,R,"Johnson, DeLena M.","Johnson, DeLena M.","Johnson, DeLena M.","Johnson, DeLena M.","Johnson, DeLena M.",0,0.443535773,0.443535773,0.443535773,0,5.189748978,1,[],no,
412,412,50,Alaska_11082022_HouseDistrict26.csv,1,1,,1,3,2,STATE,YES,R,"Tilton, Cathy L.","Tilton, Cathy L.","Tilton, Cathy L.","Tilton, Cathy L.","Stokes, Daniel L.",0,0.443535773,0.556464227,0.556464227,0,7.250131791,1,[],no,
413,413,51,Alaska_11082022_HouseDistrict29.csv,1,1,,1,3,2,STATE,YES,R,"Rauscher, George","Rauscher, George","Rauscher, George","Rauscher, George","Rauscher, George",0,0.443535773,0.443535773,0.443535773,0,6.90363253,1,[],no,
414,414,52,Alaska_11082022_HouseDistrict36.csv,1,1,,1,3,2,STATE,YES,R,"Cronk, Mike","Cronk, Mike","Cronk, Mike","Cronk, Mike","Cronk, Mike",0,0.443535773,0.443535773,0.443535773,0,7.370505396,1,[],no,
415,415,53,Alaska_11082022_HouseDistrict39.csv,1,1,,1,3,2,STATE,YES,R,"Foster, Neal W.","Foster, Neal W.","Foster, Neal W.","Foster, Neal W.","Foster, Neal W.",0,0.443535773,0.443535773,0.443535773,0,4.47484538,1,[],no,
416,416,54,Alaska_11082022_HouseDistrict4.csv,1,1,,1,3,2,STATE,YES,R,"Hannan, Sara","Hannan, Sara","Hannan, Sara","Hannan, Sara","Hannan, Sara",0,0.443535773,0.443535773,0.443535773,0,6.765464589,1,[],no,
417,417,55,Alaska_11082022_HouseDistrict5.csv,1,1,,1,3,2,STATE,YES,R,"Stutes, Louise B.","Stutes, Louise B.","Stutes, Louise B.","Stutes, Louise B.","Vincent, Benjamin T.",0,0.443535773,0.556464227,0.556464227,0,5.843367694,1,[],no,
418,418,56,Alaska_11082022_HouseDistrict7.csv,1,1,,1,3,2,STATE,YES,R,"Ruffridge, Justin","Ruffridge, Justin","Ruffridge, Justin","Ruffridge, Justin","Gillham, Ronald D. ""Ron""",0,0.443535773,0.556464227,0.556464227,0,5.509555971,1,[],no,
419,419,57,Alaska_11082022_HouseDistrict9.csv,1,1,,1,3,2,STATE,YES,R,"Shaw, Laddie H.","Shaw, Laddie H.","Shaw, Laddie H.","Shaw, Laddie H.","Shaw, Laddie H.",0,0.443535773,0.443535773,0.443535773,0,7.736882182,1,[],no,
420,420,58,Alaska_11082022_SenateDistrictA.csv,1,1,,1,3,2,STATE,YES,S,"Stedman, Bert K.","Stedman, Bert K.","Stedman, Bert K.","Stedman, Bert K.","Sheldon, Mike",0,0.443535773,0.556464227,0.556464227,0,5.810725443,1,[],no,
421,421,59,Alaska_11082022_SenateDistrictF.csv,1,1,,1,3,2,STATE,YES,S,"Kaufman, James D.","Kaufman, James D.","Kaufman, James D.","Kaufman, James D.","Kaufman, James D.",0,0.443535773,0.443535773,0.443535773,0,7.393220054,1,[],no,
422,422,60,Alaska_11082022_SenateDistrictG.csv,1,1,,1,3,2,STATE,YES,S,"Gray-Jackson, Elvi","Gray-Jackson, Elvi","Gray-Jackson, Elvi","Gray-Jackson, Elvi","Sanders, Marcus D.",0,0.443535773,0.556464227,0.556464227,0,7.030030419,1,[],no,
423,423,61,Alaska_11082022_SenateDistrictH.csv,1,1,,1,3,2,STATE,YES,S,"Claman, Matt","Claman, Matt","Claman, Matt","Costello, Mia","Costello, Mia",0,0.443535773,0.556464227,0.556464227,0,7.114118292,1,[],no,
424,424,62,Alaska_11082022_SenateDistrictI.csv,1,1,,1,3,2,STATE,YES,S,"Tobin, Löki G.","Tobin, Löki G.","Tobin, Löki G.","Tobin, Löki G.","Tobin, Löki G.",0,0.443535773,0.443535773,0.443535773,0,6.306945684,1,[],no,
425,425,63,Alaska_11082022_SenateDistrictK.csv,1,1,,1,3,2,STATE,YES,S,"Wielechowski, Bill","Wielechowski, Bill","Wielechowski, Bill","Wielechowski, Bill","Wielechowski, Bill",0,0.443535773,0.443535773,0.443535773,0,6.975476394,1,[],no,
426,426,64,Alaska_11082022_SenateDistrictL.csv,1,1,,1,3,2,STATE,YES,S,"Merrick, Kelly R.","Merrick, Kelly R.","Merrick, Kelly R.","Merrick, Kelly R.","McCarty, Ken",0,0.443535773,0.556464227,0.556464227,0,5.343956642,1,[],no,
427,427,65,Alaska_11082022_SenateDistrictM.csv,1,1,,1,3,2,STATE,YES,S,"Hughes, Shelley","Hughes, Shelley","Hughes, Shelley","Hughes, Shelley","Cooper, Jim",0,0.443535773,0.556464227,0.556464227,0,7.777290134,1,[],no,
428,428,66,Alaska_11082022_SenateDistrictO.csv,1,1,,1,3,2,STATE,YES,S,"Shower, Michael K.","Shower, Michael K.","Shower, Michael K.","Shower, Michael K.","Shower, Michael K.",0,0.443535773,0.443535773,0.443535773,0,5.147278669,1,[],no,
429,429,67,Alaska_11082022_SenateDistrictS.csv,1,1,,1,3,2,STATE,YES,S,"Hoffman, Lyman F.","Hoffman, Lyman F.","Hoffman, Lyman F.","Hoffman, Lyman F.","Hoffman, Lyman F.",0,0.443535773,0.443535773,0.443535773,0,5.057273597,1,[],no,
440,440,78,Burlington_03072023_CityCouncilCentralDistrict.csv,1,1,,1,3,2,LOCAL,YES,R,MELO GRANT,MELO GRANT,MELO GRANT,MELO GRANT,AVERY MUZIKAR,0,0.443535773,0.556464227,0.556464227,0,4.615537299,1,[],no,
441,441,79,Burlington_03072023_CityCouncilEastDistrict.csv,1,1,,1,3,2,LOCAL,YES,R,"TIMOTHY C. DOHERTY,JR","TIMOTHY C. DOHERTY,JR","TIMOTHY C. DOHERTY,JR","TIMOTHY C. DOHERTY,JR",JAKE SCHUMANN,0,0.443535773,0.556464227,0.556464227,0,4.603197762,1,[],no,
72,76,478,Wyoming_04172020_PRESIDENTOFTHEUNITEDSTATES.csv,0.1685,0.1627,0.386905644,0.73334634,5,9,FEDERAL,DP,E,Joseph R. Biden,Joseph R. Biden,Joseph R. Biden,Joseph R. Biden,Elizabeth Warren,0.449306524,0.443535773,0.049746113,0.049746113,0,2.663425318,,[],no,
