filename,diff,linearvotersfailure,gamma,null_gamma,mirror,choices,candidates,level,partisan,type,irv1,irv2,condorcet1,plurality1,approval1irv2,condorcet2,plurality2,approval2,approval1,polarization,median_voter_distance,median_voter_preference_distance,bimodality,partisan2
Alaska_04102020_PRESIDENTOFTHEUNITEDSTATES.csv,[],no,0.67039812,,,,8,FEDERAL,DP,E,Joseph R. Biden,Joseph R. Biden,Joseph R. Biden,Joseph R. Biden,,Joseph R. Biden,Joseph R. Biden,Joseph R. Biden,Joseph R. Biden,0.24324325,0,0,0.24692224,
Alaska_08162022_HouseofRepresentativesSpecial.csv,[],no,0.96684176,,,,3,FEDERAL,YES,R,"Peltola, Mary S.","Peltola, Mary S.","Begich, Nick","Peltola, Mary S.",,"Begich, Nick","Peltola, Mary S.","Begich, Nick","Begich, Nick",0.97797799,0.44353577,0.58504355,3.5239146,1
Alaska_11082022_GovernorLieutenantGovernor.csv,[],no,0.88067079,,,,4,STATE,YES,E,Dunleavy/Dahlstrom,Dunleavy/Dahlstrom,Dunleavy/Dahlstrom,Dunleavy/Dahlstrom,,Dunleavy/Dahlstrom,Dunleavy/Dahlstrom,Dunleavy/Dahlstrom,Dunleavy/Dahlstrom,0.95295298,0.13172564,0.23858598,1.7966225,1
Alaska_11082022_HouseDistrict1.csv,[],no,1,,,,2,STATE,YES,R,"Ortiz, Daniel H. ""Dan""","Ortiz, Daniel H. ""Dan""","Ortiz, Daniel H. ""Dan""","Ortiz, Daniel H. ""Dan""",,"Ortiz, Daniel H. ""Dan""","Ortiz, Daniel H. ""Dan""","Ortiz, Daniel H. ""Dan""","Ortiz, Daniel H. ""Dan""",0.996997,0.41585127,0,,1
Alaska_11082022_HouseDistrict10.csv,[],no,0.93600118,,,,3,STATE,YES,R,"Johnson, Craig W.","Johnson, Craig W.","Johnson, Craig W.","Johnson, Craig W.",,"Johnson, Craig W.","Johnson, Craig W.","Johnson, Craig W.","Johnson, Craig W.",0.990991,0.19891217,0,3.0635979,1
Alaska_11082022_HouseDistrict11.csv,[],no,0.94790989,,YES,,3,STATE,YES,R,"Coulombe, Julie","Coulombe, Julie","Coulombe, Julie","Featherly, Walter T.",,"Coulombe, Julie","Featherly, Walter T.","Coulombe, Julie","Coulombe, Julie",0.62362361,0.28694314,0,2.6132936,1
Alaska_11082022_HouseDistrict12.csv,[],no,1,,,,2,STATE,YES,R,"Schrage, Calvin R.","Schrage, Calvin R.","Schrage, Calvin R.","Schrage, Calvin R.",,"Schrage, Calvin R.","Schrage, Calvin R.","Schrage, Calvin R.","Schrage, Calvin R.",0.996997,0.21355186,0,,1
Alaska_11082022_HouseDistrict13.csv,[],no,1,,,,2,STATE,YES,R,"Josephson, Andy","Josephson, Andy","Josephson, Andy","Josephson, Andy",,"Josephson, Andy","Josephson, Andy","Josephson, Andy","Josephson, Andy",0.996997,0.40932313,0,,1
Alaska_11082022_HouseDistrict14.csv,[],no,1,,,,2,STATE,YES,R,"Galvin, Alyse S.","Galvin, Alyse S.","Galvin, Alyse S.","Galvin, Alyse S.",,"Galvin, Alyse S.","Galvin, Alyse S.","Galvin, Alyse S.","Galvin, Alyse S.",0.997998,0,0,,1
Alaska_11082022_HouseDistrict15.csv,[],no,0.95557082,,,,3,STATE,YES,R,"McKay, Thomas W. ""Tom""","McKay, Thomas W. ""Tom""","McKay, Thomas W. ""Tom""","Wells, Denny",,"McKay, Thomas W. ""Tom""","Wells, Denny","McKay, Thomas W. ""Tom""","McKay, Thomas W. ""Tom""",0.98198199,0.51595747,0.39689454,2.6860263,1
Alaska_11082022_HouseDistrict16.csv,[],no,1,,,,2,STATE,YES,R,"Armstrong, Jennifer ""Jennie""","Armstrong, Jennifer ""Jennie""","Armstrong, Jennifer ""Jennie""","Armstrong, Jennifer ""Jennie""",,"Armstrong, Jennifer ""Jennie""","Armstrong, Jennifer ""Jennie""","Armstrong, Jennifer ""Jennie""","Armstrong, Jennifer ""Jennie""",0.997998,0.27449888,0,,1
Alaska_11082022_HouseDistrict17.csv,[],no,1,,,,2,STATE,YES,R,"Fields, William Z. ""Zack""","Fields, William Z. ""Zack""","Fields, William Z. ""Zack""","Fields, William Z. ""Zack""",,"Fields, William Z. ""Zack""","Fields, William Z. ""Zack""","Fields, William Z. ""Zack""","Fields, William Z. ""Zack""",0.992993,0.38185257,0,,1
Alaska_11082022_HouseDistrict18.csv,[],no,0.94289762,,YES,,3,STATE,YES,R,"Groh, Cliff","Groh, Cliff","Groh, Cliff","Nelson, David",,"Groh, Cliff","Nelson, David","Groh, Cliff","Groh, Cliff",0.63063061,0.25291675,0,1.6584686,1
Alaska_11082022_HouseDistrict19.csv,[],no,1,,,,2,STATE,YES,R,"Mina, Genevieve G.","Mina, Genevieve G.","Mina, Genevieve G.","Mina, Genevieve G.",,"Mina, Genevieve G.","Mina, Genevieve G.","Mina, Genevieve G.","Mina, Genevieve G.",0.993994,0.16849662,0,,1
Alaska_11082022_HouseDistrict2.csv,[],no,1,,,,2,STATE,YES,R,"Himschoot, Rebecca","Himschoot, Rebecca","Himschoot, Rebecca","Himschoot, Rebecca",,"Himschoot, Rebecca","Himschoot, Rebecca","Himschoot, Rebecca","Himschoot, Rebecca",0.997998,0.19066937,0,,1
Alaska_11082022_HouseDistrict20.csv,[],no,0.85363907,,,,4,STATE,YES,R,"Gray, Andrew T.","Gray, Andrew T.","Gray, Andrew T.","Gray, Andrew T.",,"Gray, Andrew T.","Gray, Andrew T.","Gray, Andrew T.","Gray, Andrew T.",0.97597599,0.13787247,0,1.91251,1
Alaska_11082022_HouseDistrict21.csv,[],no,1,,,,2,STATE,YES,R,"Mears, Donna C.","Mears, Donna C.","Mears, Donna C.","Mears, Donna C.",,"Mears, Donna C.","Mears, Donna C.","Wolfe, Forrest M.","Wolfe, Forrest M.",0.997998,0.45851648,0,,1
Alaska_11082022_HouseDistrict22.csv,[],no,1,,,,2,STATE,YES,R,"Wright, Stanley A.","Wright, Stanley A.","Wright, Stanley A.","Wright, Stanley A.",,"Wright, Stanley A.","Wright, Stanley A.","Wright, Stanley A.","Wright, Stanley A.",0.996997,0.46179774,0,,1
Alaska_11082022_HouseDistrict23.csv,[],no,1,,,,2,STATE,YES,R,"Allard, Jamie","Allard, Jamie","Allard, Jamie","Allard, Jamie",,"Allard, Jamie","Allard, Jamie","Allard, Jamie","Allard, Jamie",0.995996,0.24003518,0,,1
Alaska_11082022_HouseDistrict24.csv,[],no,0.96160001,,,,3,STATE,YES,R,"Saddler, Dan","Saddler, Dan","Saddler, Dan","Saddler, Dan",,"Saddler, Dan","Saddler, Dan","Saddler, Dan","Saddler, Dan",0.98598599,0.16536644,0,1.7723951,1
Alaska_11082022_HouseDistrict25.csv,[],no,1,,,,2,STATE,YES,R,"Johnson, DeLena M.","Johnson, DeLena M.","Johnson, DeLena M.","Johnson, DeLena M.",,"Johnson, DeLena M.","Johnson, DeLena M.","Johnson, DeLena M.","Johnson, DeLena M.",0.996997,0,0,,1
Alaska_11082022_HouseDistrict26.csv,[],no,1,,,,2,STATE,YES,R,"Tilton, Cathy L.","Tilton, Cathy L.","Tilton, Cathy L.","Tilton, Cathy L.",,"Tilton, Cathy L.","Tilton, Cathy L.","Tilton, Cathy L.","Tilton, Cathy L.",0.997998,0,0,,1
Alaska_11082022_HouseDistrict27.csv,[],no,0.8960644,,,,3,STATE,YES,R,"Eastman, David","Eastman, David","Eastman, David","Eastman, David",,"Eastman, David","Eastman, David","Eastman, David","Eastman, David",0.987988,0.29048997,0.52427042,2.2787588,1
Alaska_11082022_HouseDistrict28.csv,[],no,0.79952991,,,,4,STATE,YES,R,"Sumner, Jesse M.","Sumner, Jesse M.","Sumner, Jesse M.","Sumner, Jesse M.",,"Sumner, Jesse M.","Sumner, Jesse M.","Sumner, Jesse M.","Sumner, Jesse M.",0.66066068,0,0,2.9265559,1
Alaska_11082022_HouseDistrict29.csv,[],no,1,,,,2,STATE,YES,R,"Rauscher, George","Rauscher, George","Rauscher, George","Rauscher, George",,"Rauscher, George","Rauscher, George","Rauscher, George","Rauscher, George",0.996997,0,0,,1
Alaska_11082022_HouseDistrict30.csv,[],no,0.97451556,,,,3,STATE,YES,R,"McCabe, Kevin J.","McCabe, Kevin J.","McCabe, Kevin J.","McCabe, Kevin J.",,"McCabe, Kevin J.","McCabe, Kevin J.","McCabe, Kevin J.","McCabe, Kevin J.",0.3073073,0,0,3.1555324,1
Alaska_11082022_HouseDistrict31.csv,['Approval'],no,0.91760302,,YES,,3,STATE,YES,R,"Dibert, Maxine L.","Dibert, Maxine L.","Dibert, Maxine L.","Dibert, Maxine L.",,"Dibert, Maxine L.","Dibert, Maxine L.","LeBon, Barton S.","Dibert, Maxine L.",0.65065068,0.33681509,0.65376419,2.2283971,1
Alaska_11082022_HouseDistrict32.csv,[],no,0.91522217,,YES,,3,STATE,YES,R,"Stapp, Will B.","Stapp, Will B.","Stapp, Will B.","Stapp, Will B.",,"Stapp, Will B.","Stapp, Will B.","Stapp, Will B.","Stapp, Will B.",0.98298299,0.14738026,0,2.6406155,1
Alaska_11082022_HouseDistrict34.csv,[],no,0.9292683,,,,3,STATE,YES,R,"Tomaszewski, Frank J.","Tomaszewski, Frank J.","Tomaszewski, Frank J.","Tomaszewski, Frank J.",,"Tomaszewski, Frank J.","Tomaszewski, Frank J.","Tomaszewski, Frank J.","Tomaszewski, Frank J.",0.98098099,0.16716197,0,3.2505865,1
Alaska_11082022_HouseDistrict35.csv,[],no,0.90710747,,,,4,STATE,YES,R,"Carrick, Ashley E.","Carrick, Ashley E.","Carrick, Ashley E.","Carrick, Ashley E.",,"Carrick, Ashley E.","Carrick, Ashley E.","Carrick, Ashley E.","Carrick, Ashley E.",0.7007007,0.14745302,0,1.5450485,1
Alaska_11082022_HouseDistrict36.csv,[],no,1,,,,2,STATE,YES,R,"Cronk, Mike","Cronk, Mike","Cronk, Mike","Cronk, Mike",,"Cronk, Mike","Cronk, Mike","Cronk, Mike","Cronk, Mike",0.997998,0,0,,1
Alaska_11082022_HouseDistrict39.csv,[],no,1,,,,2,STATE,YES,R,"Foster, Neal W.","Foster, Neal W.","Foster, Neal W.","Foster, Neal W.",,"Foster, Neal W.","Foster, Neal W.","Foster, Neal W.","Foster, Neal W.",0.992993,0.47649795,0,,1
Alaska_11082022_HouseDistrict4.csv,[],no,1,,,,2,STATE,YES,R,"Hannan, Sara","Hannan, Sara","Hannan, Sara","Hannan, Sara",,"Hannan, Sara","Hannan, Sara","Hannan, Sara","Hannan, Sara",0.997998,0,0,,1
Alaska_11082022_HouseDistrict5.csv,[],no,1,,,,2,STATE,YES,R,"Stutes, Louise B.","Stutes, Louise B.","Stutes, Louise B.","Stutes, Louise B.",,"Stutes, Louise B.","Stutes, Louise B.","Stutes, Louise B.","Stutes, Louise B.",0.995996,0.18529107,0,,1
Alaska_11082022_HouseDistrict6.csv,[],no,0.94118267,,YES,,3,STATE,YES,R,"Vance, Sarah L.","Vance, Sarah L.","Vance, Sarah L.","Vance, Sarah L.",,"Vance, Sarah L.","Vance, Sarah L.","Vance, Sarah L.","Vance, Sarah L.",0.98298299,0.31114131,0,2.6664042,1
Alaska_11082022_HouseDistrict7.csv,[],no,1,,,,2,STATE,YES,R,"Ruffridge, Justin","Ruffridge, Justin","Ruffridge, Justin","Ruffridge, Justin",,"Ruffridge, Justin","Ruffridge, Justin","Ruffridge, Justin","Ruffridge, Justin",0.995996,0.41450566,0,,1
Alaska_11082022_HouseDistrict9.csv,[],no,1,,,,2,STATE,YES,R,"Shaw, Laddie H.","Shaw, Laddie H.","Shaw, Laddie H.","Shaw, Laddie H.",,"Shaw, Laddie H.","Shaw, Laddie H.","Shaw, Laddie H.","Shaw, Laddie H.",0.997998,0.24820788,0,,1
Alaska_11082022_SenateDistrictA.csv,[],no,1,,,,2,STATE,YES,S,"Stedman, Bert K.","Stedman, Bert K.","Stedman, Bert K.","Stedman, Bert K.",,"Stedman, Bert K.","Stedman, Bert K.","Stedman, Bert K.","Stedman, Bert K.",0.996997,0.028147586,0,,1
Alaska_11082022_SenateDistrictC.csv,[],no,0.94512415,,,,3,STATE,YES,S,"Stevens, Gary","Stevens, Gary","Stevens, Gary","Stevens, Gary",,"Stevens, Gary","Stevens, Gary","Stevens, Gary","Stevens, Gary",0.54454452,0.16288899,0,2.1396968,1
Alaska_11082022_SenateDistrictD.csv,[],no,0.94079727,,,,3,STATE,YES,S,"Bjorkman, Jesse J.","Bjorkman, Jesse J.","Bjorkman, Jesse J.","Bjorkman, Jesse J.",,"Bjorkman, Jesse J.","Bjorkman, Jesse J.","Bjorkman, Jesse J.","Bjorkman, Jesse J.",0.32232231,0.31506911,0.32601073,3.4126835,1
Alaska_11082022_SenateDistrictE.csv,[],no,0.97468579,,,,3,STATE,YES,S,"Giessel, Cathy","Giessel, Cathy","Giessel, Cathy","Giessel, Cathy",,"Giessel, Cathy","Giessel, Cathy","Giessel, Cathy","Giessel, Cathy",0.987988,0,0,3.6715939,1
Alaska_11082022_SenateDistrictF.csv,[],no,1,,,,2,STATE,YES,S,"Kaufman, James D.","Kaufman, James D.","Kaufman, James D.","Kaufman, James D.",,"Kaufman, James D.","Kaufman, James D.","Kaufman, James D.","Kaufman, James D.",0.997998,0.25783527,0,,1
Alaska_11082022_SenateDistrictG.csv,[],no,1,,,,2,STATE,YES,S,"Gray-Jackson, Elvi","Gray-Jackson, Elvi","Gray-Jackson, Elvi","Gray-Jackson, Elvi",,"Gray-Jackson, Elvi","Gray-Jackson, Elvi","Gray-Jackson, Elvi","Gray-Jackson, Elvi",0.997998,0.27235401,0,,1
Alaska_11082022_SenateDistrictH.csv,[],no,1,,,,2,STATE,YES,S,"Claman, Matt","Claman, Matt","Claman, Matt","Claman, Matt",,"Claman, Matt","Claman, Matt","Costello, Mia","Costello, Mia",0.997998,0.42703173,0,,1
Alaska_11082022_SenateDistrictI.csv,[],no,1,,,,2,STATE,YES,S,"Tobin, Löki G.","Tobin, Löki G.","Tobin, Löki G.","Tobin, Löki G.",,"Tobin, Löki G.","Tobin, Löki G.","Tobin, Löki G.","Tobin, Löki G.",0.997998,0.047526501,0,,1
Alaska_11082022_SenateDistrictJ.csv,[],no,0.9500578,,YES,,3,STATE,YES,S,"Dunbar, Forrest","Dunbar, Forrest","Dunbar, Forrest","Dunbar, Forrest",,"Dunbar, Forrest","Dunbar, Forrest","Dunbar, Forrest","Dunbar, Forrest",0.97697699,0.19988154,0,3.1323633,1
Alaska_11082022_SenateDistrictK.csv,[],no,1,,,,2,STATE,YES,S,"Wielechowski, Bill","Wielechowski, Bill","Wielechowski, Bill","Wielechowski, Bill",,"Wielechowski, Bill","Wielechowski, Bill","Wielechowski, Bill","Wielechowski, Bill",0.996997,0.24638101,0,,1
Alaska_11082022_SenateDistrictL.csv,[],no,1,,,,2,STATE,YES,S,"Merrick, Kelly R.","Merrick, Kelly R.","Merrick, Kelly R.","Merrick, Kelly R.",,"Merrick, Kelly R.","Merrick, Kelly R.","Merrick, Kelly R.","Merrick, Kelly R.",0.994995,0.32930514,0,,1
Alaska_11082022_SenateDistrictM.csv,[],no,1,,,,2,STATE,YES,S,"Hughes, Shelley","Hughes, Shelley","Hughes, Shelley","Hughes, Shelley",,"Hughes, Shelley","Hughes, Shelley","Hughes, Shelley","Hughes, Shelley",0.997998,0,0,,1
Alaska_11082022_SenateDistrictN.csv,['Approval'],no,0.87059641,,,,3,STATE,YES,S,"Wilson, David S.","Wilson, David S.","Wilson, David S.","Wilson, David S.",,"Wilson, David S.","Wilson, David S.","Wright, Stephen","Wilson, David S.",0.47047046,0.37098023,0.47598839,2.7269957,1
Alaska_11082022_SenateDistrictO.csv,[],no,1,,,,2,STATE,YES,S,"Shower, Michael K.","Shower, Michael K.","Shower, Michael K.","Shower, Michael K.",,"Shower, Michael K.","Shower, Michael K.","Shower, Michael K.","Shower, Michael K.",0.994995,0.44213599,0,,1
Alaska_11082022_SenateDistrictP.csv,[],no,0.8864556,,,,3,STATE,YES,S,"Kawasaki, Scott","Kawasaki, Scott","Kawasaki, Scott","Kawasaki, Scott",,"Kawasaki, Scott","Kawasaki, Scott","Matherly, Jim","Matherly, Jim",0.98398399,0.47446194,0.65279967,3.1170959,1
Alaska_11082022_SenateDistrictQ.csv,[],no,0.90888804,,YES,,3,STATE,YES,S,"Myers, Robert H. Jr.","Myers, Robert H. Jr.","Myers, Robert H. Jr.","Myers, Robert H. Jr.",,"Myers, Robert H. Jr.","Myers, Robert H. Jr.","Myers, Robert H. Jr.","Myers, Robert H. Jr.",0.993994,0.021213401,0,2.1045742,1
Alaska_11082022_SenateDistrictR.csv,[],no,0.91031516,,,,3,STATE,YES,S,"Bishop, Click","Bishop, Click","Bishop, Click","Bishop, Click",,"Bishop, Click","Bishop, Click","Bishop, Click","Bishop, Click",0.43143144,0.15904613,0,1.9899117,1
Alaska_11082022_SenateDistrictS.csv,[],no,1,,,,2,STATE,YES,S,"Hoffman, Lyman F.","Hoffman, Lyman F.","Hoffman, Lyman F.","Hoffman, Lyman F.",,"Hoffman, Lyman F.","Hoffman, Lyman F.","Hoffman, Lyman F.","Hoffman, Lyman F.",0.995996,0.22965117,0,,1
Alaska_11082022_USRepresentative.csv,[],no,0.85950381,,YES,,4,FEDERAL,YES,R,"Peltola, Mary S.","Peltola, Mary S.","Peltola, Mary S.","Peltola, Mary S.",,"Peltola, Mary S.","Peltola, Mary S.","Begich, Nick","Begich, Nick",0.97097099,0.31553781,0.31553781,2.2792301,1
Alaska_11082022_USSenator.csv,[],no,0.8947562,,YES,,4,FEDERAL,YES,S,"Murkowski, Lisa","Murkowski, Lisa","Murkowski, Lisa","Murkowski, Lisa",,"Murkowski, Lisa","Murkowski, Lisa","Murkowski, Lisa","Murkowski, Lisa",0.76376379,0.39525065,0.41552889,3.0931847,1
Albany_11082022_BoardofEducation.csv,[],no,0.68710524,,,,4,LOCAL,NO,B,RON ROSENBAUM,RON ROSENBAUM,RON ROSENBAUM,RON ROSENBAUM,,RON ROSENBAUM,RON ROSENBAUM,RON ROSENBAUM,RON ROSENBAUM,0.095095098,0.11811411,0.018024703,3.138176,0
Albany_11082022_CityCouncil.csv,[],no,0.42024156,,,,5,LOCAL,NO,R,JOHN ANTHONY MIKI,JOHN ANTHONY MIKI,JOHN ANTHONY MIKI,JOHN ANTHONY MIKI,,JOHN ANTHONY MIKI,JOHN ANTHONY MIKI,JOHN ANTHONY MIKI,JOHN ANTHONY MIKI,0.18118118,0.017688651,0,1.5775117,0
Berkeley_03072017_CityCouncilDistrict4.csv,[],no,1,,,,2,LOCAL,NO,R,KATE HARRISON,KATE HARRISON,KATE HARRISON,KATE HARRISON,,KATE HARRISON,KATE HARRISON,KATE HARRISON,KATE HARRISON,0.993994,0.28506312,0,,0
Berkeley_11022010_CityCouncilDistrict1.csv,[],no,0.90872318,,,,4,LOCAL,NO,R,LINDA MAIO,LINDA MAIO,LINDA MAIO,LINDA MAIO,,LINDA MAIO,LINDA MAIO,LINDA MAIO,LINDA MAIO,0.1011011,0,0,0.95530349,0
Berkeley_11022010_CityCouncilDistrict4.csv,[],no,0.86288118,,,,4,LOCAL,NO,R,JESSE ARREGUIN,JESSE ARREGUIN,JESSE ARREGUIN,JESSE ARREGUIN,,JESSE ARREGUIN,JESSE ARREGUIN,JESSE ARREGUIN,JESSE ARREGUIN,0.3073073,0.15278566,0,2.1387618,0
Berkeley_11022010_CityCouncilDistrict7.csv,['Approval'],no,0.74910051,,,,3,LOCAL,NO,R,KRISS WORTHINGTON,KRISS WORTHINGTON,KRISS WORTHINGTON,KRISS WORTHINGTON,,KRISS WORTHINGTON,KRISS WORTHINGTON,CECILIA ''CES'' ROSALES,KRISS WORTHINGTON,0.97497499,0.31481481,0.4952684,1.9151299,0
Berkeley_11022010_CityCouncilDistrict8.csv,[],no,0.81851852,,,,3,LOCAL,NO,R,GORDON WOZNIAK,GORDON WOZNIAK,GORDON WOZNIAK,GORDON WOZNIAK,,GORDON WOZNIAK,GORDON WOZNIAK,GORDON WOZNIAK,GORDON WOZNIAK,0.97497499,0.2094035,0,0.68128705,0
Berkeley_11032020_MayorBerkeleyRCV.csv,[],no,0.8385781,,,,4,LOCAL,NO,E,JESSE ARREGUÍN,JESSE ARREGUÍN,JESSE ARREGUÍN,JESSE ARREGUÍN,,JESSE ARREGUÍN,JESSE ARREGUÍN,JESSE ARREGUÍN,JESSE ARREGUÍN,0.22922923,0,0,1.2540995,0
Berkeley_11032020_MemberCityCouncilDist2BerkeleyRCV.csv,[],no,0.77812994,,,,4,LOCAL,NO,R,TERRY TAPLIN,TERRY TAPLIN,TERRY TAPLIN,TERRY TAPLIN,,TERRY TAPLIN,TERRY TAPLIN,TERRY TAPLIN,TERRY TAPLIN,0.32532531,0,0,3.3825257,0
Berkeley_11032020_MemberCityCouncilDist3BerkeleyRCV.csv,[],no,0.90539837,,,,3,LOCAL,NO,R,BEN BARTLETT,BEN BARTLETT,BEN BARTLETT,BEN BARTLETT,,BEN BARTLETT,BEN BARTLETT,BEN BARTLETT,BEN BARTLETT,0.4054054,0.09044911,0,1.2603396,0
Berkeley_11032020_MemberCityCouncilDist5BerkeleyRCV.csv,[],no,0.89278227,,,,3,LOCAL,NO,R,SOPHIE HAHN,SOPHIE HAHN,SOPHIE HAHN,SOPHIE HAHN,,SOPHIE HAHN,SOPHIE HAHN,SOPHIE HAHN,SOPHIE HAHN,0.4024024,0.017427387,0,1.2646065,0
Berkeley_11032020_MemberCityCouncilDist6BerkeleyRCV.csv,[],no,1,,,,2,LOCAL,NO,R,SUSAN WENGRAF,SUSAN WENGRAF,SUSAN WENGRAF,SUSAN WENGRAF,,SUSAN WENGRAF,SUSAN WENGRAF,SUSAN WENGRAF,SUSAN WENGRAF,0.994995,0.09205021,0,,0
Berkeley_11042014_CityCouncilDistrict1.csv,[],no,0.93896967,,,,3,LOCAL,NO,R,LINDA MAIO,LINDA MAIO,LINDA MAIO,LINDA MAIO,,LINDA MAIO,LINDA MAIO,LINDA MAIO,LINDA MAIO,0.38438439,0.028544873,0,2.808989,0
Berkeley_11042014_CityCouncilDistrict7.csv,[],no,1,,,,2,LOCAL,NO,R,KRISS WORTHINGTON,KRISS WORTHINGTON,KRISS WORTHINGTON,KRISS WORTHINGTON,,KRISS WORTHINGTON,KRISS WORTHINGTON,KRISS WORTHINGTON,KRISS WORTHINGTON,0.993994,0.38873628,0,,0
Berkeley_11042014_CityCouncilDistrict8.csv,[],no,0.80145758,,,,4,LOCAL,NO,R,LORI DROSTE,LORI DROSTE,LORI DROSTE,LORI DROSTE,,LORI DROSTE,LORI DROSTE,LORI DROSTE,LORI DROSTE,0.3003003,0.21351403,0.29876933,3.209013,0
Berkeley_11062012_CityCouncilDistrict2.csv,[],no,0.91354614,,,,3,LOCAL,NO,R,DARRYL MOORE,DARRYL MOORE,DARRYL MOORE,DARRYL MOORE,,DARRYL MOORE,DARRYL MOORE,DARRYL MOORE,DARRYL MOORE,0.54554552,0.18916851,0,1.020007,0
Berkeley_11062012_CityCouncilDistrict3.csv,[],no,1,,,,2,LOCAL,NO,R,MAX ANDERSON,MAX ANDERSON,MAX ANDERSON,MAX ANDERSON,,MAX ANDERSON,MAX ANDERSON,MAX ANDERSON,MAX ANDERSON,0.995996,0.28678736,0,,0
Berkeley_11062012_CityCouncilDistrict5.csv,[],no,1,,,,2,LOCAL,NO,R,LAURIE CAPITELLI,LAURIE CAPITELLI,LAURIE CAPITELLI,LAURIE CAPITELLI,,LAURIE CAPITELLI,LAURIE CAPITELLI,LAURIE CAPITELLI,LAURIE CAPITELLI,0.995996,0.390625,0,,0
Berkeley_11062012_CityCouncilDistrict6.csv,[],no,1,,,,2,LOCAL,NO,R,SUSAN WENGRAF,SUSAN WENGRAF,SUSAN WENGRAF,SUSAN WENGRAF,,SUSAN WENGRAF,SUSAN WENGRAF,SUSAN WENGRAF,SUSAN WENGRAF,0.1961962,0,0,,0
Berkeley_11062012_Mayor.csv,[],no,0.85551387,,,,7,LOCAL,NO,E,TOM BATES,TOM BATES,TOM BATES,TOM BATES,,TOM BATES,TOM BATES,TOM BATES,TOM BATES,0.54754752,0,0,0.032532517,0
Berkeley_11062018_CityAuditor.csv,[],no,1,,,,2,LOCAL,NO,O,JENNY WONG,JENNY WONG,JENNY WONG,JENNY WONG,,JENNY WONG,JENNY WONG,JENNY WONG,JENNY WONG,0.2112112,0,0,,0
Berkeley_11062018_CityCouncilDistrict1.csv,[],no,0.85960466,,,,4,LOCAL,NO,R,RASHI KESARWANI,RASHI KESARWANI,RASHI KESARWANI,RASHI KESARWANI,,RASHI KESARWANI,RASHI KESARWANI,RASHI KESARWANI,RASHI KESARWANI,0.087087087,0.045146853,0,2.4932632,0
Berkeley_11062018_CityCouncilDistrict4.csv,['Approval'],no,0.89405543,,,,3,LOCAL,NO,R,KATE HARRISON,KATE HARRISON,KATE HARRISON,KATE HARRISON,,KATE HARRISON,KATE HARRISON,BEN GOULD,KATE HARRISON,0.47847849,0.2385764,0,1.8588856,0
Berkeley_11062018_CityCouncilDistrict7.csv,[],no,0.93070364,,,,3,LOCAL,NO,R,RIGEL ROBINSON,RIGEL ROBINSON,RIGEL ROBINSON,RIGEL ROBINSON,,RIGEL ROBINSON,RIGEL ROBINSON,RIGEL ROBINSON,RIGEL ROBINSON,0.4034034,0.056531806,0,2.2352295,0
Berkeley_11062018_CityCouncilDistrict8.csv,[],no,0.88188618,,,,4,LOCAL,NO,R,LORI DROSTE,LORI DROSTE,LORI DROSTE,LORI DROSTE,,LORI DROSTE,LORI DROSTE,LORI DROSTE,LORI DROSTE,0.16916917,0,0,1.8169959,0
Berkeley_11082016_CityCouncilDistrict2.csv,['Plurality'],no,0.86450166,,,,3,LOCAL,NO,R,CHERYL DAVILA,CHERYL DAVILA,CHERYL DAVILA,DARRYL MOORE,,CHERYL DAVILA,CHERYL DAVILA,CHERYL DAVILA,CHERYL DAVILA,0.55055058,0.02711436,0,2.4837875,0
Berkeley_11082016_CityCouncilDistrict3.csv,[],no,0.84234172,,,,4,LOCAL,NO,R,BEN BARTLETT,BEN BARTLETT,BEN BARTLETT,BEN BARTLETT,,BEN BARTLETT,BEN BARTLETT,BEN BARTLETT,BEN BARTLETT,0.15715715,0,0,1.6960413,0
Berkeley_11082016_CityCouncilDistrict5.csv,[],no,1,,,,2,LOCAL,NO,R,SOPHIE HAHN,SOPHIE HAHN,SOPHIE HAHN,SOPHIE HAHN,,SOPHIE HAHN,SOPHIE HAHN,SOPHIE HAHN,SOPHIE HAHN,0.995996,0.25287724,0,,0
Berkeley_11082016_CityCouncilDistrict6.csv,[],no,0.88238448,,,,3,LOCAL,NO,R,SUSAN WENGRAF,SUSAN WENGRAF,SUSAN WENGRAF,SUSAN WENGRAF,,SUSAN WENGRAF,SUSAN WENGRAF,SUSAN WENGRAF,SUSAN WENGRAF,0.51951951,0.19620222,0,1.5885623,0
Berkeley_11082016_Mayor.csv,[],no,0.90315616,,,,8,LOCAL,NO,E,JESSE ARREGUÍN,JESSE ARREGUÍN,JESSE ARREGUÍN,JESSE ARREGUÍN,,JESSE ARREGUÍN,JESSE ARREGUÍN,JESSE ARREGUÍN,JESSE ARREGUÍN,0.047047049,0,0,3.2114561,0
Burlington_03032009_Mayor.csv,"['IRV', 'Condorcet', 'Approval']",yes,0.65128207,,,,5,LOCAL,YES,E,Bob Kiss,Bob Kiss,Andy Montroll,Kurt Wright,,Andy Montroll,Kurt Wright,Andy Montroll,Andy Montroll,0.62562561,0.35541821,0.43145344,2.9922833,1
Burlington_03072006_Mayor.csv,[],no,0.72074467,,,,5,LOCAL,YES,E,Bob Kiss,Bob Kiss,Bob Kiss,Bob Kiss,,Hinda Miller,Bob Kiss,Hinda Miller,Bob Kiss,0.35735735,0.014119027,0,2.7474413,1
Burlington_03072023_CityCouncilCentralDistrict.csv,[],no,1,,,,2,LOCAL,YES,R,MELO GRANT,MELO GRANT,MELO GRANT,MELO GRANT,,MELO GRANT,MELO GRANT,MELO GRANT,MELO GRANT,0.993994,0.28421703,0,,1
Burlington_03072023_CityCouncilEastDistrict.csv,[],no,1,,,,2,LOCAL,YES,R,"TIMOTHY C. DOHERTY,JR","TIMOTHY C. DOHERTY,JR","TIMOTHY C. DOHERTY,JR","TIMOTHY C. DOHERTY,JR",,"TIMOTHY C. DOHERTY,JR","TIMOTHY C. DOHERTY,JR","TIMOTHY C. DOHERTY,JR","TIMOTHY C. DOHERTY,JR",0.991992,0.41530946,0,,1
Burlington_03072023_CityCouncilSouthDistrict.csv,[],no,0.88161808,,,,3,LOCAL,YES,R,JOAN SHANNON,JOAN SHANNON,JOAN SHANNON,JOAN SHANNON,,JOAN SHANNON,JOAN SHANNON,JOAN SHANNON,JOAN SHANNON,0.52952951,0.030745292,0,0.29523709,1
Corvallis_11082022_CityCouncilWard9.csv,[],no,0.84599507,,,,3,LOCAL,NO,R,Tony Cadena,Tony Cadena,Tony Cadena,Tony Cadena,,Tony Cadena,Tony Cadena,Tony Cadena,Tony Cadena,0.47047046,0.038704988,0,2.1673346,0
Corvallis_11082022_Mayor.csv,"['IRV', 'Condorcet', 'Plurality']",yes,0.80626065,,,,3,LOCAL,NO,E,Charles Maughan,Andrew Struthers,Charles Maughan,Charles Maughan,,Andrew Struthers,Andrew Struthers,Andrew Struthers,Andrew Struthers,0.4104104,0.40303853,0.47444478,2.4427605,0
Easthampton_11022021_Mayor.csv,[],no,0.86026204,,,,66,LOCAL,YES,E,NICOLE M. LACHAPELLE,NICOLE M. LACHAPELLE,NICOLE M. LACHAPELLE,NICOLE M. LACHAPELLE,,NICOLE M. LACHAPELLE,NICOLE M. LACHAPELLE,NICOLE M. LACHAPELLE,NICOLE M. LACHAPELLE,0.4924925,0,0,0.0429186,1
Eastpointe_11052019_CityCouncil.csv,[],no,0.69992006,,,,4,LOCAL,NO,R,Sarah A. Lucido,Sarah A. Lucido,Sarah A. Lucido,Sarah A. Lucido,,Sarah A. Lucido,Sarah A. Lucido,Sarah A. Lucido,Sarah A. Lucido,0.33033034,0.14155786,0,3.6070623,0
ElkRidge_11022021_Mayor.csv,[],no,0.90145147,,,,3,LOCAL,NO,E,ROBERT HADDOCK,ROBERT HADDOCK,ROBERT HADDOCK,ROBERT HADDOCK,,ROBERT HADDOCK,ROBERT HADDOCK,ROBERT HADDOCK,ROBERT HADDOCK,0.48048049,0.061768286,0,2.9794569,0
Hawaii_05232020_PresidentoftheUnitedStateCD1.csv,[],no,0.85318524,,,,11,FEDERAL,DP,E,Joseph R. Biden,Joseph R. Biden,Joseph R. Biden,Joseph R. Biden,,Joseph R. Biden,Joseph R. Biden,Joseph R. Biden,Joseph R. Biden,0.11011011,0,0,0.62294054,
Hawaii_05232020_PresidentoftheUnitedStateCD1CD2.csv,[],no,0.86144787,,,,11,FEDERAL,DP,E,Joseph R. Biden,Joseph R. Biden,Joseph R. Biden,Joseph R. Biden,,Joseph R. Biden,Joseph R. Biden,Joseph R. Biden,Joseph R. Biden,0.11511511,0,0,0.59222627,
Hawaii_05232020_PresidentoftheUnitedStateCD2.csv,[],no,0.85921639,,,,11,FEDERAL,DP,E,Joseph R. Biden,Joseph R. Biden,Joseph R. Biden,Joseph R. Biden,,Joseph R. Biden,Joseph R. Biden,Joseph R. Biden,Joseph R. Biden,0.077077076,0,0,1.2828032,
Kansas_05022020_PRESIDENTOFTHEUNITEDSTATES.csv,[],no,0.77584553,,,,5,FEDERAL,DP,E,Joseph R. Biden,Joseph R. Biden,Joseph R. Biden,Joseph R. Biden,,Joseph R. Biden,Joseph R. Biden,Joseph R. Biden,Joseph R. Biden,0.1911912,0.059452239,0,0.94778562,
LasCruces_11052019_COUNCILORPOSITION2CITYOFLASCRUCESDISTRICT2COUNCILOR.csv,[],no,0.75066668,,,,4,LOCAL,NO,R,TESSA ABEYTA STUVE,TESSA ABEYTA STUVE,TESSA ABEYTA STUVE,TESSA ABEYTA STUVE,,TESSA ABEYTA STUVE,TESSA ABEYTA STUVE,TESSA ABEYTA STUVE,TESSA ABEYTA STUVE,0.61861861,0.13484664,0,3.2161825,0
LasCruces_11052019_COUNCILORPOSITION4CITYOFLASCRUCESDISTRICT4COUNCILOR.csv,['Approval'],no,0.78333336,,,,3,LOCAL,NO,R,JOHANA BENCOMO,JOHANA BENCOMO,JOHANA BENCOMO,JOHANA BENCOMO,,JOHANA BENCOMO,JOHANA BENCOMO,ANTOINETTE M REYES,JOHANA BENCOMO,0.98598599,0.3429971,0.47590399,2.9770668,0
LasCruces_11052019_MAYORCITYOFLASCRUCES.csv,[],no,0.49374023,,,,10,LOCAL,NO,E,KEN MIYAGISHIMA,KEN MIYAGISHIMA,KEN MIYAGISHIMA,KEN MIYAGISHIMA,,KEN MIYAGISHIMA,KEN MIYAGISHIMA,KEN MIYAGISHIMA,KEN MIYAGISHIMA,0.15715715,0.13759601,0.15913582,1.6323922,0
Maine_06122018_DemocraticPrimaryforCD2.csv,"['IRV', 'Condorcet', 'Approval']",yes,0.75908899,,,,4,FEDERAL,DP,R,"Golden, Jared F.","St. Clair, Lucas R.","Golden, Jared F.","Golden, Jared F.",,"St. Clair, Lucas R.","Golden, Jared F.","St. Clair, Lucas R.","Golden, Jared F.",0.25325325,0.20226701,0.26195213,3.246089,
Maine_06122018_DemocraticPrimaryforGovernor.csv,[],no,0.42597014,,,,7,STATE,DP,E,"Mills, Janet T.","Mills, Janet T.","Mills, Janet T.","Mills, Janet T.",,"Mills, Janet T.","Mills, Janet T.","Mills, Janet T.","Mills, Janet T.",0.12012012,0,0,3.015255,
Maine_07142020_DemocraticCandidateforMaineStateHouseDistrict41.csv,"['IRV', 'Condorcet', 'Plurality', 'Approval']",yes,0.81180668,,,,3,STATE,DP,R,"Zager, Samuel Lewis","Grant, Benjamin K.","Zager, Samuel Lewis","Zager, Samuel Lewis",,"Grant, Benjamin K.","Grant, Benjamin K.","Grant, Benjamin K.","Zager, Samuel Lewis",0.44744745,0.30611682,0.46158114,2.9568048,
Maine_07142020_DemocraticCandidateforMaineStateHouseDistrict47.csv,[],no,0.81610578,,,,3,STATE,DP,R,"Bell, Arthur L.","Bell, Arthur L.","Bell, Arthur L.","Bell, Arthur L.",,"Bell, Arthur L.","Bell, Arthur L.","Bell, Arthur L.","Bell, Arthur L.",0.47847849,0.03682746,0,3.1996295,
Maine_07142020_DemocraticCandidateforMaineStateHouseDistrict49.csv,"['IRV', 'Condorcet', 'Approval']",yes,0.77624309,,,,3,STATE,DP,R,"Arford, Poppy","Perreault, Corinne Ann","Arford, Poppy","Arford, Poppy",,"Perreault, Corinne Ann","Arford, Poppy","Perreault, Corinne Ann","Arford, Poppy",0.97897899,0.43989107,0.48880345,2.6068902,
Maine_07142020_DemocraticCandidateforMaineStateHouseDistrict90.csv,"['IRV', 'Condorcet', 'Plurality', 'Approval']",yes,0.8003943,,,,3,STATE,DP,R,"Crafts, Lydia V.","Pieh, Wendy","Crafts, Lydia V.","Crafts, Lydia V.",,"Pieh, Wendy","Pieh, Wendy","Pieh, Wendy","Crafts, Lydia V.",0.45745745,0.29928416,0.47249246,3.1116588,
Maine_07142020_DemocraticCandidateforMaineStateSenateDistrict11.csv,"['IRV', 'Condorcet', 'Plurality', 'Approval']",yes,0.78136808,,,,3,STATE,DP,R,"Curry, Glenn Chip","Stanicki, Robyn M.","Curry, Glenn Chip","Curry, Glenn Chip",,"Stanicki, Robyn M.","Stanicki, Robyn M.","Stanicki, Robyn M.","Curry, Glenn Chip",0.47147146,0.38861951,0.48588598,2.4546297,
Maine_07142020_RepublicanCandidateforUSHouseofRepresentativesDistrict2.csv,[],no,0.86415285,,,,3,FEDERAL,NO,R,"Crafts, Dale John","Crafts, Dale John","Crafts, Dale John","Crafts, Dale John",,"Crafts, Dale John","Crafts, Dale John","Crafts, Dale John","Crafts, Dale John",0.48448449,0,0,2.232409,
Maine_11062018_CongressionalDistrict2.csv,[],no,0.84378713,,YES,,4,FEDERAL,YES,R,"DEM Golden, Jared F.","DEM Golden, Jared F.","DEM Golden, Jared F.","REP Poliquin, Bruce",,"DEM Golden, Jared F.","REP Poliquin, Bruce","DEM Golden, Jared F.","DEM Golden, Jared F.",0.98398399,0.40529293,0.31530905,3.038543,1
Maine_11082022_CongressionalDistrict2.csv,[],no,0.95457411,,YES,,3,FEDERAL,YES,R,"Golden, Jared Forrest","Golden, Jared Forrest","Golden, Jared Forrest","Golden, Jared Forrest",,"Golden, Jared Forrest","Golden, Jared Forrest","Golden, Jared Forrest","Golden, Jared Forrest",0.98398399,0.35182542,0.44016299,2.9989614,1
Minneapolis_08112020_Ward6CityCouncilSpecialElection.csv,[],no,0.88471991,,,,12,LOCAL,NO,R,Jamal Osman,Jamal Osman,Jamal Osman,Jamal Osman,,Jamal Osman,Jamal Osman,Jamal Osman,Jamal Osman,0.082082085,0.081753582,0.081753582,3.1124556,0
Minneapolis_11022021_CityCouncilWard1.csv,['Approval'],no,0.82543993,,,,4,LOCAL,NO,R,Elliott Payne,Elliott Payne,Elliott Payne,Elliott Payne,,Elliott Payne,Elliott Payne,Kevin Reich,Elliott Payne,0.42742744,0.25,0.29171243,3.5760834,0
Minneapolis_11022021_CityCouncilWard10.csv,[],no,0.89607823,,,,6,LOCAL,NO,R,Aisha Chughtai,Aisha Chughtai,Aisha Chughtai,Aisha Chughtai,,Aisha Chughtai,Aisha Chughtai,Aisha Chughtai,Aisha Chughtai,0.46246246,0.11030312,0.16464159,2.1924758,0
Minneapolis_11022021_CityCouncilWard11.csv,[],no,0.95059139,,,,5,LOCAL,NO,R,Emily Koski,Emily Koski,Emily Koski,Emily Koski,,Emily Koski,Emily Koski,Emily Koski,Emily Koski,0.0990991,0,0,2.8139541,0
Minneapolis_11022021_CityCouncilWard12.csv,[],no,0.97845954,,,,3,LOCAL,NO,R,Andrew Johnson,Andrew Johnson,Andrew Johnson,Andrew Johnson,,Andrew Johnson,Andrew Johnson,Andrew Johnson,Andrew Johnson,0.48248249,0,0,1.9494889,0
Minneapolis_11022021_CityCouncilWard13.csv,[],no,0.95272529,,,,5,LOCAL,NO,R,Linea Palmisano,Linea Palmisano,Linea Palmisano,Linea Palmisano,,Linea Palmisano,Linea Palmisano,Linea Palmisano,Linea Palmisano,0.13413413,0,0,0.9722172,0
Minneapolis_11022021_CityCouncilWard2.csv,"['IRV', 'Condorcet', 'Plurality', 'Approval']",yes,0.89559919,,,,5,LOCAL,NO,R,Robin Wonsley Worlobah,Cam Gordon,-1,Robin Wonsley Worlobah,,Cam Gordon,Yusra Arab,Cam Gordon,Yusra Arab,0.3113113,0.24963468,0.24963468,2.4504936,0
Minneapolis_11022021_CityCouncilWard3.csv,[],no,0.92129767,,,,4,LOCAL,NO,R,Michael Rainville,Michael Rainville,Michael Rainville,Michael Rainville,,Michael Rainville,Michael Rainville,Michael Rainville,Michael Rainville,0.34834835,0.11100329,0,3.7996063,0
Minneapolis_11022021_CityCouncilWard4.csv,[],no,0.9149524,,,,3,LOCAL,NO,R,LaTrisha Vetaw,LaTrisha Vetaw,LaTrisha Vetaw,LaTrisha Vetaw,,LaTrisha Vetaw,LaTrisha Vetaw,LaTrisha Vetaw,LaTrisha Vetaw,0.36536536,0.14400899,0,2.428273,0
Minneapolis_11022021_CityCouncilWard5.csv,"['IRV', 'Condorcet']",yes,0.82664233,,,,7,LOCAL,NO,R,Jeremiah Ellison,Kristel Porter,Jeremiah Ellison,Jeremiah Ellison,,Kristel Porter,Jeremiah Ellison,Kristel Porter,Kristel Porter,0.37737739,0.31215626,0.31215626,3.1268315,0
Minneapolis_11022021_CityCouncilWard6.csv,[],no,1,,,,2,LOCAL,NO,R,Jamal Osman,Jamal Osman,Jamal Osman,Jamal Osman,,Jamal Osman,Jamal Osman,Jamal Osman,Jamal Osman,0.997998,0.1923077,0,,0
Minneapolis_11022021_CityCouncilWard7.csv,[],no,0.94974571,,,,4,LOCAL,NO,R,Lisa Goodman,Lisa Goodman,Lisa Goodman,Lisa Goodman,,Lisa Goodman,Lisa Goodman,Lisa Goodman,Lisa Goodman,0.3093093,0,0,1.1115744,0
Minneapolis_11022021_CityCouncilWard8.csv,[],no,1,,,,2,LOCAL,NO,R,Andrea Jenkins,Andrea Jenkins,Andrea Jenkins,Andrea Jenkins,,Andrea Jenkins,Andrea Jenkins,Andrea Jenkins,Andrea Jenkins,,0,0,,0
Minneapolis_11022021_CityCouncilWard9.csv,[],no,0.89817584,,,,8,LOCAL,NO,R,Jason Chavez,Jason Chavez,Jason Chavez,Jason Chavez,,Jason Chavez,Jason Chavez,Jason Chavez,Jason Chavez,0.076076075,0,0,1.3505716,0
Minneapolis_11022021_Mayor.csv,[],no,0.88374454,,,,18,LOCAL,NO,E,Jacob Frey,Jacob Frey,Jacob Frey,Jacob Frey,,Jacob Frey,Jacob Frey,Jacob Frey,Jacob Frey,0.5015015,0.024548642,0.00010223,0.043614943,0
Minneapolis_11022021_ParkBoardAtLarge.csv,[],no,0.83058834,,,,7,LOCAL,NO,B,Meg Forney,Meg Forney,Meg Forney,Meg Forney,,Meg Forney,Meg Forney,Meg Forney,Meg Forney,0.45045045,0.18405142,0.20878974,2.0488105,0
Minneapolis_11022021_ParkBoardDistrict2.csv,"['IRV', 'Condorcet', 'Approval']",yes,0.85455054,,,,3,LOCAL,NO,B,Becka Thompson,Eric Moran,Becka Thompson,Becka Thompson,,Eric Moran,Becka Thompson,Eric Moran,Becka Thompson,0.991992,0.52335757,0.52503604,2.9097145,0
Minneapolis_11022021_ParkBoardDistrict3.csv,[],no,0.93116611,,,,3,LOCAL,NO,B,Becky Alper,Becky Alper,Becky Alper,Becky Alper,,Becky Alper,Becky Alper,Becky Alper,Becky Alper,0.47347346,0.095679447,0,1.4661487,0
Minneapolis_11022021_ParkBoardDistrict4.csv,[],no,1,,,,2,LOCAL,NO,B,Elizabeth Shaffer,Elizabeth Shaffer,Elizabeth Shaffer,Elizabeth Shaffer,,Elizabeth Shaffer,Elizabeth Shaffer,Elizabeth Shaffer,Elizabeth Shaffer,0.995996,0.17776999,0,,0
Minneapolis_11022021_ParkBoardDistrict5.csv,[],no,0.90434229,,,,3,LOCAL,NO,B,Steffanie Musich,Steffanie Musich,Steffanie Musich,Steffanie Musich,,Steffanie Musich,Steffanie Musich,Steffanie Musich,Steffanie Musich,0.45445445,0.11397987,0,1.9474074,0
Minneapolis_11022021_ParkBoardDistrict6.csv,['Plurality'],no,0.89107335,,,,4,LOCAL,NO,B,Cathy Abene,Cathy Abene,Cathy Abene,Risa Hustad,,Cathy Abene,Cathy Abene,Cathy Abene,Cathy Abene,0.98698699,0.020244541,0,3.5892282,0
Minneapolis_11052013_Mayor.csv,[],no,0.79750055,,,,35,LOCAL,NO,E,BETSY HODGES,BETSY HODGES,BETSY HODGES,BETSY HODGES,,BETSY HODGES,BETSY HODGES,BETSY HODGES,BETSY HODGES,0.4894895,4.82E-05,5.31E-05,0.14520034,0
Minneapolis_11052013_PRBoardDistrict2.csv,[],no,1,,,,2,LOCAL,NO,B,JON OLSON,JON OLSON,JON OLSON,JON OLSON,,JON OLSON,JON OLSON,JON OLSON,JON OLSON,0.993994,0.17676312,0,,0
Minneapolis_11052013_PRBoardDistrict6.csv,[],no,1,,,,2,LOCAL,NO,B,BRAD BOURN,BRAD BOURN,BRAD BOURN,BRAD BOURN,,BRAD BOURN,BRAD BOURN,BRAD BOURN,BRAD BOURN,0.994995,0.2349243,0,,0
Minneapolis_11052013_Ward13CityCouncil.csv,[],no,0.68847442,,,,5,LOCAL,NO,R,LINEA PALMISANO,LINEA PALMISANO,LINEA PALMISANO,LINEA PALMISANO,,LINEA PALMISANO,LINEA PALMISANO,LINEA PALMISANO,LINEA PALMISANO,0.14214215,0.15419005,0.169664,2.2083156,0
Minneapolis_11052013_Ward5CityCouncil.csv,[],no,0.84450173,,,,4,LOCAL,NO,R,BLONG YANG,BLONG YANG,BLONG YANG,BLONG YANG,,BLONG YANG,BLONG YANG,BLONG YANG,BLONG YANG,0.23123123,0,0,2.1440418,0
Minneapolis_11052013_Ward9CityCouncil.csv,[],no,0.80072027,,,,6,LOCAL,NO,R,ALONDRA CANO,ALONDRA CANO,ALONDRA CANO,ALONDRA CANO,,ALONDRA CANO,ALONDRA CANO,ALONDRA CANO,ALONDRA CANO,0.32932934,0.12722401,0.13130438,3.07096,0
Minneapolis_11062009_Mayor.csv,[],no,0.93491048,,,,11,LOCAL,NO,E,R.T. Rybak,R.T. Rybak,R.T. Rybak,R.T. Rybak,,R.T. Rybak,R.T. Rybak,R.T. Rybak,R.T. Rybak,0.060060062,0,0,1.1437283,0
Minneapolis_11062009_PRBoardDistrict1.csv,[],no,0.92381769,,,,3,LOCAL,NO,B,Liz Wielinski,Liz Wielinski,Liz Wielinski,Liz Wielinski,,Liz Wielinski,Liz Wielinski,Liz Wielinski,Liz Wielinski,0.46646646,0,0,0.89515984,0
Minneapolis_11062009_PRBoardDistrict2.csv,[],no,1,,,,2,LOCAL,NO,B,Jon Olson,Jon Olson,Jon Olson,Jon Olson,,Jon Olson,Jon Olson,Jon Olson,Jon Olson,0.995996,0.31524065,0,,0
Minneapolis_11062009_PRBoardDistrict3.csv,[],no,1,,,,2,LOCAL,NO,B,Scott Vreeland,Scott Vreeland,Scott Vreeland,Scott Vreeland,,Scott Vreeland,Scott Vreeland,Scott Vreeland,Scott Vreeland,0.996997,0,0,,0
Minneapolis_11062009_PRBoardDistrict5.csv,['Plurality'],no,0.91581374,,,,5,LOCAL,NO,B,Carol Kummer,Carol Kummer,Carol Kummer,Carol Kummer,,Carol Kummer,Jason Stone,Carol Kummer,Carol Kummer,0.16016015,0.13121797,0.15928569,3.6753325,0
Minneapolis_11062009_PRBoardDistrict6.csv,[],no,0.95493329,,,,4,LOCAL,NO,B,Brad Bourn,Brad Bourn,Brad Bourn,Brad Bourn,,Brad Bourn,Brad Bourn,Brad Bourn,Brad Bourn,0.16016015,0,0,3.5649297,0
Minneapolis_11062009_Ward10CityCouncil.csv,[],no,0.94404334,,,,4,LOCAL,NO,R,Meg Tuthill,Meg Tuthill,Meg Tuthill,Meg Tuthill,,Meg Tuthill,Meg Tuthill,Meg Tuthill,Meg Tuthill,0.26626626,0,0,0.6513024,0
Minneapolis_11062009_Ward11CityCouncil.csv,[],no,0.9817363,,,,3,LOCAL,NO,R,John Quincy,John Quincy,John Quincy,John Quincy,,John Quincy,John Quincy,John Quincy,John Quincy,0.6876877,0,0,1.7405512,0
Minneapolis_11062009_Ward12CityCouncil.csv,[],no,0.93589473,,,,4,LOCAL,NO,R,Sandy Colvin Roy,Sandy Colvin Roy,Sandy Colvin Roy,Sandy Colvin Roy,,Sandy Colvin Roy,Sandy Colvin Roy,Sandy Colvin Roy,Sandy Colvin Roy,0.46746746,0.070818789,0,1.6382701,0
Minneapolis_11062009_Ward13CityCouncil.csv,[],no,0.96972233,,,,3,LOCAL,NO,R,Betsy Hodges,Betsy Hodges,Betsy Hodges,Betsy Hodges,,Betsy Hodges,Betsy Hodges,Betsy Hodges,Betsy Hodges,0.55755758,0,0,1.8156968,0
Minneapolis_11062009_Ward1CityCouncil.csv,[],no,0.88054436,,,,5,LOCAL,NO,R,Kevin Reich,Kevin Reich,Kevin Reich,Kevin Reich,,Kevin Reich,Kevin Reich,Kevin Reich,Kevin Reich,0.17717718,0,0,2.8725905,0
Minneapolis_11062009_Ward2CityCouncil.csv,[],no,1,,,,2,LOCAL,NO,R,Cam Gordon,Cam Gordon,Cam Gordon,Cam Gordon,,Cam Gordon,Cam Gordon,Cam Gordon,Cam Gordon,,0,0,,0
Minneapolis_11062009_Ward3CityCouncil.csv,[],no,0.97807217,,,,4,LOCAL,NO,R,Diane Hofstede,Diane Hofstede,Diane Hofstede,Diane Hofstede,,Diane Hofstede,Diane Hofstede,Diane Hofstede,Diane Hofstede,0.45245245,0,0,0.84957242,0
Minneapolis_11062009_Ward4CityCouncil.csv,[],no,0.89927185,,,,4,LOCAL,NO,R,Barbara A. Johnson,Barbara A. Johnson,Barbara A. Johnson,Barbara A. Johnson,,Barbara A. Johnson,Barbara A. Johnson,Barbara A. Johnson,Barbara A. Johnson,0.37337336,0.22730295,0.37703872,2.0345073,0
Minneapolis_11062009_Ward5CityCouncil.csv,[],no,0.88960737,,,,5,LOCAL,NO,R,Don Samuels,Don Samuels,Don Samuels,Don Samuels,,Don Samuels,Don Samuels,Don Samuels,Don Samuels,0.1941942,0,0,2.3099759,0
Minneapolis_11062009_Ward6CityCouncil.csv,[],no,0.85217839,,,,6,LOCAL,NO,R,Robert Lilligren,Robert Lilligren,Robert Lilligren,Robert Lilligren,,Robert Lilligren,Robert Lilligren,Robert Lilligren,Robert Lilligren,0.51851851,0,0,0.94214672,0
Minneapolis_11062009_Ward7CityCouncil.csv,[],no,0.93780011,,,,3,LOCAL,NO,R,Lisa Goodman,Lisa Goodman,Lisa Goodman,Lisa Goodman,,Lisa Goodman,Lisa Goodman,Lisa Goodman,Lisa Goodman,0.98698699,0,0,1.233513,0
Minneapolis_11062009_Ward8CityCouncil.csv,[],no,0.87229228,,,,5,LOCAL,NO,R,Elizabeth Glidden,Elizabeth Glidden,Elizabeth Glidden,Elizabeth Glidden,,Elizabeth Glidden,Elizabeth Glidden,Elizabeth Glidden,Elizabeth Glidden,0.24424425,0.035545047,0,0.42021978,0
Minneapolis_11062009_Ward9CityCouncil.csv,[],no,0.95322418,,,,4,LOCAL,NO,R,Gary Schiff,Gary Schiff,Gary Schiff,Gary Schiff,,Gary Schiff,Gary Schiff,Gary Schiff,Gary Schiff,0.14214215,0,0,1.1004554,0
Minneapolis_11072017_Mayor.csv,[],no,0.784172,,,,18,LOCAL,NO,E,Jacob Frey,Jacob Frey,Jacob Frey,Jacob Frey,,Jacob Frey,Jacob Frey,Jacob Frey,Jacob Frey,0.26126125,1.21E-05,1.21E-05,0.10903573,0
Minneapolis_11072017_PRBoardDistrict1.csv,[],no,0.90780044,,,,3,LOCAL,NO,B,Chris Meyer,Chris Meyer,Chris Meyer,Chris Meyer,,Chris Meyer,Chris Meyer,Chris Meyer,Chris Meyer,0.4114114,0,0,3.3242671,0
Minneapolis_11072017_PRBoardDistrict2.csv,[],no,1,,,,2,LOCAL,NO,B,Kale Severson,Kale Severson,Kale Severson,Kale Severson,,Kale Severson,Kale Severson,Kale Severson,Kale Severson,0.993994,0.37632376,0,,0
Minneapolis_11072017_PRBoardDistrict3.csv,[],no,0.95242339,,,,3,LOCAL,NO,B,AK Hassan,AK Hassan,AK Hassan,AK Hassan,,AK Hassan,AK Hassan,AK Hassan,AK Hassan,0.41241241,0,0,3.447242,0
Minneapolis_11072017_PRBoardDistrict4.csv,[],no,1,,,,2,LOCAL,NO,B,Jono Cowgill,Jono Cowgill,Jono Cowgill,Jono Cowgill,,Jono Cowgill,Jono Cowgill,Tom Nordyke,Tom Nordyke,0.993994,0.48587224,0,,0
Minneapolis_11072017_PRBoardDistrict5.csv,[],no,0.93910891,,,,3,LOCAL,NO,B,Steffanie Musich,Steffanie Musich,Steffanie Musich,Steffanie Musich,,Steffanie Musich,Steffanie Musich,Steffanie Musich,Steffanie Musich,0.4944945,0,0,1.2640326,0
Minneapolis_11072017_PRBoardDistrict6.csv,"['IRV', 'Condorcet']",yes,0.93455511,,,,4,LOCAL,NO,B,Brad Bourn,Bob Fine,Brad Bourn,Brad Bourn,,Bob Fine,Brad Bourn,Bob Fine,Bob Fine,0.2982983,0.24000469,0.30255935,3.8074164,0
Minneapolis_11072017_Ward10CityCouncil.csv,[],no,0.85546619,,,,4,LOCAL,NO,R,Lisa Bender,Lisa Bender,Lisa Bender,Lisa Bender,,Lisa Bender,Lisa Bender,Lisa Bender,Lisa Bender,0.1881882,0.065930001,0,1.0067708,0
Minneapolis_11072017_Ward11CityCouncil.csv,[],no,0.86008322,,,,3,LOCAL,NO,R,Jeremy Schroeder,Jeremy Schroeder,Jeremy Schroeder,Jeremy Schroeder,,Jeremy Schroeder,Jeremy Schroeder,Jeremy Schroeder,Jeremy Schroeder,0.54254252,0.021172896,0,2.9194746,0
Minneapolis_11072017_Ward12CityCouncil.csv,[],no,0.89367986,,,,3,LOCAL,NO,R,Andrew Johnson,Andrew Johnson,Andrew Johnson,Andrew Johnson,,Andrew Johnson,Andrew Johnson,Andrew Johnson,Andrew Johnson,0.52352351,0,0,0.40828848,0
Minneapolis_11072017_Ward13CityCouncil.csv,[],no,1,,,,2,LOCAL,NO,R,Linea Palmisano,Linea Palmisano,Linea Palmisano,Linea Palmisano,,Linea Palmisano,Linea Palmisano,Linea Palmisano,Linea Palmisano,0.997998,0,0,,0
Minneapolis_11072017_Ward1CityCouncil.csv,"['IRV', 'Condorcet', 'Plurality', 'Approval']",yes,0.93523616,,,,3,LOCAL,NO,R,Kevin Reich,Jillia Pessenda,Kevin Reich,Kevin Reich,,Jillia Pessenda,Jillia Pessenda,Jillia Pessenda,Kevin Reich,0.38538539,0.29441157,0.39356849,3.165405,0
Minneapolis_11072017_Ward3CityCouncil.csv,[],no,0.89175636,,,,4,LOCAL,NO,R,Steve Fletcher,Steve Fletcher,Steve Fletcher,Ginger Jentzen,,Steve Fletcher,Ginger Jentzen,Steve Fletcher,Steve Fletcher,0.6026026,0.13758096,0,3.3887103,0
Minneapolis_11072017_Ward4CityCouncil.csv,['Plurality'],no,0.89804071,,,,4,LOCAL,NO,R,Phillipe M. Cunningham,Phillipe M. Cunningham,Phillipe M. Cunningham,"Barbara A. ""Barb"" Johnson",,Phillipe M. Cunningham,Phillipe M. Cunningham,Phillipe M. Cunningham,Phillipe M. Cunningham,0.28328329,0.10448653,0,2.6738124,0
Minneapolis_11072017_Ward5CityCouncil.csv,[],no,0.88572109,,,,4,LOCAL,NO,R,Jeremiah Ellison,Jeremiah Ellison,Jeremiah Ellison,Jeremiah Ellison,,Jeremiah Ellison,Jeremiah Ellison,Jeremiah Ellison,Jeremiah Ellison,0.36236235,0.10497554,0,3.4948864,0
Minneapolis_11072017_Ward6CityCouncil.csv,[],no,0.98849618,,,,4,LOCAL,NO,R,Abdi Warsame,Abdi Warsame,Abdi Warsame,Abdi Warsame,,Abdi Warsame,Abdi Warsame,Abdi Warsame,Abdi Warsame,0.24124125,0.11854698,0,3.9610932,0
Minneapolis_11072017_Ward7CityCouncil.csv,[],no,0.87976217,,,,4,LOCAL,NO,R,Lisa Goodman,Lisa Goodman,Lisa Goodman,Lisa Goodman,,Lisa Goodman,Lisa Goodman,Lisa Goodman,Lisa Goodman,0.12012012,0,0,1.1230412,0
Minneapolis_11072017_Ward8CityCouncil.csv,[],no,0.8026883,,,,4,LOCAL,NO,R,Andrea Jenkins,Andrea Jenkins,Andrea Jenkins,Andrea Jenkins,,Andrea Jenkins,Andrea Jenkins,Andrea Jenkins,Andrea Jenkins,0.987988,0.057940468,0,0.22858587,0
Minneapolis_11072017_Ward9CityCouncil.csv,['Approval'],no,0.82210928,,,,4,LOCAL,NO,R,Alondra Cano,Alondra Cano,Alondra Cano,Alondra Cano,,Alondra Cano,Alondra Cano,Mohamed Farah,Alondra Cano,0.24624625,0.18010294,0.25619152,2.1758301,0
Minnetonka_11022021_CityCouncilAtLargeSeatA.csv,[],no,0.92129415,,,,5,LOCAL,NO,R,Deb Calvert,Deb Calvert,Deb Calvert,Deb Calvert,,Deb Calvert,Deb Calvert,Deb Calvert,Deb Calvert,0.71671671,0.032001857,0,0.65708309,0
Minnetonka_11022021_CityCouncilAtLargeSeatB.csv,[],no,0.91912633,,,,5,LOCAL,NO,R,Kimberly Wilburn,Kimberly Wilburn,Kimberly Wilburn,Kimberly Wilburn,,Kimberly Wilburn,Kimberly Wilburn,Kimberly Wilburn,Kimberly Wilburn,0.73673671,0.14871837,0,1.4217825,0
Minnetonka_11022021_Mayor.csv,[],no,1,,,,2,LOCAL,NO,E,Brad Wiersum,Brad Wiersum,Brad Wiersum,Brad Wiersum,,Brad Wiersum,Brad Wiersum,Brad Wiersum,Brad Wiersum,0.996997,0.025932202,0,,0
NewYorkCity_06222021_CONCouncilMember19thCouncilDistrict.csv,[],no,1,,,,2,LOCAL,CP,R,John-Alexander Sakelos,John-Alexander Sakelos,John-Alexander Sakelos,John-Alexander Sakelos,,John-Alexander Sakelos,John-Alexander Sakelos,John-Alexander Sakelos,John-Alexander Sakelos,0.46146145,0,0,,
NewYorkCity_06222021_DEMBoroughPresidentBronx.csv,[],no,0.66626626,,,,5,LOCAL,DP,E,Vanessa L. Gibson,Vanessa L. Gibson,Vanessa L. Gibson,Vanessa L. Gibson,,Vanessa L. Gibson,Vanessa L. Gibson,Vanessa L. Gibson,Vanessa L. Gibson,0.22622623,0.23106492,0.23106492,3.5838115,
NewYorkCity_06222021_DEMBoroughPresidentKings.csv,[],no,0.68733287,,,,12,LOCAL,DP,E,Antonio Reynoso,Antonio Reynoso,Antonio Reynoso,Antonio Reynoso,,Antonio Reynoso,Antonio Reynoso,Antonio Reynoso,Antonio Reynoso,0.068068065,0,0,2.5053067,
NewYorkCity_06222021_DEMBoroughPresidentNewYork.csv,[],no,0.67725712,,,,7,LOCAL,DP,E,Mark D. Levine,Mark D. Levine,Mark D. Levine,Mark D. Levine,,Mark D. Levine,Mark D. Levine,Mark D. Levine,Mark D. Levine,0.090090089,0,0,3.2080369,
NewYorkCity_06222021_DEMBoroughPresidentQueens.csv,"['IRV', 'Condorcet', 'Plurality']",yes,0.92290205,,,,3,LOCAL,DP,E,Donovan J. Richards Jr.,Elizabeth S. Crowley,Donovan J. Richards Jr.,Donovan J. Richards Jr.,,Elizabeth S. Crowley,Elizabeth S. Crowley,Elizabeth S. Crowley,Elizabeth S. Crowley,0.43643644,0.42988339,0.44173881,3.6999958,
NewYorkCity_06222021_DEMBoroughPresidentRichmond.csv,[],no,0.68507642,,,,5,LOCAL,DP,E,Mark S. Murphy,Mark S. Murphy,Mark S. Murphy,Mark S. Murphy,,Mark S. Murphy,Mark S. Murphy,Mark S. Murphy,Mark S. Murphy,0.18518518,0,0,1.4831103,
NewYorkCity_06222021_DEMComptrollerCitywide.csv,[],no,0.66401404,,,,10,LOCAL,DP,O,Brad Lander,Brad Lander,Brad Lander,Brad Lander,,Brad Lander,Brad Lander,Corey D. Johnson,Corey D. Johnson,0.14414415,0,0,1.6381356,
NewYorkCity_06222021_DEMCouncilMember10thCouncilDistrict.csv,[],no,0.69567877,,,,8,LOCAL,DP,R,Carmen N. De La Rosa,Carmen N. De La Rosa,Carmen N. De La Rosa,Carmen N. De La Rosa,,Carmen N. De La Rosa,Carmen N. De La Rosa,Carmen N. De La Rosa,Carmen N. De La Rosa,0.12112112,0.02312796,0.02312796,2.7797029,
NewYorkCity_06222021_DEMCouncilMember11thCouncilDistrict.csv,[],no,0.64479786,,,,7,LOCAL,DP,R,Eric Dinowitz,Eric Dinowitz,Eric Dinowitz,Eric Dinowitz,,Eric Dinowitz,Eric Dinowitz,Eric Dinowitz,Eric Dinowitz,0.085085087,0,0,1.8569193,
NewYorkCity_06222021_DEMCouncilMember12thCouncilDistrict.csv,['Approval'],no,0.85093135,,,,3,LOCAL,DP,R,Kevin Riley,Kevin Riley,Kevin Riley,Kevin Riley,,Kevin Riley,Kevin Riley,Pamela A. Hamilton-Johnson,Kevin Riley,0.52552551,0.37019914,0.52830935,2.299861,
NewYorkCity_06222021_DEMCouncilMember13thCouncilDistrict.csv,[],no,0.69551247,,,,5,LOCAL,DP,R,Marjorie Velazquez,Marjorie Velazquez,Marjorie Velazquez,Marjorie Velazquez,,Marjorie Velazquez,Marjorie Velazquez,Marjorie Velazquez,Marjorie Velazquez,0.44444445,0,0,1.8701937,
NewYorkCity_06222021_DEMCouncilMember14thCouncilDistrict.csv,[],no,0.59940714,,,,6,LOCAL,DP,R,Pierina Ana Sanchez,Pierina Ana Sanchez,Pierina Ana Sanchez,Pierina Ana Sanchez,,Pierina Ana Sanchez,Pierina Ana Sanchez,Pierina Ana Sanchez,Pierina Ana Sanchez,0.13613613,0,0,2.3632915,
NewYorkCity_06222021_DEMCouncilMember15thCouncilDistrict.csv,[],no,0.64000487,,,,8,LOCAL,DP,R,Oswald Feliz,Oswald Feliz,Oswald Feliz,Oswald Feliz,,Oswald Feliz,Oswald Feliz,Oswald Feliz,Oswald Feliz,0.24824825,0,0,2.1673939,
NewYorkCity_06222021_DEMCouncilMember16thCouncilDistrict.csv,[],no,0.81974506,,,,4,LOCAL,DP,R,Althea V. Stevens,Althea V. Stevens,Althea V. Stevens,Althea V. Stevens,,Althea V. Stevens,Althea V. Stevens,Althea V. Stevens,Althea V. Stevens,0.37037036,0.073436879,0,1.633158,
NewYorkCity_06222021_DEMCouncilMember17thCouncilDistrict.csv,[],no,1,,,,2,LOCAL,DP,R,Rafael Salamanca Jr.,Rafael Salamanca Jr.,Rafael Salamanca Jr.,Rafael Salamanca Jr.,,Rafael Salamanca Jr.,Rafael Salamanca Jr.,Rafael Salamanca Jr.,Rafael Salamanca Jr.,0.992993,0.31458578,0,,
NewYorkCity_06222021_DEMCouncilMember18thCouncilDistrict.csv,"['IRV', 'Condorcet', 'Plurality', 'Approval']",yes,0.58114177,,,,8,LOCAL,DP,R,Amanda Farias,William Rivera,Amanda Farias,Amanda Farias,,William Rivera,William Rivera,William Rivera,Amanda Farias,0.1941942,0.078463845,0.070734888,2.7819214,
NewYorkCity_06222021_DEMCouncilMember19thCouncilDistrict.csv,[],no,0.72241342,,,,6,LOCAL,DP,R,Tony Avella,Tony Avella,Tony Avella,Tony Avella,,Tony Avella,Tony Avella,Tony Avella,Tony Avella,0.14614615,0.11672536,0.14826339,3.0049505,
NewYorkCity_06222021_DEMCouncilMember1stCouncilDistrict.csv,[],no,0.64229131,,,,9,LOCAL,DP,R,Christopher Marte,Christopher Marte,Christopher Marte,Christopher Marte,,Christopher Marte,Christopher Marte,Christopher Marte,Christopher Marte,0.43443444,0.2303821,0.3052161,2.2444971,
NewYorkCity_06222021_DEMCouncilMember20thCouncilDistrict.csv,[],no,0.65717775,,,,8,LOCAL,DP,R,Sandra Ung,Sandra Ung,Sandra Ung,Sandra Ung,,Sandra Ung,Sandra Ung,Sandra Ung,Sandra Ung,0.2122122,0,0,3.5464358,
NewYorkCity_06222021_DEMCouncilMember21stCouncilDistrict.csv,[],no,0.73592633,,,,5,LOCAL,DP,R,Francisco P. Moya,Francisco P. Moya,Francisco P. Moya,Francisco P. Moya,,Francisco P. Moya,Francisco P. Moya,Francisco P. Moya,Francisco P. Moya,0.1991992,0.10002326,0,1.6934533,
NewYorkCity_06222021_DEMCouncilMember22ndCouncilDistrict.csv,[],no,0.68795025,,,,6,LOCAL,DP,R,Tiffany Caban,Tiffany Caban,Tiffany Caban,Tiffany Caban,,Tiffany Caban,Tiffany Caban,Tiffany Caban,Tiffany Caban,0.44444445,0,0,0.82376438,
NewYorkCity_06222021_DEMCouncilMember23rdCouncilDistrict.csv,[],no,0.65557706,,,,7,LOCAL,DP,R,Linda Lee,Linda Lee,Linda Lee,Linda Lee,,Linda Lee,Linda Lee,Linda Lee,Linda Lee,0.18118118,0,0,3.2558677,
NewYorkCity_06222021_DEMCouncilMember24thCouncilDistrict.csv,[],no,0.7804296,,,,4,LOCAL,DP,R,James F. Gennaro,James F. Gennaro,James F. Gennaro,James F. Gennaro,,James F. Gennaro,James F. Gennaro,James F. Gennaro,James F. Gennaro,0.988989,0,0,1.1472192,
NewYorkCity_06222021_DEMCouncilMember25thCouncilDistrict.csv,"['IRV', 'Condorcet', 'Approval']",no,0.66188782,,,,8,LOCAL,DP,R,Shekar Krishnan,Yi Andy Chen,Shekar Krishnan,Yi Andy Chen,,Yi Andy Chen,Yi Andy Chen,Yi Andy Chen,Shekar Krishnan,0.34934935,0.074123628,0.10668697,2.8322339,
NewYorkCity_06222021_DEMCouncilMember26thCouncilDistrict.csv,[],no,0.47999999,,,,15,LOCAL,DP,R,Julie Won,Julie Won,Julie Won,Julie Won,,Julie Won,Julie Won,Julie Won,Julie Won,0.11711711,0.007974289,0.007974289,2.1054399,
NewYorkCity_06222021_DEMCouncilMember27thCouncilDistrict.csv,[],no,0.48863858,,,,12,LOCAL,DP,R,Nantasha M. Williams,Nantasha M. Williams,Nantasha M. Williams,Nantasha M. Williams,,Nantasha M. Williams,Nantasha M. Williams,Nantasha M. Williams,Nantasha M. Williams,0.22622623,0.015192161,0.009847187,1.9097545,
NewYorkCity_06222021_DEMCouncilMember28thCouncilDistrict.csv,[],no,0.89020389,,,,3,LOCAL,DP,R,Adrienne E. Adams,Adrienne E. Adams,Adrienne E. Adams,Adrienne E. Adams,,Adrienne E. Adams,Adrienne E. Adams,Adrienne E. Adams,Adrienne E. Adams,0.98999,0.18755545,0,2.3077183,
NewYorkCity_06222021_DEMCouncilMember29thCouncilDistrict.csv,[],no,0.61665988,,,,9,LOCAL,DP,R,Lynn C. Schulman,Lynn C. Schulman,Lynn C. Schulman,Lynn C. Schulman,,Lynn C. Schulman,Lynn C. Schulman,Lynn C. Schulman,Lynn C. Schulman,0.14014015,0.021507036,0.021507036,1.9828609,
NewYorkCity_06222021_DEMCouncilMember2ndCouncilDistrict.csv,[],no,1,,,,2,LOCAL,DP,R,Carlina Rivera,Carlina Rivera,Carlina Rivera,Carlina Rivera,,Carlina Rivera,Carlina Rivera,Carlina Rivera,Carlina Rivera,0.995996,0.04725723,0,,
NewYorkCity_06222021_DEMCouncilMember30thCouncilDistrict.csv,[],no,1,,,,2,LOCAL,DP,R,Robert F. Holden,Robert F. Holden,Robert F. Holden,Robert F. Holden,,Robert F. Holden,Robert F. Holden,Robert F. Holden,Robert F. Holden,0.995996,0.35871559,0,,
NewYorkCity_06222021_DEMCouncilMember31stCouncilDistrict.csv,[],no,0.87961978,,,,3,LOCAL,DP,R,Selvena N. Brooks-Powers,Selvena N. Brooks-Powers,Selvena N. Brooks-Powers,Selvena N. Brooks-Powers,,Selvena N. Brooks-Powers,Selvena N. Brooks-Powers,Selvena N. Brooks-Powers,Selvena N. Brooks-Powers,0.5095095,0.088421963,0,1.1596109,
NewYorkCity_06222021_DEMCouncilMember32ndCouncilDistrict.csv,"['IRV', 'Condorcet', 'Plurality', 'Approval']",yes,0.69044125,,,,6,LOCAL,DP,R,Felicia Singh,Michael G. Scala,Felicia Singh,Felicia Singh,,Michael G. Scala,Michael G. Scala,Michael G. Scala,Felicia Singh,0.47547546,0.33703339,0.32271838,3.2086916,
NewYorkCity_06222021_DEMCouncilMember33rdCouncilDistrict.csv,[],no,0.70025361,,,,8,LOCAL,DP,R,Lincoln Restler,Lincoln Restler,Lincoln Restler,Lincoln Restler,,Lincoln Restler,Lincoln Restler,Lincoln Restler,Lincoln Restler,0.2902903,0,0,1.0076522,
NewYorkCity_06222021_DEMCouncilMember34thCouncilDistrict.csv,[],no,0.82165295,,,,4,LOCAL,DP,R,Jennifer Gutierrez,Jennifer Gutierrez,Jennifer Gutierrez,Jennifer Gutierrez,,Jennifer Gutierrez,Jennifer Gutierrez,Jennifer Gutierrez,Jennifer Gutierrez,0.25525525,0,0,0.64792055,
NewYorkCity_06222021_DEMCouncilMember35thCouncilDistrict.csv,[],no,0.73563612,,,,7,LOCAL,DP,R,Crystal Hudson,Crystal Hudson,Crystal Hudson,Crystal Hudson,,Crystal Hudson,Crystal Hudson,Crystal Hudson,Crystal Hudson,0.063063063,0.0436114,0.067642637,3.6888583,
NewYorkCity_06222021_DEMCouncilMember36thCouncilDistrict.csv,['Approval'],no,0.73489934,,,,5,LOCAL,DP,R,Chi A. Osse,Chi A. Osse,Chi A. Osse,Chi A. Osse,,Chi A. Osse,Chi A. Osse,Chi A. Osse,Tahirah A. Moore,0.21421422,0.22629173,0.22629173,2.3138943,
NewYorkCity_06222021_DEMCouncilMember37thCouncilDistrict.csv,[],no,0.7021687,,,,6,LOCAL,DP,R,Sandy Nurse,Sandy Nurse,Sandy Nurse,Sandy Nurse,,Sandy Nurse,Sandy Nurse,Sandy Nurse,Sandy Nurse,0.082082085,0,0,2.3136649,
NewYorkCity_06222021_DEMCouncilMember38thCouncilDistrict.csv,[],no,0.70643109,,,,6,LOCAL,DP,R,Alexa Aviles,Alexa Aviles,Alexa Aviles,Alexa Aviles,,Alexa Aviles,Alexa Aviles,Alexa Aviles,Alexa Aviles,0.3043043,0,0,3.5151813,
NewYorkCity_06222021_DEMCouncilMember39thCouncilDistrict.csv,[],no,0.670614,,,,7,LOCAL,DP,R,Shahana K. Hanif,Shahana K. Hanif,Shahana K. Hanif,Shahana K. Hanif,,Shahana K. Hanif,Shahana K. Hanif,Shahana K. Hanif,Shahana K. Hanif,0.13413413,0.008111102,0,2.8897443,
NewYorkCity_06222021_DEMCouncilMember3rdCouncilDistrict.csv,[],no,0.72500265,,,,6,LOCAL,DP,R,Erik D. Bottcher,Erik D. Bottcher,Erik D. Bottcher,Erik D. Bottcher,,Erik D. Bottcher,Erik D. Bottcher,Erik D. Bottcher,Erik D. Bottcher,0.38338339,0,0,1.1435746,
NewYorkCity_06222021_DEMCouncilMember40thCouncilDistrict.csv,[],no,0.60243279,,,,11,LOCAL,DP,R,Rita C. Joseph,Rita C. Joseph,Rita C. Joseph,Rita C. Joseph,,Rita C. Joseph,Rita C. Joseph,Rita C. Joseph,Rita C. Joseph,0.17617618,0.068476066,0.068476066,1.9928708,
NewYorkCity_06222021_DEMCouncilMember41stCouncilDistrict.csv,[],no,1,,,,2,LOCAL,DP,R,Darlene Mealy,Darlene Mealy,Darlene Mealy,Darlene Mealy,,Darlene Mealy,Darlene Mealy,Darlene Mealy,Darlene Mealy,0.992993,0.37213615,0,,
NewYorkCity_06222021_DEMCouncilMember42ndCouncilDistrict.csv,[],no,0.75726354,,,,4,LOCAL,DP,R,Charles Barron,Charles Barron,Charles Barron,Charles Barron,,Charles Barron,Charles Barron,Charles Barron,Charles Barron,0.3103103,0.20566323,0.31497833,2.9584496,
NewYorkCity_06222021_DEMCouncilMember45thCouncilDistrict.csv,[],no,0.92947584,,,,3,LOCAL,DP,R,Farah N. Louis,Farah N. Louis,Farah N. Louis,Farah N. Louis,,Farah N. Louis,Farah N. Louis,Farah N. Louis,Farah N. Louis,0.47447446,0.028753841,0,1.2263174,
NewYorkCity_06222021_DEMCouncilMember46thCouncilDistrict.csv,[],no,0.63560104,,,,8,LOCAL,DP,R,Mercedes Narcisse,Mercedes Narcisse,Mercedes Narcisse,Mercedes Narcisse,,Mercedes Narcisse,Mercedes Narcisse,Mercedes Narcisse,Mercedes Narcisse,0.18718718,0,0,2.8124335,
NewYorkCity_06222021_DEMCouncilMember47thCouncilDistrict.csv,[],no,0.76352531,,,,4,LOCAL,DP,R,Ari Kagan,Ari Kagan,Ari Kagan,Ari Kagan,,Ari Kagan,Ari Kagan,Ari Kagan,Ari Kagan,0.2912913,0.29638344,0.29638344,3.2927771,
NewYorkCity_06222021_DEMCouncilMember48thCouncilDistrict.csv,[],no,0.71461189,,,,5,LOCAL,DP,R,Steven Saperstein,Steven Saperstein,Steven Saperstein,Steven Saperstein,,Steven Saperstein,Steven Saperstein,Steven Saperstein,Steven Saperstein,0.42842844,0,0,3.2194092,
NewYorkCity_06222021_DEMCouncilMember49thCouncilDistrict.csv,[],no,0.54372817,,,,9,LOCAL,DP,R,Kamillah Hanks,Kamillah Hanks,Kamillah Hanks,Kamillah Hanks,,Kamillah Hanks,Kamillah Hanks,Kamillah Hanks,Kamillah Hanks,0.11211211,0.024535932,0.024535932,2.2387688,
NewYorkCity_06222021_DEMCouncilMember5thCouncilDistrict.csv,[],no,0.67428684,,,,7,LOCAL,DP,R,Julie Menin,Julie Menin,Julie Menin,Julie Menin,,Julie Menin,Julie Menin,Julie Menin,Julie Menin,0.061061062,0,0,1.9906046,
NewYorkCity_06222021_DEMCouncilMember6thCouncilDistrict.csv,[],no,0.73084438,,,,6,LOCAL,DP,R,Gale A. Brewer,Gale A. Brewer,Gale A. Brewer,Gale A. Brewer,,Gale A. Brewer,Gale A. Brewer,Gale A. Brewer,Gale A. Brewer,0.6046046,0,0,0.68728423,
NewYorkCity_06222021_DEMCouncilMember7thCouncilDistrict.csv,[],no,0.58662874,,,,12,LOCAL,DP,R,Shaun Abreu,Shaun Abreu,Shaun Abreu,Shaun Abreu,,Shaun Abreu,Shaun Abreu,Shaun Abreu,Shaun Abreu,0.16616617,0,0,1.9571977,
NewYorkCity_06222021_DEMCouncilMember8thCouncilDistrict.csv,[],no,0.7518816,,,,4,LOCAL,DP,R,Diana I. Ayala,Diana I. Ayala,Diana I. Ayala,Diana I. Ayala,,Diana I. Ayala,Diana I. Ayala,Diana I. Ayala,Diana I. Ayala,0.28728729,0.1145523,0,2.1648986,
NewYorkCity_06222021_DEMCouncilMember9thCouncilDistrict.csv,"['IRV', 'Condorcet']",yes,0.52576035,,,,13,LOCAL,DP,R,Kristin Richardson Jordan,Bill Perkins,Kristin Richardson Jordan,Bill Perkins,,Bill Perkins,Bill Perkins,Bill Perkins,Bill Perkins,0.1981982,0.088648789,0.072241746,3.1540782,
NewYorkCity_06222021_DEMMayorCitywide.csv,[],no,0.46266127,,,,13,LOCAL,DP,E,Eric L. Adams,Eric L. Adams,Eric L. Adams,Eric L. Adams,,Eric L. Adams,Eric L. Adams,Eric L. Adams,Eric L. Adams,0.13013013,0.096646242,0.085003331,3.6365592,
NewYorkCity_06222021_DEMPublicAdvocateCitywide.csv,[],no,0.89846742,,,,3,LOCAL,DP,O,Jumaane D. Williams,Jumaane D. Williams,Jumaane D. Williams,Jumaane D. Williams,,Jumaane D. Williams,Jumaane D. Williams,Jumaane D. Williams,Jumaane D. Williams,0.5055055,0.02088389,0,1.4098727,
NewYorkCity_06222021_REPBoroughPresidentQueens.csv,[],no,1,,,,2,LOCAL,RP,E,219566,219566,219566,219566,,219566,219566,219566,219566,,,,,
NewYorkCity_06222021_REPBoroughPresidentRichmond.csv,"['IRV', 'Condorcet']",yes,0.84187448,,,,4,LOCAL,RP,E,Vito Fossella,Steven Matteo,Vito Fossella,Vito Fossella,,Steven Matteo,Vito Fossella,Vito Fossella,Vito Fossella,0.24424425,0.24875647,0.24875647,3.7409368,
NewYorkCity_06222021_REPCouncilMember15thCouncilDistrict.csv,[],no,1,,,,2,LOCAL,RP,R,Ariel Rivera-Diaz,Ariel Rivera-Diaz,Ariel Rivera-Diaz,Ariel Rivera-Diaz,,Ariel Rivera-Diaz,Ariel Rivera-Diaz,Ariel Rivera-Diaz,Ariel Rivera-Diaz,0.993994,0.42424244,0,,
NewYorkCity_06222021_REPCouncilMember19thCouncilDistrict.csv,[],no,1,,,,2,LOCAL,RP,R,Vickie Paladino,Vickie Paladino,Vickie Paladino,Vickie Paladino,,Vickie Paladino,Vickie Paladino,Vickie Paladino,Vickie Paladino,0.993994,0.45227832,0,,
NewYorkCity_06222021_REPCouncilMember23rdCouncilDistrict.csv,[],no,1,,,,2,LOCAL,RP,R,James F. Reilly,James F. Reilly,James F. Reilly,James F. Reilly,,James F. Reilly,James F. Reilly,James F. Reilly,James F. Reilly,0.994995,0.23826715,0,,
NewYorkCity_06222021_REPCouncilMember24thCouncilDistrict.csv,[],no,1,,,,2,LOCAL,RP,R,Timothy Rosen,Timothy Rosen,Timothy Rosen,Timothy Rosen,,Timothy Rosen,Timothy Rosen,Timothy Rosen,Timothy Rosen,0.992993,0.31981131,0,,
NewYorkCity_06222021_REPCouncilMember32ndCouncilDistrict.csv,[],no,1,,,,2,LOCAL,RP,R,Joann Ariola,Joann Ariola,Joann Ariola,Joann Ariola,,Joann Ariola,Joann Ariola,Joann Ariola,Joann Ariola,0.996997,0,0,,
NewYorkCity_06222021_REPCouncilMember50thCouncilDistrict.csv,"['IRV', 'Condorcet']",no,0.77151197,,,,5,LOCAL,RP,R,David M. Carr,Marko Kepi,David M. Carr,Marko Kepi,,Marko Kepi,Marko Kepi,Marko Kepi,Marko Kepi,0.1921922,0,0,3.3223648,
NewYorkCity_06222021_REPMayorCitywide.csv,[],no,1,,,,2,LOCAL,RP,E,Curtis A. Sliwa,Curtis A. Sliwa,Curtis A. Sliwa,Curtis A. Sliwa,,Curtis A. Sliwa,Curtis A. Sliwa,Curtis A. Sliwa,Curtis A. Sliwa,0.993994,0.19758105,0,,
Oakland_11022010_CityAuditor.csv,[],no,1,,,,2,LOCAL,NO,O,COURTNEY RUBY,COURTNEY RUBY,COURTNEY RUBY,COURTNEY RUBY,,COURTNEY RUBY,COURTNEY RUBY,COURTNEY RUBY,COURTNEY RUBY,0.991992,0.26797071,0,,0
Oakland_11022010_CityCouncilDistrict2.csv,[],no,1,,,,2,LOCAL,NO,E,PATRICIA KERNIGHAN,PATRICIA KERNIGHAN,PATRICIA KERNIGHAN,PATRICIA KERNIGHAN,,PATRICIA KERNIGHAN,PATRICIA KERNIGHAN,PATRICIA KERNIGHAN,PATRICIA KERNIGHAN,0.993994,0.26379836,0,,0
Oakland_11022010_CityCouncilDistrict4.csv,[],no,0.84913939,,,,7,LOCAL,NO,R,LIBBY SCHAAF,LIBBY SCHAAF,LIBBY SCHAAF,LIBBY SCHAAF,,LIBBY SCHAAF,LIBBY SCHAAF,LIBBY SCHAAF,LIBBY SCHAAF,0.061061062,0,0,2.711566,0
Oakland_11022010_CityCouncilDistrict6.csv,[],no,0.82001865,,,,3,LOCAL,NO,R,DESLEY BROOKS,DESLEY BROOKS,DESLEY BROOKS,DESLEY BROOKS,,DESLEY BROOKS,DESLEY BROOKS,DESLEY BROOKS,DESLEY BROOKS,0.98098099,0.17700155,0,1.0727967,0
Oakland_11022010_Mayor.csv,[],no,0.76874489,,,,10,LOCAL,NO,E,JEAN QUAN,JEAN QUAN,JEAN QUAN,DON PERATA,,JEAN QUAN,DON PERATA,JEAN QUAN,JEAN QUAN,0.2002002,0.10239258,0.06962052,3.1074193,0
Oakland_11022010_SchoolDirectorDistrict4.csv,[],no,1,,,,2,LOCAL,NO,B,GARY D. YEE,GARY D. YEE,GARY D. YEE,GARY D. YEE,,GARY D. YEE,GARY D. YEE,GARY D. YEE,GARY D. YEE,0.992993,0.24015805,0,,0
Oakland_11032020_CityAttorneyOaklandRCV.csv,[],no,1,,,,2,LOCAL,NO,O,BARBARA PARKER,BARBARA PARKER,BARBARA PARKER,BARBARA PARKER,,BARBARA PARKER,BARBARA PARKER,BARBARA PARKER,BARBARA PARKER,0.991992,0.20310512,0,,0
Oakland_11032020_MemberCityCouncilAtLargeOaklandRCV.csv,"['IRV', 'Condorcet', 'Plurality', 'Approval']",yes,0.87749738,,,,3,LOCAL,NO,R,REBECCA KAPLAN,DERRECK B. JOHNSON,REBECCA KAPLAN,REBECCA KAPLAN,,DERRECK B. JOHNSON,DERRECK B. JOHNSON,DERRECK B. JOHNSON,REBECCA KAPLAN,0.46846846,0.30520985,0.47288936,3.2231793,0
Oakland_11032020_MemberCityCouncilDist1OaklandRCV.csv,[],no,0.86912441,,,,3,LOCAL,NO,R,DAN KALB,DAN KALB,DAN KALB,DAN KALB,,DAN KALB,DAN KALB,DAN KALB,DAN KALB,0.4964965,0.25698411,0.50208104,1.8455431,0
Oakland_11032020_MemberCityCouncilDist3OaklandRCV.csv,[],no,0.56154072,,,,6,LOCAL,NO,R,CARROLL FIFE,CARROLL FIFE,CARROLL FIFE,CARROLL FIFE,,CARROLL FIFE,CARROLL FIFE,CARROLL FIFE,CARROLL FIFE,0.1891892,0.072842784,0.072842784,0.57482219,0
Oakland_11032020_MemberCityCouncilDist5OaklandRCV.csv,"['IRV', 'Condorcet', 'Approval']",yes,0.85295111,,,,3,LOCAL,NO,R,NOEL GALLO,RICHARD SANTOS RAYA,NOEL GALLO,NOEL GALLO,,RICHARD SANTOS RAYA,NOEL GALLO,RICHARD SANTOS RAYA,NOEL GALLO,0.54654652,0.31044284,0.55274528,2.0992742,0
Oakland_11032020_MemberCityCouncilDist7OaklandRCV.csv,['Approval'],yes,0.48581758,,,,5,LOCAL,NO,R,TREVA REID,TREVA REID,TREVA REID,TREVA REID,,TREVA REID,TREVA REID,"ROBERT ""BOB"" JACKSON",TREVA REID,0.5045045,0.46733055,0.5099166,3.6064413,0
Oakland_11032020_SchoolDirectorDist1OaklandRCV.csv,[],no,0.93672061,,,,3,LOCAL,NO,B,SAM DAVIS,SAM DAVIS,SAM DAVIS,SAM DAVIS,,SAM DAVIS,SAM DAVIS,SAM DAVIS,SAM DAVIS,0.53653651,0.099046454,0,3.1098137,0
Oakland_11032020_SchoolDirectorDist3OaklandRCV.csv,[],no,0.56536484,,,,5,LOCAL,NO,B,VANCEDRIC WILLIAMS,VANCEDRIC WILLIAMS,VANCEDRIC WILLIAMS,VANCEDRIC WILLIAMS,,VANCEDRIC WILLIAMS,VANCEDRIC WILLIAMS,VANCEDRIC WILLIAMS,VANCEDRIC WILLIAMS,0.42142141,0.25325128,0.17189258,2.3117487,0
Oakland_11032020_SchoolDirectorDist5OaklandRCV.csv,[],no,0.66021454,,,,4,LOCAL,NO,B,MIKE HUTCHINSON,MIKE HUTCHINSON,MIKE HUTCHINSON,MIKE HUTCHINSON,,MIKE HUTCHINSON,MIKE HUTCHINSON,MIKE HUTCHINSON,MIKE HUTCHINSON,0.3043043,0,0,2.3797531,0
Oakland_11032020_SchoolDirectorDist7OaklandRCV.csv,"['IRV', 'Condorcet', 'Plurality', 'Approval']",yes,0.52102715,,,,5,LOCAL,NO,B,CLIFFORD THOMPSON,"BEN ""COACH"" TAPSCOTT",CLIFFORD THOMPSON,CLIFFORD THOMPSON,,"BEN ""COACH"" TAPSCOTT","BEN ""COACH"" TAPSCOTT","BEN ""COACH"" TAPSCOTT",CLIFFORD THOMPSON,0.1891892,0.20646776,0.19840489,3.6384604,0
Oakland_11042014_CityAuditor.csv,[],no,1,,,,2,LOCAL,NO,O,BRENDA ROBERTS,BRENDA ROBERTS,BRENDA ROBERTS,BRENDA ROBERTS,,BRENDA ROBERTS,BRENDA ROBERTS,BRENDA ROBERTS,BRENDA ROBERTS,0.993994,0.15713413,0,,0
Oakland_11042014_CityCouncilDistrict2.csv,"['IRV', 'Condorcet', 'Plurality', 'Approval']",yes,0.84237289,,,,5,LOCAL,NO,R,ABEL GUILLEN,DANA KING,ABEL GUILLEN,ABEL GUILLEN,,DANA KING,DANA KING,DANA KING,ABEL GUILLEN,0.17317317,0.018092483,0.018092483,2.2498996,0
Oakland_11042014_CityCouncilDistrict4.csv,[],no,0.93248659,,,,3,LOCAL,NO,R,ANNIE CAMPBELL WASHINGTON,ANNIE CAMPBELL WASHINGTON,ANNIE CAMPBELL WASHINGTON,ANNIE CAMPBELL WASHINGTON,,ANNIE CAMPBELL WASHINGTON,ANNIE CAMPBELL WASHINGTON,ANNIE CAMPBELL WASHINGTON,ANNIE CAMPBELL WASHINGTON,0.42842844,0.14923468,0,1.8835201,0
Oakland_11042014_CityCouncilDistrict6.csv,['Approval'],no,0.88463604,,,,5,LOCAL,NO,R,DESLEY BROOKS,DESLEY BROOKS,DESLEY BROOKS,DESLEY BROOKS,,DESLEY BROOKS,DESLEY BROOKS,SHEREDA F. NOSAKHARE,DESLEY BROOKS,0.16316317,0,0,2.1454391,0
Oakland_11042014_Mayor.csv,[],no,0.78096467,,,,16,LOCAL,NO,E,LIBBY SCHAAF,LIBBY SCHAAF,LIBBY SCHAAF,LIBBY SCHAAF,,LIBBY SCHAAF,LIBBY SCHAAF,LIBBY SCHAAF,LIBBY SCHAAF,0.24524525,0.000158286,0.000158286,0.19818559,0
Oakland_11042014_SchoolDirectorDistrict2.csv,[],no,1,,,,2,LOCAL,NO,B,AIMEE ENG,AIMEE ENG,AIMEE ENG,AIMEE ENG,,AIMEE ENG,AIMEE ENG,AIMEE ENG,AIMEE ENG,0.994995,0.10191706,0,,0
Oakland_11042014_SchoolDirectorDistrict4.csv,"['IRV', 'Condorcet', 'Plurality', 'Approval']",yes,0.85415119,,,,4,LOCAL,NO,B,NINA SENN,KARL DEBRO,NINA SENN,NINA SENN,,KARL DEBRO,KARL DEBRO,KARL DEBRO,NINA SENN,0.24124125,0.25477189,0.25477189,3.2538266,0
Oakland_11042014_SchoolDirectorDistrict6.csv,[],no,1,,,,2,LOCAL,NO,B,SHANTHI GONZALES,SHANTHI GONZALES,SHANTHI GONZALES,SHANTHI GONZALES,,SHANTHI GONZALES,SHANTHI GONZALES,SHANTHI GONZALES,SHANTHI GONZALES,0.992993,0.35335982,0,,0
Oakland_11062012_CityAttorney.csv,[],no,1,,,,2,LOCAL,NO,O,BARBARA PARKER,BARBARA PARKER,BARBARA PARKER,BARBARA PARKER,,BARBARA PARKER,BARBARA PARKER,BARBARA PARKER,BARBARA PARKER,0.993994,0.17668723,0,,0
Oakland_11062012_CityCouncilAtLarge.csv,[],no,0.84562898,,,,5,LOCAL,NO,R,REBECCA KAPLAN,REBECCA KAPLAN,REBECCA KAPLAN,REBECCA KAPLAN,,REBECCA KAPLAN,REBECCA KAPLAN,REBECCA KAPLAN,REBECCA KAPLAN,0.18218218,0.15219066,0.1916427,2.9361322,0
Oakland_11062012_CityCouncilDistrict1.csv,"['IRV', 'Condorcet', 'Approval']",yes,0.8123908,,,,7,LOCAL,NO,R,DAN KALB,AMY LEMLEY,DAN KALB,DAN KALB,,AMY LEMLEY,DAN KALB,AMY LEMLEY,DAN KALB,0.12312312,0.12509277,0.12516078,3.2313266,0
Oakland_11062012_CityCouncilDistrict3.csv,['Plurality'],no,0.80553412,,,,6,LOCAL,NO,R,LYNETTE GIBSON-MCELHANEY,LYNETTE GIBSON-MCELHANEY,LYNETTE GIBSON-MCELHANEY,SEAN SULLIVAN,,LYNETTE GIBSON-MCELHANEY,LYNETTE GIBSON-MCELHANEY,LYNETTE GIBSON-MCELHANEY,LYNETTE GIBSON-MCELHANEY,0.084084086,0.038410489,0,3.2077518,0
Oakland_11062012_CityCouncilDistrict5.csv,[],no,0.89043522,,,,4,LOCAL,NO,R,NOEL GALLO,NOEL GALLO,NOEL GALLO,NOEL GALLO,,NOEL GALLO,NOEL GALLO,NOEL GALLO,NOEL GALLO,0.23723723,0,0,3.4619691,0
Oakland_11062012_CityCouncilDistrict7.csv,[],no,0.89814013,,,,3,LOCAL,NO,R,LARRY E. REID,LARRY E. REID,LARRY E. REID,LARRY E. REID,,LARRY E. REID,LARRY E. REID,LARRY E. REID,LARRY E. REID,0.52052051,0.21000658,0,2.3245039,0
Oakland_11062012_SchoolDirectorDistrict1.csv,[],no,1,,,,2,LOCAL,NO,B,JODY LONDON,JODY LONDON,JODY LONDON,JODY LONDON,,JODY LONDON,JODY LONDON,JODY LONDON,JODY LONDON,0.995996,0.105983,0,,0
Oakland_11062012_SchoolDirectorDistrict3.csv,['Approval'],no,0.81978351,,,,3,LOCAL,NO,B,JUMOKE HINTON HODGE,JUMOKE HINTON HODGE,JUMOKE HINTON HODGE,JUMOKE HINTON HODGE,,JUMOKE HINTON HODGE,JUMOKE HINTON HODGE,RICHARD FUENTES,JUMOKE HINTON HODGE,0.4954955,0.37636006,0.50103831,2.5142617,0
Oakland_11062012_SchoolDirectorDistrict5.csv,[],no,1,,,,2,LOCAL,NO,B,ROSIE TORRES,ROSIE TORRES,ROSIE TORRES,ROSIE TORRES,,ROSIE TORRES,ROSIE TORRES,ROSIE TORRES,ROSIE TORRES,0.992993,0.40376186,0,,0
Oakland_11062012_SchoolDirectorDistrict7.csv,[],no,1,,,,2,LOCAL,NO,B,JAMES HARRIS,JAMES HARRIS,JAMES HARRIS,JAMES HARRIS,,JAMES HARRIS,JAMES HARRIS,JAMES HARRIS,JAMES HARRIS,0.992993,0.37251821,0,,0
Oakland_11062018_CityAuditor.csv,[],no,1,,,,2,LOCAL,NO,O,COURTNEY RUBY,COURTNEY RUBY,COURTNEY RUBY,COURTNEY RUBY,,COURTNEY RUBY,COURTNEY RUBY,COURTNEY RUBY,COURTNEY RUBY,0.993994,0.17988145,0,,0
Oakland_11062018_CityCouncilDistrict2.csv,[],no,0.9486838,,,,3,LOCAL,NO,R,NIKKI FORTUNATO BAS,NIKKI FORTUNATO BAS,NIKKI FORTUNATO BAS,NIKKI FORTUNATO BAS,,NIKKI FORTUNATO BAS,NIKKI FORTUNATO BAS,NIKKI FORTUNATO BAS,NIKKI FORTUNATO BAS,0.3953954,0.040282927,0,3.9806426,0
Oakland_11062018_CityCouncilDistrict4.csv,"['IRV', 'Condorcet', 'Approval']",no,0.80497748,,,,7,LOCAL,NO,R,SHENG THAO,PAM HARRIS,SHENG THAO,SHENG THAO,,PAM HARRIS,SHENG THAO,PAM HARRIS,SHENG THAO,0.0990991,0.034312636,0,2.0114625,0
Oakland_11062018_CityCouncilDistrict6.csv,[],no,0.84193766,,,,5,LOCAL,NO,R,LOREN TAYLOR,LOREN TAYLOR,LOREN TAYLOR,LOREN TAYLOR,,LOREN TAYLOR,LOREN TAYLOR,LOREN TAYLOR,LOREN TAYLOR,0.55855858,0.016087402,0,2.5834384,0
Oakland_11062018_Mayor.csv,[],no,0.79799885,,,,10,LOCAL,NO,E,LIBBY SCHAAF,LIBBY SCHAAF,LIBBY SCHAAF,LIBBY SCHAAF,,LIBBY SCHAAF,LIBBY SCHAAF,LIBBY SCHAAF,LIBBY SCHAAF,0.088088088,0,0,1.4130802,0
Oakland_11062018_SchoolDirectorDistrict4.csv,[],no,1,,,,2,LOCAL,NO,B,GARY D. YEE,GARY D. YEE,GARY D. YEE,GARY D. YEE,,GARY D. YEE,GARY D. YEE,GARY D. YEE,GARY D. YEE,0.994995,0.32448834,0,,0
Oakland_11062018_SchoolDirectorDistrict6.csv,[],no,1,,,,2,LOCAL,NO,B,SHANTHI GONZALES,SHANTHI GONZALES,SHANTHI GONZALES,SHANTHI GONZALES,,SHANTHI GONZALES,SHANTHI GONZALES,SHANTHI GONZALES,SHANTHI GONZALES,0.3903904,0,0,,0
Oakland_11082016_CityCouncilDistrict1.csv,[],no,1,,,,2,LOCAL,NO,R,DAN KALB,DAN KALB,DAN KALB,DAN KALB,,DAN KALB,DAN KALB,DAN KALB,DAN KALB,0.996997,0,0,,0
Oakland_11082016_CityCouncilDistrict3.csv,[],no,1,,,,2,LOCAL,NO,R,LYNETTE GIBSON MCELHANEY,LYNETTE GIBSON MCELHANEY,LYNETTE GIBSON MCELHANEY,LYNETTE GIBSON MCELHANEY,,LYNETTE GIBSON MCELHANEY,LYNETTE GIBSON MCELHANEY,NONI D. SESSION,NONI D. SESSION,0.993994,0.39832214,0,,0
Oakland_11082016_CityCouncilDistrict5.csv,[],no,1,,,,2,LOCAL,NO,R,NOEL GALLO,NOEL GALLO,NOEL GALLO,NOEL GALLO,,NOEL GALLO,NOEL GALLO,NOEL GALLO,NOEL GALLO,0.993994,0.36595073,0,,0
Oakland_11082016_CityCouncilDistrict7.csv,[],no,0.87876093,,,,3,LOCAL,NO,R,LARRY E. REID,LARRY E. REID,LARRY E. REID,LARRY E. REID,,LARRY E. REID,LARRY E. REID,LARRY E. REID,LARRY E. REID,0.47547546,0.22445117,0,1.4459754,0
Oakland_11082016_CouncilAtLrg.csv,[],no,0.81871897,,,,5,LOCAL,NO,R,REBECCA KAPLAN,REBECCA KAPLAN,REBECCA KAPLAN,REBECCA KAPLAN,,REBECCA KAPLAN,REBECCA KAPLAN,REBECCA KAPLAN,REBECCA KAPLAN,0.15915915,0,0,1.2642015,0
Oakland_11082016_SchoolDirectorDistrict1.csv,[],no,1,,,,2,LOCAL,NO,B,JODY LONDON,JODY LONDON,JODY LONDON,JODY LONDON,,JODY LONDON,JODY LONDON,JODY LONDON,JODY LONDON,0.995996,0.030701192,0,,0
Oakland_11082016_SchoolDirectorDistrict3.csv,[],no,0.85838729,,,,5,LOCAL,NO,B,JUMOKE HINTON HODGE,JUMOKE HINTON HODGE,JUMOKE HINTON HODGE,JUMOKE HINTON HODGE,,JUMOKE HINTON HODGE,JUMOKE HINTON HODGE,JUMOKE HINTON HODGE,JUMOKE HINTON HODGE,0.089089088,0,0,2.2850268,0
Oakland_11082016_SchoolDirectorDistrict5.csv,['Approval'],no,0.9077419,,,,4,LOCAL,NO,B,ROSIE TORRES,ROSIE TORRES,ROSIE TORRES,HUBER TRENADO,,ROSIE TORRES,HUBER TRENADO,HUBER TRENADO,ROSIE TORRES,0.1971972,0.061567429,0,3.6240284,0
Oakland_11082016_SchoolDirectorDistrict7.csv,[],no,1,,,,2,LOCAL,NO,B,JAMES HARRIS,JAMES HARRIS,JAMES HARRIS,JAMES HARRIS,,JAMES HARRIS,JAMES HARRIS,JAMES HARRIS,JAMES HARRIS,0.993994,0.24859184,0,,0
Oakland_11082022_CityCouncilmemberDistrict4.csv,[],no,1,,,,2,LOCAL,NO,R,JANANI RAMACHANDRAN,JANANI RAMACHANDRAN,JANANI RAMACHANDRAN,JANANI RAMACHANDRAN,,JANANI RAMACHANDRAN,JANANI RAMACHANDRAN,JANANI RAMACHANDRAN,JANANI RAMACHANDRAN,0.993994,0.23198128,0,,0
Oakland_11082022_CityCouncilmemberDistrict6.csv,[],no,0.65778106,,,,4,LOCAL,NO,R,KEVIN JENKINS,KEVIN JENKINS,KEVIN JENKINS,KEVIN JENKINS,,KEVIN JENKINS,KEVIN JENKINS,KEVIN JENKINS,KEVIN JENKINS,0.2932933,0.048595183,0,0.68890375,0
Oakland_11082022_Mayor.csv,"['IRV', 'Condorcet', 'Approval']",yes,0.50684404,,,,10,LOCAL,NO,E,SHENG THAO,LOREN MANUEL TAYLOR,SHENG THAO,LOREN MANUEL TAYLOR,,LOREN MANUEL TAYLOR,LOREN MANUEL TAYLOR,LOREN MANUEL TAYLOR,SHENG THAO,0.10810811,0.099778503,0.12018447,2.9204679,0
Oakland_11082022_Schoolboarddistrict2.csv,[],no,0.96251905,,,,3,LOCAL,NO,B,JENNIFER BROUHARD,JENNIFER BROUHARD,JENNIFER BROUHARD,JENNIFER BROUHARD,,JENNIFER BROUHARD,JENNIFER BROUHARD,JENNIFER BROUHARD,JENNIFER BROUHARD,0.43243244,0,0,3.0874746,0
Oakland_11082022_Schoolboarddistrict4.csv,"['Condorcet', 'Plurality']",no,0.8615576,,,,3,LOCAL,NO,B,MIKE HUTCHINSON,MIKE HUTCHINSON,-1,NICK RESNICK,,MIKE HUTCHINSON,MIKE HUTCHINSON,MIKE HUTCHINSON,MIKE HUTCHINSON,0.56056058,0,0,3.0074308,0
Oakland_11082022_Schoolboarddistrict6.csv,[],no,0.92019266,,,,3,LOCAL,NO,B,VALARIE BACHELOR,VALARIE BACHELOR,VALARIE BACHELOR,VALARIE BACHELOR,,VALARIE BACHELOR,VALARIE BACHELOR,VALARIE BACHELOR,VALARIE BACHELOR,0.47747749,0.13180943,0,3.7179894,0
Payson_11052019_CityCouncil.csv,[],no,0.36944342,,,,5,LOCAL,NO,R,DOUG WELTON,DOUG WELTON,DOUG WELTON,DOUG WELTON,,DOUG WELTON,DOUG WELTON,DOUG WELTON,DOUG WELTON,0.16116115,0.066304751,0,2.7599657,0
PierceCounty_11032009_CountyAuditor.csv,"['IRV', 'Condorcet', 'Approval']",yes,0.88539588,,,,3,LOCAL,YES,O,Julie Anderson,Jan Shabro,Julie Anderson,Julie Anderson,,Jan Shabro,Julie Anderson,Jan Shabro,Julie Anderson,0.3993994,0.24799235,0.40559316,3.6545031,1
PierceCounty_11042008_CountyAssessorTreasurer.csv,"['IRV', 'Condorcet', 'Approval']",no,0.82307887,,,,6,LOCAL,YES,O,Dale Washam,Barbara Gelman,Dale Washam,Dale Washam,,Jan Shabro,Dale Washam,Jan Shabro,Dale Washam,0.1961962,0.37019083,0.38094729,2.9199443,1
PierceCounty_11042008_CountyCouncilDistrict2.csv,"['IRV', 'Condorcet', 'Approval']",yes,0.89207715,,,,3,LOCAL,YES,R,Joyce McDonald,Al Rose,Joyce McDonald,Joyce McDonald,,Al Rose,Joyce McDonald,Al Rose,Joyce McDonald,0.58358359,0.32784417,0.58542615,1.9478043,1
PierceCounty_11042008_CountyExecutiveMember.csv,[],no,0.88586694,,,,4,LOCAL,YES,E,Pat McCarthy,Pat McCarthy,Pat McCarthy,Shawn Bunney,,Pat McCarthy,Shawn Bunney,Pat McCarthy,Pat McCarthy,0.74774772,0.24784216,0.33718908,2.4491627,1
Portland_06082021_charter_commission_at_large.csv,"['IRV', 'Condorcet', 'Plurality', 'Approval']",yes,0.36282882,,,,11,LOCAL,NO,B,"Chann, Marpheen S.","DiMillo, Steven A.","Chann, Marpheen S.","Sheikh-Yousef, Nasreen A.",,"DiMillo, Steven A.","DiMillo, Steven A.","DiMillo, Steven A.","Sheikh-Yousef, Nasreen A.",0.3883884,0.019015305,0.038030609,3.5721874,0
Portland_06142022_SchoolboardAL-1.csv,[],no,0.70138186,,,,7,LOCAL,NO,B,"Lentz, Sarah M.","Lentz, Sarah M.","Lentz, Sarah M.","Lentz, Sarah M.",,"Lentz, Sarah M.","Lentz, Sarah M.","Grant, Benjamin K.","Grant, Benjamin K.",0.074074075,0,0,2.8928037,0
Portland_06142022_SchoolboardAL.csv,[],no,0.54807907,,,,29,LOCAL,NO,B,"Lentz, Sarah M.","Lentz, Sarah M.","Lentz, Sarah M.","Lentz, Sarah M.",,"Lentz, Sarah M.","Lentz, Sarah M.","Grant, Benjamin K.","Grant, Benjamin K.",0.23723723,0.036242839,0.036242839,0.7803058,0
Portland_06142022_Schoolboarddistrict5-1.csv,[],no,0.83700669,,,,6,LOCAL,NO,B,"Brydon, Sarah M.","Brydon, Sarah M.","Brydon, Sarah M.","Brydon, Sarah M.",,"Brydon, Sarah M.","Brydon, Sarah M.","Brydon, Sarah M.","Brydon, Sarah M.",0.11311311,0,0,2.0414073,0
Portland_06142022_Schoolboarddistrict5.csv,[],no,0.83435899,,,,14,LOCAL,NO,B,"Brydon, Sarah M.","Brydon, Sarah M.","Brydon, Sarah M.","Brydon, Sarah M.",,"Brydon, Sarah M.","Brydon, Sarah M.","Brydon, Sarah M.","Brydon, Sarah M.",0.076076075,0,0,3.5856338,0
Portland_11082022_SchoolBoardDistrict3.csv,[],no,0.94852823,,,,3,LOCAL,NO,B,"Opperman, Julianne R.","Opperman, Julianne R.","Opperman, Julianne R.","Opperman, Julianne R.",,"Opperman, Julianne R.","Opperman, Julianne R.","Opperman, Julianne R.","Opperman, Julianne R.",0.45145145,0.081469797,0,3.6978652,0
SanFrancisco_06052018_BoardofSupervisorsDistrict8.csv,[],no,0.94536442,,,,3,LOCAL,NO,B,RAFAEL MANDELMAN,RAFAEL MANDELMAN,RAFAEL MANDELMAN,RAFAEL MANDELMAN,,RAFAEL MANDELMAN,RAFAEL MANDELMAN,RAFAEL MANDELMAN,RAFAEL MANDELMAN,0.38738739,0.15374996,0,2.7059753,0
SanFrancisco_06052018_Mayor.csv,"['IRV', 'Condorcet', 'Approval']",no,0.80451715,,,,8,LOCAL,NO,E,LONDON BREED,JANE KIM,LONDON BREED,LONDON BREED,,JANE KIM,LONDON BREED,JANE KIM,MARK LENO,0.14714715,0.00340919,0,0.63431138,0
SanFrancisco_11022004_BoardofSupervisorsDistrict11.csv,[],no,0.77463758,,,,8,LOCAL,NO,B,Gerardo Sandoval,Gerardo Sandoval,Gerardo Sandoval,Gerardo Sandoval,,Gerardo Sandoval,Gerardo Sandoval,Gerardo Sandoval,Gerardo Sandoval,0.11711711,0.021506278,0.036101814,1.8959515,0
SanFrancisco_11022004_BoardofSupervisorsDistrict2.csv,[],no,0.80326492,,,,5,LOCAL,NO,B,Michela Alioto-pier,Michela Alioto-pier,Michela Alioto-pier,Michela Alioto-pier,,Michela Alioto-pier,Michela Alioto-pier,Michela Alioto-pier,Michela Alioto-pier,0.34034035,0.086893357,0,0.92893171,0
SanFrancisco_11022004_BoardofSupervisorsDistrict3.csv,[],no,0.83628643,,,,4,LOCAL,NO,B,Arron Peskin,Arron Peskin,Arron Peskin,Arron Peskin,,Arron Peskin,Arron Peskin,Arron Peskin,Arron Peskin,0.34734735,0.15110837,0,0.87470067,0
SanFrancisco_11022004_BoardofSupervisorsDistrict5.csv,[],no,0.76578653,,,,22,LOCAL,NO,B,Ross Mirkarimi,Ross Mirkarimi,Ross Mirkarimi,Ross Mirkarimi,,Ross Mirkarimi,Ross Mirkarimi,Ross Mirkarimi,Ross Mirkarimi,0.38738739,0.01156053,0.01168191,0.66255832,0
SanFrancisco_11022004_BoardofSupervisorsDistrict7.csv,[],no,0.78712982,,,,13,LOCAL,NO,B,Sean R. Elsbernd,Sean R. Elsbernd,Sean R. Elsbernd,Sean R. Elsbernd,,Sean R. Elsbernd,Sean R. Elsbernd,Sean R. Elsbernd,Sean R. Elsbernd,0.15515515,0,0,0.81760043,0
SanFrancisco_11022004_BoardofSupervisorsDistrict9.csv,[],no,0.82237238,,,,6,LOCAL,NO,B,Tom Ammiano,Tom Ammiano,Tom Ammiano,Tom Ammiano,,Tom Ammiano,Tom Ammiano,Tom Ammiano,Tom Ammiano,0.092092089,0,0,2.5146039,0
SanFrancisco_11022010_BoardofSupervisorsDistrict10.csv,['Plurality'],no,0.79812181,,,,21,LOCAL,NO,B,MALIA COHEN,MALIA COHEN,MALIA COHEN,LYNETTE SWEET,,MALIA COHEN,MARLENE TRAN,MALIA COHEN,MALIA COHEN,0.1011011,0.050306424,0.050306424,1.534085,0
SanFrancisco_11022010_BoardofSupervisorsDistrict2.csv,"['IRV', 'Condorcet', 'Approval']",yes,0.86494553,,,,6,LOCAL,NO,B,MARK FARRELL,JANET REILLY,MARK FARRELL,JANET REILLY,,JANET REILLY,JANET REILLY,JANET REILLY,MARK FARRELL,0.11711711,0.023088945,0.023088945,0.67556268,0
SanFrancisco_11022010_BoardofSupervisorsDistrict6.csv,[],no,0.84653467,,,,14,LOCAL,NO,B,JANE KIM,JANE KIM,JANE KIM,JANE KIM,,JANE KIM,JANE KIM,JANE KIM,JANE KIM,0.2032032,0.006808402,0,2.1730261,0
SanFrancisco_11022010_BoardofSupervisorsDistrict8.csv,[],no,0.85572112,,,,4,LOCAL,NO,B,SCOTT WIENER,SCOTT WIENER,SCOTT WIENER,SCOTT WIENER,,SCOTT WIENER,SCOTT WIENER,SCOTT WIENER,SCOTT WIENER,0.32432431,0.057533447,0,3.4464595,0
SanFrancisco_11032015_BoardofSupervisorsDistrict3.csv,[],no,0.87565851,,,,3,LOCAL,NO,B,AARON PESKIN,AARON PESKIN,AARON PESKIN,AARON PESKIN,,AARON PESKIN,AARON PESKIN,AARON PESKIN,AARON PESKIN,0.990991,0.287945,0.54126883,3.4618585,0
SanFrancisco_11032015_Mayor.csv,[],no,0.84583563,,,,6,LOCAL,NO,E,ED LEE,ED LEE,ED LEE,ED LEE,,ED LEE,ED LEE,ED LEE,ED LEE,0.45745745,0.059536584,0,0.72504079,0
SanFrancisco_11032015_Sheriff.csv,[],no,0.96370304,,,,3,LOCAL,NO,O,VICKI HENNESSY,VICKI HENNESSY,VICKI HENNESSY,VICKI HENNESSY,,VICKI HENNESSY,VICKI HENNESSY,VICKI HENNESSY,VICKI HENNESSY,0.5955956,0.006913415,0,2.4062538,0
SanFrancisco_11032020_BOARDOFSUPERVISORSDISTRICT1.csv,['Approval'],no,0.51334959,,,,7,LOCAL,NO,B,CONNIE CHAN,CONNIE CHAN,CONNIE CHAN,CONNIE CHAN,,CONNIE CHAN,CONNIE CHAN,CONNIE CHAN,MARJAN PHILHOUR,0.24524525,0.16874851,0.16874851,2.7630761,0
SanFrancisco_11032020_BOARDOFSUPERVISORSDISTRICT11.csv,[],no,0.88461047,,,,4,LOCAL,NO,B,AHSHA SAFAI,AHSHA SAFAI,AHSHA SAFAI,AHSHA SAFAI,,AHSHA SAFAI,AHSHA SAFAI,AHSHA SAFAI,AHSHA SAFAI,0.17317317,0.052401543,0,2.9682431,0
SanFrancisco_11032020_BOARDOFSUPERVISORSDISTRICT3.csv,[],no,0.6955229,,,,4,LOCAL,NO,B,AARON PESKIN,AARON PESKIN,AARON PESKIN,AARON PESKIN,,AARON PESKIN,AARON PESKIN,AARON PESKIN,AARON PESKIN,0.3063063,0.12559645,0,2.1054652,0
SanFrancisco_11032020_BOARDOFSUPERVISORSDISTRICT5.csv,[],no,0.61063278,,,,4,LOCAL,NO,B,DEAN PRESTON,DEAN PRESTON,DEAN PRESTON,DEAN PRESTON,,DEAN PRESTON,DEAN PRESTON,DEAN PRESTON,DEAN PRESTON,0.31631631,0.091741294,0,3.8703012,0
SanFrancisco_11032020_BOARDOFSUPERVISORSDISTRICT7.csv,['IRV'],yes,0.48105186,,,,7,LOCAL,NO,B,MYRNA MELGAR,JOEL ENGARDIO,MYRNA MELGAR,JOEL ENGARDIO,,MYRNA MELGAR,JOEL ENGARDIO,MYRNA MELGAR,MYRNA MELGAR,0.18418418,0.025528366,0.025528366,3.2661445,0
SanFrancisco_11032020_BOARDOFSUPERVISORSDISTRICT9.csv,[],no,1,,,,2,LOCAL,NO,B,HILLARY RONEN,HILLARY RONEN,HILLARY RONEN,HILLARY RONEN,,HILLARY RONEN,HILLARY RONEN,HILLARY RONEN,HILLARY RONEN,0.16616617,0,0,,0
SanFrancisco_11042008_BoardofSupervisorsDistrict1.csv,"['IRV', 'Condorcet']",no,0.81319368,,,,9,LOCAL,NO,B,ERIC MAR,SUE LEE,ERIC MAR,ERIC MAR,,SUE LEE,ERIC MAR,SUE LEE,SUE LEE,0.091091089,0.095998965,0.18077543,2.3804405,0
SanFrancisco_11042008_BoardofSupervisorsDistrict11.csv,"['IRV', 'Condorcet', 'Approval']",yes,0.78004187,,,,9,LOCAL,NO,B,JOHN AVALOS,AHSHA SAFAI,JOHN AVALOS,JOHN AVALOS,,AHSHA SAFAI,JOHN AVALOS,AHSHA SAFAI,JOHN AVALOS,0.11911912,0.000184391,0.000195303,0.61917472,0
SanFrancisco_11042008_BoardofSupervisorsDistrict3.csv,[],no,0.81135118,,,,9,LOCAL,NO,B,DAVID CHIU,DAVID CHIU,DAVID CHIU,DAVID CHIU,,DAVID CHIU,DAVID CHIU,DAVID CHIU,DAVID CHIU,0.16616617,0.05966156,0,3.2257195,0
SanFrancisco_11042008_BoardofSupervisorsDistrict4.csv,['Approval'],no,0.8553521,,,,3,LOCAL,NO,B,CARMEN CHU,CARMEN CHU,CARMEN CHU,CARMEN CHU,,CARMEN CHU,CARMEN CHU,RON DUDUM,CARMEN CHU,0.51651651,0.28568602,0.52163756,3.0312858,0
SanFrancisco_11042008_BoardofSupervisorsDistrict5.csv,[],no,0.85405087,,,,3,LOCAL,NO,B,ROSS MIRKARIMI,ROSS MIRKARIMI,ROSS MIRKARIMI,ROSS MIRKARIMI,,ROSS MIRKARIMI,ROSS MIRKARIMI,ROSS MIRKARIMI,ROSS MIRKARIMI,0.52052051,0.071333796,0,0.72467512,0
SanFrancisco_11042008_BoardofSupervisorsDistrict7.csv,[],no,0.91195416,,,,3,LOCAL,NO,B,SEAN R. ELSBERND,SEAN R. ELSBERND,SEAN R. ELSBERND,SEAN R. ELSBERND,,SEAN R. ELSBERND,SEAN R. ELSBERND,SEAN R. ELSBERND,SEAN R. ELSBERND,0.53853852,0.065303184,0,0.55491722,0
SanFrancisco_11042008_BoardofSupervisorsDistrict9.csv,[],no,0.80688435,,,,7,LOCAL,NO,B,DAVID CAMPOS,DAVID CAMPOS,DAVID CAMPOS,DAVID CAMPOS,,DAVID CAMPOS,DAVID CAMPOS,DAVID CAMPOS,DAVID CAMPOS,0.14114115,0.01306783,0,0.80024898,0
SanFrancisco_11042014_BoardofSupervisorsDistrict10.csv,[],no,0.8914212,,,,5,LOCAL,NO,B,MALIA COHEN,MALIA COHEN,MALIA COHEN,MALIA COHEN,,MALIA COHEN,MALIA COHEN,MALIA COHEN,MALIA COHEN,0.2122122,0.18152823,0.21870112,1.963287,0
SanFrancisco_11052004_BoardofSupervisorsDistrict1.csv,[],no,0.816966,,,,7,LOCAL,NO,B,Jake McGoldrick,Jake McGoldrick,Jake McGoldrick,Jake McGoldrick,,Jake McGoldrick,Jake McGoldrick,Jake McGoldrick,Jake McGoldrick,0.14714715,0.068356432,0,2.8699338,0
SanFrancisco_11052019_DistrictAttorney.csv,"['IRV', 'Condorcet']",yes,0.75159866,,,,4,LOCAL,NO,O,CHESA BOUDIN,SUZY LOFTUS,CHESA BOUDIN,CHESA BOUDIN,,SUZY LOFTUS,CHESA BOUDIN,SUZY LOFTUS,SUZY LOFTUS,0.34834835,0.3528842,0.3528842,3.4914143,0
SanFrancisco_11052019_Mayor.csv,[],no,0.72170931,,,,7,LOCAL,NO,E,LONDON N. BREED,LONDON N. BREED,LONDON N. BREED,LONDON N. BREED,,LONDON N. BREED,LONDON N. BREED,LONDON N. BREED,LONDON N. BREED,0.097097099,0,0,0.31594568,0
SanFrancisco_11052019_MemberBoardofSupervisorsDistrict5.csv,"['IRV', 'Condorcet', 'Plurality', 'Approval']",yes,0.83989537,,,,4,LOCAL,NO,B,DEAN PRESTON,VALLIE BROWN,DEAN PRESTON,DEAN PRESTON,,VALLIE BROWN,VALLIE BROWN,VALLIE BROWN,DEAN PRESTON,0.21821822,0.2170596,0.22074579,4.2074847,0
SanFrancisco_11062007_Mayor.csv,[],no,0.89966899,,,,12,LOCAL,NO,E,Gavin Newsom,Gavin Newsom,Gavin Newsom,Gavin Newsom,,Gavin Newsom,Gavin Newsom,Gavin Newsom,Gavin Newsom,0.54254252,0,0,0.2763958,0
SanFrancisco_11062012_BoardofSupervisorsDistrict5.csv,[],no,0.79234958,,,,8,LOCAL,NO,B,LONDON BREED,LONDON BREED,LONDON BREED,LONDON BREED,,LONDON BREED,LONDON BREED,LONDON BREED,LONDON BREED,0.084084086,0.032424167,0.049390841,0.96876818,0
SanFrancisco_11062012_BoardofSupervisorsDistrict7.csv,[],no,0.77295685,,,,9,LOCAL,NO,B,NORMAN YEE,NORMAN YEE,NORMAN YEE,NORMAN YEE,,NORMAN YEE,NORMAN YEE,NORMAN YEE,NORMAN YEE,0.15915915,0.07808049,0.078991987,2.8901272,0
SanFrancisco_11062018_AssessorRecorder.csv,[],no,1,,,,2,LOCAL,NO,O,CARMEN CHU,CARMEN CHU,CARMEN CHU,CARMEN CHU,,CARMEN CHU,CARMEN CHU,CARMEN CHU,CARMEN CHU,0.995996,0.10466687,0,,0
SanFrancisco_11062018_BoardofSupervisorsDistrict10.csv,[],no,0.84537321,,,,6,LOCAL,NO,B,SHAMANN WALTON,SHAMANN WALTON,SHAMANN WALTON,SHAMANN WALTON,,SHAMANN WALTON,SHAMANN WALTON,SHAMANN WALTON,SHAMANN WALTON,0.098098099,0.041332986,0,2.2009284,0
SanFrancisco_11062018_BoardofSupervisorsDistrict2.csv,[],no,0.85667419,,,,4,LOCAL,NO,B,CATHERINE STEFANI,CATHERINE STEFANI,CATHERINE STEFANI,CATHERINE STEFANI,,CATHERINE STEFANI,CATHERINE STEFANI,CATHERINE STEFANI,CATHERINE STEFANI,0.3033033,0.051348411,0,3.0486774,0
SanFrancisco_11062018_BoardofSupervisorsDistrict4.csv,[],no,0.82062167,,,,8,LOCAL,NO,B,GORDON MAR,GORDON MAR,GORDON MAR,GORDON MAR,,GORDON MAR,GORDON MAR,GORDON MAR,GORDON MAR,0.14714715,0,0,0.84869939,0
SanFrancisco_11062018_BoardofSupervisorsDistrict6.csv,['Approval'],no,0.82887787,,,,3,LOCAL,NO,B,MATT HANEY,MATT HANEY,MATT HANEY,MATT HANEY,,MATT HANEY,MATT HANEY,CHRISTINE JOHNSON,MATT HANEY,0.55455458,0.25220948,0,1.1122825,0
SanFrancisco_11062018_BoardofSupervisorsDistrict8.csv,[],no,1,,,,2,LOCAL,NO,B,RAFAEL MANDELMAN,RAFAEL MANDELMAN,RAFAEL MANDELMAN,RAFAEL MANDELMAN,,RAFAEL MANDELMAN,RAFAEL MANDELMAN,RAFAEL MANDELMAN,RAFAEL MANDELMAN,0.73173171,0,0,,0
SanFrancisco_11072006_BoardofSupervisorsDistrict10.csv,[],no,0.85826004,,,,7,LOCAL,NO,B,Sophie Maxwell,Sophie Maxwell,Sophie Maxwell,Sophie Maxwell,,Sophie Maxwell,Sophie Maxwell,Sophie Maxwell,Sophie Maxwell,0.082082085,0,0,0.79262555,0
SanFrancisco_11072006_BoardofSupervisorsDistrict2.csv,[],no,1,,,,2,LOCAL,NO,B,Michela Alioto-pier,Michela Alioto-pier,Michela Alioto-pier,Michela Alioto-pier,,Michela Alioto-pier,Michela Alioto-pier,Michela Alioto-pier,Michela Alioto-pier,0.997998,0,0,,0
SanFrancisco_11072006_BoardofSupervisorsDistrict4.csv,[],no,0.85695541,,,,6,LOCAL,NO,B,Ed Jew,Ed Jew,Ed Jew,Ed Jew,,Ed Jew,Ed Jew,Ed Jew,Ed Jew,0.16416417,0.08905793,0.1263085,3.2318163,0
SanFrancisco_11072006_BoardofSupervisorsDistrict6.csv,[],no,0.88044143,,,,8,LOCAL,NO,B,Chris Daly,Chris Daly,Chris Daly,Chris Daly,,Chris Daly,Chris Daly,Chris Daly,Chris Daly,0.15815815,0.068215884,0,3.4277928,0
SanFrancisco_11072006_BoardofSupervisorsDistrict8.csv,[],no,0.94961059,,,,3,LOCAL,NO,B,Bevan Dufty,Bevan Dufty,Bevan Dufty,Bevan Dufty,,Bevan Dufty,Bevan Dufty,Bevan Dufty,Bevan Dufty,0.42542541,0.10757274,0,1.8707043,0
SanFrancisco_11082005_AssessorRecorder.csv,[],no,0.75211823,,,,4,LOCAL,NO,O,Phil Ting,Phil Ting,Phil Ting,Phil Ting,,Phil Ting,Phil Ting,Phil Ting,Phil Ting,0.35035035,0.13284817,0.25777915,3.8367212,0
SanFrancisco_11082005_Treasurer.csv,[],no,0.92344654,,,,4,LOCAL,NO,O,Jose Cisneros,Jose Cisneros,Jose Cisneros,Jose Cisneros,,Jose Cisneros,Jose Cisneros,Jose Cisneros,Jose Cisneros,0.2062062,0,0,1.4019088,0
SanFrancisco_11082011_DistrictAttorney.csv,['Approval'],no,0.84052145,,,,5,LOCAL,NO,O,GEORGE GASCÓN,GEORGE GASCÓN,GEORGE GASCÓN,GEORGE GASCÓN,,GEORGE GASCÓN,GEORGE GASCÓN,SHARMIN BOCK,GEORGE GASCÓN,0.18018018,0.24916367,0.19218011,1.6638907,0
SanFrancisco_11082011_Mayor.csv,[],no,0.76776606,,,,16,LOCAL,NO,E,ED LEE,ED LEE,ED LEE,ED LEE,,ED LEE,ED LEE,ED LEE,ED LEE,0.17017017,0.01674871,0.011017184,2.0649681,0
SanFrancisco_11082011_Sheriff.csv,"['IRV', 'Condorcet', 'Approval']",yes,0.88416076,,,,4,LOCAL,NO,O,ROSS MIRKARIMI,CHRIS CUNNIE,ROSS MIRKARIMI,ROSS MIRKARIMI,,CHRIS CUNNIE,ROSS MIRKARIMI,CHRIS CUNNIE,ROSS MIRKARIMI,0.3073073,0.30728853,0.31141996,2.7612271,0
SanFrancisco_11082016_BoardofSupervisorsDistrict1.csv,"['IRV', 'Condorcet', 'Approval']",no,0.82621825,,,,10,LOCAL,NO,B,SANDRA LEE FEWER,MARJAN PHILHOUR,SANDRA LEE FEWER,SANDRA LEE FEWER,,MARJAN PHILHOUR,SANDRA LEE FEWER,MARJAN PHILHOUR,SANDRA LEE FEWER,0.15815815,0,0,0.60627604,0
SanFrancisco_11082016_BoardofSupervisorsDistrict11.csv,"['IRV', 'Condorcet']",yes,0.8141343,,,,5,LOCAL,NO,B,AHSHA SAFAI,KIM ALVARENGA,AHSHA SAFAI,AHSHA SAFAI,,KIM ALVARENGA,AHSHA SAFAI,KIM ALVARENGA,KIM ALVARENGA,0.1991992,0.21164581,0.21164581,2.7621703,0
SanFrancisco_11082016_BoardofSupervisorsDistrict3.csv,[],no,1,,,,2,LOCAL,NO,B,AARON PESKIN,AARON PESKIN,AARON PESKIN,AARON PESKIN,,AARON PESKIN,AARON PESKIN,AARON PESKIN,AARON PESKIN,0.995996,0.10587999,0,,0
SanFrancisco_11082016_BoardofSupervisorsDistrict5.csv,[],no,1,,,,2,LOCAL,NO,B,LONDON BREED,LONDON BREED,LONDON BREED,LONDON BREED,,LONDON BREED,LONDON BREED,LONDON BREED,LONDON BREED,0.993994,0.45393178,0,,0
SanFrancisco_11082016_BoardofSupervisorsDistrict7.csv,[],no,0.83278167,,,,5,LOCAL,NO,B,NORMAN YEE,NORMAN YEE,NORMAN YEE,NORMAN YEE,,NORMAN YEE,NORMAN YEE,NORMAN YEE,NORMAN YEE,0.66166168,0.13225918,0.24687472,1.4118505,0
SanFrancisco_11082016_BoardofSupervisorsDistrict9.csv,[],no,0.91840482,,,,4,LOCAL,NO,B,HILLARY RONEN,HILLARY RONEN,HILLARY RONEN,HILLARY RONEN,,HILLARY RONEN,HILLARY RONEN,HILLARY RONEN,HILLARY RONEN,0.23523523,0.017310183,0,2.4106581,0
SanFrancisco_11082022_BoardofSupervisorsD10.csv,[],no,1,,,,2,LOCAL,NO,B,SHAMANN WALTON,SHAMANN WALTON,SHAMANN WALTON,SHAMANN WALTON,,SHAMANN WALTON,SHAMANN WALTON,SHAMANN WALTON,SHAMANN WALTON,0.994995,0.15129168,0,,0
SanFrancisco_11082022_BoardofSupervisorsD4.csv,[],no,1,,,,2,LOCAL,NO,B,JOEL ENGARDIO,JOEL ENGARDIO,JOEL ENGARDIO,JOEL ENGARDIO,,JOEL ENGARDIO,JOEL ENGARDIO,JOEL ENGARDIO,JOEL ENGARDIO,0.995996,0.47834861,0,,0
SanFrancisco_11082022_BoardofSupervisorsD6.csv,[],no,0.73826164,,,,4,LOCAL,NO,B,MATT DORSEY,MATT DORSEY,MATT DORSEY,MATT DORSEY,,MATT DORSEY,MATT DORSEY,MATT DORSEY,MATT DORSEY,0.26126125,0.12351085,0,3.01724,0
SanFrancisco_11082022_BoardofSupervisorsD8.csv,[],no,1,,,,2,LOCAL,NO,B,RAFAEL MANDELMAN,RAFAEL MANDELMAN,RAFAEL MANDELMAN,RAFAEL MANDELMAN,,RAFAEL MANDELMAN,RAFAEL MANDELMAN,RAFAEL MANDELMAN,RAFAEL MANDELMAN,0.995996,0.005575356,0,,0
SanFrancisco_11082022_DistrictAttorney.csv,"['IRV', 'Condorcet']",yes,0.77481455,,,,4,LOCAL,NO,O,BROOKE JENKINS,JOHN HAMASAKI,BROOKE JENKINS,BROOKE JENKINS,,JOHN HAMASAKI,BROOKE JENKINS,BROOKE JENKINS,BROOKE JENKINS,0.33633634,0.23848452,0.3396329,3.4577675,0
SanFrancisco_11082022_PublicDefender.csv,[],no,1,,,,2,LOCAL,NO,O,MANO RAJU,MANO RAJU,MANO RAJU,MANO RAJU,,MANO RAJU,MANO RAJU,MANO RAJU,MANO RAJU,0.993994,0.11640441,0,,0
SanLeandro_11022010_CountyCouncilDistrict1.csv,[],no,0.99859643,,,,3,LOCAL,NO,R,MICHAEL J. GREGORY,MICHAEL J. GREGORY,MICHAEL J. GREGORY,MICHAEL J. GREGORY,,MICHAEL J. GREGORY,MICHAEL J. GREGORY,MICHAEL J. GREGORY,MICHAEL J. GREGORY,0.42242241,0,0,2.7664671,0
SanLeandro_11022010_CountyCouncilDistrict5.csv,[],no,1,,,,2,LOCAL,NO,R,PAULINE RUSSO CUTTER,PAULINE RUSSO CUTTER,PAULINE RUSSO CUTTER,PAULINE RUSSO CUTTER,,PAULINE RUSSO CUTTER,PAULINE RUSSO CUTTER,PAULINE RUSSO CUTTER,PAULINE RUSSO CUTTER,0.991992,0.44112507,0,,0
SanLeandro_11022010_Mayor.csv,"['IRV', 'Condorcet', 'Approval']",yes,0.74659306,,,,6,LOCAL,NO,E,STEPHEN H. CASSIDY,ANTHONY B. ''TONY'' SANTOS,STEPHEN H. CASSIDY,ANTHONY B. ''TONY'' SANTOS,,JOYCE RUTLEDGE STAROSCIAK,ANTHONY B. ''TONY'' SANTOS,JOYCE RUTLEDGE STAROSCIAK,STEPHEN H. CASSIDY,0.4914915,0.13873301,0.001593976,3.0757556,0
SanLeandro_11032020_MemberCityCouncilDist2SanLeandroRCV.csv,[],no,1,,,,2,LOCAL,NO,R,BRYAN AZEVEDO,BRYAN AZEVEDO,BRYAN AZEVEDO,BRYAN AZEVEDO,,BRYAN AZEVEDO,BRYAN AZEVEDO,BRYAN AZEVEDO,BRYAN AZEVEDO,0.98999,0.44465792,0,,0
SanLeandro_11032020_MemberCityCouncilDist4SanLeandroRCV.csv,[],no,1,,,,2,LOCAL,NO,R,FRED SIMON,FRED SIMON,FRED SIMON,FRED SIMON,,FRED SIMON,FRED SIMON,FRED SIMON,FRED SIMON,0.991992,0.26770237,0,,0
SanLeandro_11042014_CountyCouncilDistrict1.csv,[],no,0.8538695,,,,4,LOCAL,NO,R,DEBORAH COX,DEBORAH COX,DEBORAH COX,DEBORAH COX,,DEBORAH COX,DEBORAH COX,DEBORAH COX,DEBORAH COX,0.2002002,0,0,2.1955178,0
SanLeandro_11042014_CountyCouncilDistrict3.csv,['Approval'],no,0.90945578,,,,3,LOCAL,NO,R,LEE THOMAS,LEE THOMAS,LEE THOMAS,LEE THOMAS,,LEE THOMAS,LEE THOMAS,VICTOR AGUILAR,LEE THOMAS,0.43743744,0.21209826,0,2.4989769,0
SanLeandro_11042014_CountyCouncilDistrict5.csv,['Approval'],no,0.80461258,,,,3,LOCAL,NO,R,CORINA LOPEZ,CORINA LOPEZ,CORINA LOPEZ,CORINA LOPEZ,,CORINA LOPEZ,CORINA LOPEZ,MIA OUSLEY,CORINA LOPEZ,0.98598599,0.26319259,0.50867999,1.6646593,0
SanLeandro_11042014_Mayor.csv,[],no,0.92543751,,,,4,LOCAL,NO,E,PAULINE RUSSO CUTTER,PAULINE RUSSO CUTTER,PAULINE RUSSO CUTTER,PAULINE RUSSO CUTTER,,PAULINE RUSSO CUTTER,PAULINE RUSSO CUTTER,PAULINE RUSSO CUTTER,PAULINE RUSSO CUTTER,0.22522523,0.064241126,0,2.9378726,0
SanLeandro_11062012_CountyCouncilDistrict2.csv,"['IRV', 'Condorcet', 'Plurality']",yes,0.90278274,,,,3,LOCAL,NO,R,URSULA REED,MORGAN MACK-ROSE,URSULA REED,URSULA REED,,MORGAN MACK-ROSE,MORGAN MACK-ROSE,MORGAN MACK-ROSE,MORGAN MACK-ROSE,0.44444445,0.34588638,0.45525745,3.1211801,0
SanLeandro_11062012_CountyCouncilDistrict4.csv,[],no,0.76987249,,,,4,LOCAL,NO,R,BENNY LEE,BENNY LEE,BENNY LEE,BENNY LEE,,BENNY LEE,BENNY LEE,BENNY LEE,BENNY LEE,0.3103103,0.29305139,0.31803191,2.4142051,0
SanLeandro_11062012_CountyCouncilDistrict6.csv,[],no,1,,,,2,LOCAL,NO,R,JIM PROLA,JIM PROLA,JIM PROLA,JIM PROLA,,JIM PROLA,JIM PROLA,JIM PROLA,JIM PROLA,0.98999,0.4253962,0,,0
SanLeandro_11062018_CountyCouncilDistrict1.csv,[],no,0.76261246,,,,3,LOCAL,NO,R,DEBORAH COX,DEBORAH COX,DEBORAH COX,DEBORAH COX,,DEBORAH COX,DEBORAH COX,DEBORAH COX,DEBORAH COX,0.51351351,0.19048427,0,1.2922121,0
SanLeandro_11062018_CountyCouncilDistrict3.csv,[],no,1,,,,2,LOCAL,NO,R,"VICTOR AGUILAR, JR.","VICTOR AGUILAR, JR.","VICTOR AGUILAR, JR.","VICTOR AGUILAR, JR.",,"VICTOR AGUILAR, JR.","VICTOR AGUILAR, JR.",LEE THOMAS,LEE THOMAS,0.990991,0.48216408,0,,0
SanLeandro_11062018_CountyCouncilDistrict5.csv,[],no,1,,,,2,LOCAL,NO,R,CORINA N. LOPEZ,CORINA N. LOPEZ,CORINA N. LOPEZ,CORINA N. LOPEZ,,CORINA N. LOPEZ,CORINA N. LOPEZ,CORINA N. LOPEZ,CORINA N. LOPEZ,0.992993,0.23807955,0,,0
SanLeandro_11062018_Mayor.csv,[],no,0.89574873,,,,4,LOCAL,NO,E,PAULINE RUSSO CUTTER,PAULINE RUSSO CUTTER,PAULINE RUSSO CUTTER,PAULINE RUSSO CUTTER,,PAULINE RUSSO CUTTER,PAULINE RUSSO CUTTER,PAULINE RUSSO CUTTER,PAULINE RUSSO CUTTER,0.18018018,0,0,2.3905785,0
SanLeandro_11082016_CountyCouncilDistrict2.csv,[],no,1,,,,2,LOCAL,NO,R,ED HERNANDEZ,ED HERNANDEZ,ED HERNANDEZ,ED HERNANDEZ,,ED HERNANDEZ,ED HERNANDEZ,ED HERNANDEZ,ED HERNANDEZ,0.992993,0.43029696,0,,0
SantaFe_03062018_CityCouncilDistrict2.csv,['Approval'],no,0.86289549,,,,3,LOCAL,NO,R,Carol Romero-Wirth,Carol Romero-Wirth,Carol Romero-Wirth,Carol Romero-Wirth,,Carol Romero-Wirth,Carol Romero-Wirth,Nate Downey,Carol Romero-Wirth,0.41941941,0.20901474,0,1.9516054,0
SantaFe_03062018_CityCouncilDistrict4.csv,"['IRV', 'Condorcet', 'Approval']",yes,0.71303284,,,,3,LOCAL,NO,R,JoAnne Vigil Coppler,Eric John Holmes,JoAnne Vigil Coppler,JoAnne Vigil Coppler,,Eric John Holmes,JoAnne Vigil Coppler,Eric John Holmes,JoAnne Vigil Coppler,0.5025025,0.5008077,0.50938922,3.4296563,0
SantaFe_03062018_Mayor.csv,[],no,0.42396313,,,,5,LOCAL,NO,E,Alan Webber,Alan Webber,Alan Webber,Alan Webber,,Alan Webber,Alan Webber,Alan Webber,Alan Webber,0.83183181,0.10651658,0,2.8658407,0
Springville_11022021_CityCouncil2yr.csv,[],no,0.89083403,,,,3,LOCAL,NO,R,CHRIS SORENSEN,CHRIS SORENSEN,CHRIS SORENSEN,CHRIS SORENSEN,,CHRIS SORENSEN,CHRIS SORENSEN,CHRIS SORENSEN,CHRIS SORENSEN,0.45145145,0.097895727,0,3.1438038,0
Springville_11022021_Mayor.csv,[],no,0.72385621,,,,3,LOCAL,NO,E,MATT PACKARD,MATT PACKARD,MATT PACKARD,MATT PACKARD,,MATT PACKARD,MATT PACKARD,MATT PACKARD,MATT PACKARD,0.55255258,0.13341534,0,0.34285036,0
StLouisPark_11022021_CityCouncilWard2.csv,[],no,1,,,,2,LOCAL,NO,R,Lynette Lungay Dumalag,Lynette Lungay Dumalag,Lynette Lungay Dumalag,Lynette Lungay Dumalag,,Lynette Lungay Dumalag,Lynette Lungay Dumalag,Lynette Lungay Dumalag,Lynette Lungay Dumalag,,0,0,,0
StLouisPark_11022021_CityCouncilWard3.csv,[],no,0.91200596,,,,3,LOCAL,NO,R,Sue Budd,Sue Budd,Sue Budd,Sue Budd,,Sue Budd,Sue Budd,Sue Budd,Sue Budd,0.51351351,0.08010982,0,2.9074035,0
TakomaPark_11082022_CityCouncilWard1.csv,[],no,0.82707876,,,,3,LOCAL,NO,R,Shana Fulcher,Shana Fulcher,Shana Fulcher,Shana Fulcher,,Shana Fulcher,Shana Fulcher,Shana Fulcher,Shana Fulcher,0.44944945,0.19864881,0,1.519442,0
TakomaPark_11082022_CityCouncilWard3.csv,['Approval'],no,0.7718659,,,,5,LOCAL,NO,R,Randy Gibson,Randy Gibson,Randy Gibson,Randy Gibson,,Randy Gibson,Randy Gibson,Alex Hadden,Randy Gibson,0.048048049,0.083071202,0.16480596,3.136744,0
TakomaPark_11082022_CityCouncilWard5.csv,['Approval'],no,0.85626286,,,,3,LOCAL,NO,R,Cara Honzak,Cara Honzak,Cara Honzak,Cara Honzak,,Cara Honzak,Cara Honzak,A. J. Campbell,Cara Honzak,0.44944945,0.32063198,0.45729676,2.7747545,0
TakomaPark_11082022_CityCouncilWard6.csv,"['IRV', 'Condorcet']",yes,0.67384613,,,,7,LOCAL,NO,R,Jason Small,Mike Moore,Jason Small,Jason Small,,Mike Moore,Jason Small,Mike Moore,Mike Moore,0.5925926,0.00117699,0.002018343,0.14242458,0
TakomaPark_11082022_Mayor.csv,[],no,0.71481156,,,,6,LOCAL,NO,E,Talisha Searcy,Talisha Searcy,Talisha Searcy,Talisha Searcy,,Talisha Searcy,Talisha Searcy,Talisha Searcy,Talisha Searcy,0.11611611,0.006001051,0.000259423,1.4705008,0
Vineyard_11022021_Mayor.csv,[],no,0.80091089,,,,3,LOCAL,NO,E,JULIE FULLMER,JULIE FULLMER,JULIE FULLMER,JULIE FULLMER,,JULIE FULLMER,JULIE FULLMER,JULIE FULLMER,JULIE FULLMER,0.15515515,0.10893887,0,1.8652675,0
Vineyard_11052019_CityCouncil.csv,"['IRV', 'Condorcet', 'Plurality', 'Approval']",no,0.23783287,,,,7,LOCAL,NO,R,CRISTY WELSH,G. TYCE FLAKE,CRISTY WELSH,CRISTY WELSH,,G. TYCE FLAKE,G. TYCE FLAKE,G. TYCE FLAKE,CRISTY WELSH,0.12712713,0.080338739,0.16067748,3.3475266,0
WoodlandHills_11022021_Mayor.csv,"['IRV', 'Condorcet', 'Approval']",yes,0.86259544,,,,3,LOCAL,NO,E,BRENT WINDER,BENJAMIN J HILLYARD,BRENT WINDER,BRENT WINDER,,BENJAMIN J HILLYARD,BRENT WINDER,BENJAMIN J HILLYARD,BRENT WINDER,0.97297299,0.38485765,0.41149464,2.2428439,0
Wyoming_04172020_PRESIDENTOFTHEUNITEDSTATES.csv,[],no,0.73334634,,,,9,FEDERAL,YES,E,Joseph R. Biden,Joseph R. Biden,Joseph R. Biden,Joseph R. Biden,,Joseph R. Biden,Joseph R. Biden,Joseph R. Biden,Joseph R. Biden,0.25825825,0,0,0.31229788,
Alaska_11052024_President.csv,,,0.833382548,,,,8,FEDERAL,YES,E,,,,,,,,,,,,,,
Alaska_11052024_StateHouseD1.csv,,,0.953815999,,,,3,STATE,YES,R,,,,,,,,,,,,,,
Alaska_11052024_StateHouseD10.csv,,,1,,,,2,STATE,YES,R,,,,,,,,,,,,,,
Alaska_11052024_StateHouseD11.csv,,,1,,,,2,STATE,YES,R,,,,,,,,,,,,,,
Alaska_11052024_StateHouseD12.csv,,,1,,,,2,STATE,YES,R,,,,,,,,,,,,,,
Alaska_11052024_StateHouseD13.csv,,,1,,,,2,STATE,YES,R,,,,,,,,,,,,,,
Alaska_11052024_StateHouseD14.csv,,,1,,,,2,STATE,YES,R,,,,,,,,,,,,,,
Alaska_11052024_StateHouseD15.csv,,,0.982539683,,,,3,STATE,YES,R,,,,,,,,,,,,,,
Alaska_11052024_StateHouseD16.csv,,,1,,,,2,STATE,YES,R,,,,,,,,,,,,,,
Alaska_11052024_StateHouseD17.csv,,,1,,,,1,STATE,YES,R,,,,,,,,,,,,,,
Alaska_11052024_StateHouseD18.csv,,,1,,,,2,STATE,YES,R,,,,,,,,,,,,,,
Alaska_11052024_StateHouseD19.csv,,,0.962251201,,,,3,STATE,YES,R,,,,,,,,,,,,,,
Alaska_11052024_StateHouseD2.csv,,,1,,,,1,STATE,YES,R,,,,,,,,,,,,,,
Alaska_11052024_StateHouseD20.csv,,,1,,,,2,STATE,YES,R,,,,,,,,,,,,,,
Alaska_11052024_StateHouseD21.csv,,,1,,,,2,STATE,YES,R,,,,,,,,,,,,,,
Alaska_11052024_StateHouseD22.csv,,,1,,,,2,STATE,YES,R,,,,,,,,,,,,,,
Alaska_11052024_StateHouseD23.csv,,,1,,,,2,STATE,YES,R,,,,,,,,,,,,,,
Alaska_11052024_StateHouseD24.csv,,,1,,,,1,STATE,YES,R,,,,,,,,,,,,,,
Alaska_11052024_StateHouseD25.csv,,,1,,,,1,STATE,YES,R,,,,,,,,,,,,,,
Alaska_11052024_StateHouseD26.csv,,,1,,,,1,STATE,YES,R,,,,,,,,,,,,,,
Alaska_11052024_StateHouseD27.csv,,,1,,,,2,STATE,YES,R,,,,,,,,,,,,,,
Alaska_11052024_StateHouseD28.csv,,,0.923106746,,,,3,STATE,YES,R,,,,,,,,,,,,,,
Alaska_11052024_StateHouseD29.csv,,,1,,,,1,STATE,YES,R,,,,,,,,,,,,,,
Alaska_11052024_StateHouseD3.csv,,,1,,,,1,STATE,YES,R,,,,,,,,,,,,,,
Alaska_11052024_StateHouseD30.csv,,,1,,,,2,STATE,YES,R,,,,,,,,,,,,,,
Alaska_11052024_StateHouseD31.csv,,,1,,,,2,STATE,YES,R,,,,,,,,,,,,,,
Alaska_11052024_StateHouseD32.csv,,,1,,,,2,STATE,YES,R,,,,,,,,,,,,,,
Alaska_11052024_StateHouseD33.csv,,,1,,,,1,STATE,YES,R,,,,,,,,,,,,,,
Alaska_11052024_StateHouseD34.csv,,,1,,,,2,STATE,YES,R,,,,,,,,,,,,,,
Alaska_11052024_StateHouseD35.csv,,,1,,,,2,STATE,YES,R,,,,,,,,,,,,,,
Alaska_11052024_StateHouseD36.csv,,,0.906753131,,,,4,STATE,YES,R,,,,,,,,,,,,,,
Alaska_11052024_StateHouseD37.csv,,,1,,,,2,STATE,YES,R,,,,,,,,,,,,,,
Alaska_11052024_StateHouseD38.csv,,,0.80964256,,,,4,STATE,YES,R,,,,,,,,,,,,,,
Alaska_11052024_StateHouseD39.csv,,,1,,,,2,STATE,YES,R,,,,,,,,,,,,,,
Alaska_11052024_StateHouseD4.csv,,,1,,,,1,STATE,YES,R,,,,,,,,,,,,,,
Alaska_11052024_StateHouseD40.csv,,,0.887471377,,,,3,STATE,YES,R,,,,,,,,,,,,,,
Alaska_11052024_StateHouseD5.csv,,,1,,,,2,STATE,YES,R,,,,,,,,,,,,,,
Alaska_11052024_StateHouseD6.csv,,,0.972234387,,,,3,STATE,YES,R,,,,,,,,,,,,,,
Alaska_11052024_StateHouseD7.csv,,,1,,,,2,STATE,YES,R,,,,,,,,,,,,,,
Alaska_11052024_StateHouseD8.csv,,,1,,,,2,STATE,YES,R,,,,,,,,,,,,,,
Alaska_11052024_StateHouseD9.csv,,,1,,,,2,STATE,YES,R,,,,,,,,,,,,,,
Alaska_11052024_StateSenateB.csv,,,1,,,,1,STATE,YES,R,,,,,,,,,,,,,,
Alaska_11052024_StateSenateD.csv,,,0.981481481,,,,3,STATE,YES,R,,,,,,,,,,,,,,
Alaska_11052024_StateSenateF.csv,,,0.960321653,,,,3,STATE,YES,R,,,,,,,,,,,,,,
Alaska_11052024_StateSenateH.csv,,,1,,,,2,STATE,YES,R,,,,,,,,,,,,,,
Alaska_11052024_StateSenateJ.csv,,,1,,,,2,STATE,YES,R,,,,,,,,,,,,,,
Alaska_11052024_StateSenateL.csv,,,0.98032502,,,,3,STATE,YES,R,,,,,,,,,,,,,,
Alaska_11052024_StateSenateN.csv,,,0.929512559,,,,3,STATE,YES,R,,,,,,,,,,,,,,
Alaska_11052024_StateSenateP.csv,,,1,,,,2,STATE,YES,R,,,,,,,,,,,,,,
Alaska_11052024_StateSenateR.csv,,,0.953318987,,,,3,STATE,YES,R,,,,,,,,,,,,,,
Alaska_11052024_StateSenateT.csv,,,1,,,,1,STATE,YES,R,,,,,,,,,,,,,,
Alaska_11052024_US_House.csv,,,0.919223552,,,,4,FEDERAL,YES,R,,,,,,,,,,,,,,
Albany_11082022_FAKECityCouncil.csv,,,0.676396295,,,,4,LOCAL,NO,R,,,,,,,,,,,,,,
Berkeley_11052024_CityCouncilD2.csv,,,1,,,,2,LOCAL,NO,R,,,,,,,,,,,,,,
Berkeley_11052024_CityCouncilD3.csv,,,0.928880643,,,,3,LOCAL,NO,R,,,,,,,,,,,,,,
Berkeley_11052024_CityCouncilD5.csv,,,0.907328332,,,,3,LOCAL,NO,R,,,,,,,,,,,,,,
Berkeley_11052024_CityCouncilD6.csv,,,1,,,,2,LOCAL,NO,R,,,,,,,,,,,,,,
Berkeley_11052024_Mayor.csv,,,0.761214644,,,,5,LOCAL,NO,E,,,,,,,,,,,,,,
Bloomington_11072023_CityCouncilDistrict4.csv,,,0.976390686,,,,3,LOCAL,NO,R,,,,,,,,,,,,,,
Bloomington_11072023_SpecialCityCouncilAtLarge.csv,,,0.969042328,,,,3,LOCAL,NO,R,,,,,,,,,,,,,,
Boulder_11072023_Mayor.csv,,,0.848168493,,,,4,LOCAL,NO,E,,,,,,,,,,,,,,
Burlington_03052024_Mayor.csv,,,0.865615312,,,,4,LOCAL,YES,E,,,,,,,,,,,,,,
Minneapolis_11072023_CityCouncilWard10.csv,,,0.864573422,,,,4,LOCAL,NO,R,,,,,,,,,,,,,,
Minneapolis_11072023_CityCouncilWard12.csv,,,0.890281098,,,,3,LOCAL,NO,R,,,,,,,,,,,,,,
Minneapolis_11072023_CityCouncilWard13.csv,,,0.947941647,,,,4,LOCAL,NO,R,,,,,,,,,,,,,,
Minneapolis_11072023_CityCouncilWard4.csv,,,0.953864237,,,,4,LOCAL,NO,R,,,,,,,,,,,,,,
Minneapolis_11072023_CityCouncilWard5.csv,,,0.865752551,,,,3,LOCAL,NO,R,,,,,,,,,,,,,,
Minneapolis_11072023_CityCouncilWard6.csv,,,0.941858219,,,,4,LOCAL,NO,R,,,,,,,,,,,,,,
Minneapolis_11072023_CityCouncilWard7.csv,,,0.896988708,,,,3,LOCAL,NO,R,,,,,,,,,,,,,,
Minneapolis_11072023_CityCouncilWard8.csv,,,0.907398213,,,,4,LOCAL,NO,R,,,,,,,,,,,,,,
Minnetonka_11072023_CityCouncilWard1.csv,,,0.890764647,,,,4,LOCAL,NO,R,,,,,,,,,,,,,,
Minnetonka_11072023_CityCouncilWard3.csv,,,0.932718071,,,,3,LOCAL,NO,R,,,,,,,,,,,,,,
Minnetonka_11072023_CityCouncilWard4.csv,,,0.880073238,,,,3,LOCAL,NO,R,,,,,,,,,,,,,,
Oakland_04152025_CityCouncilD2.csv,,,0.778447387,,,,6,LOCAL,NO,R,,,,,,,,,,,,,,
Oakland_04152025_Mayor.csv,,,0.793965225,,,,10,LOCAL,NO,E,,,,,,,,,,,,,,
Oakland_11052024_CityAttorney.csv,,,1,,,,2,LOCAL,NO,R,,,,,,,,,,,,,,
Oakland_11052024_CityCouncilD1.csv,,,0.968248151,,,,3,LOCAL,NO,R,,,,,,,,,,,,,,
Oakland_11052024_CityCouncilD3.csv,,,0.684937378,,,,6,LOCAL,NO,R,,,,,,,,,,,,,,
Oakland_11052024_CityCouncilD5.csv,,,0.861844683,,,,3,LOCAL,NO,R,,,,,,,,,,,,,,
Oakland_11052024_CityCouncilD7.csv,,,0.692809978,,,,4,LOCAL,NO,R,,,,,,,,,,,,,,
Oakland_11052024_CityCouncil_AtLarge.csv,,,0.557338143,,,,10,LOCAL,NO,R,,,,,,,,,,,,,,
Oakland_11052024_School_Director_D1.csv,,,1,,,,2,LOCAL,NO,B,,,,,,,,,,,,,,
Oakland_11052024_School_Director_D3.csv,,,1,,,,2,LOCAL,NO,B,,,,,,,,,,,,,,
Oakland_11052024_School_Director_D5.csv,,,1,,,,2,LOCAL,NO,B,,,,,,,,,,,,,,
Oakland_11052024_School_Director_D7.csv,,,1,,,,2,LOCAL,NO,B,,,,,,,,,,,,,,
PortlandME_11052024_CityCouncilAtLarge.csv,,,0.737349183,,,,6,LOCAL,NO,R,,,,,,,,,,,,,,
PortlandME_11052024_CityCouncilDistrict2.csv,,,0.706543191,,,,6,LOCAL,NO,R,,,,,,,,,,,,,,
PortlandOR_11052024_Mayor.csv,,,0.566948313,,,,21,LOCAL,NO,E,,,,,,,,,,,,,,
RedondoBeach_03042025_CityAttorney.csv,,,1,,,,2,LOCAL,NO,O,,,,,,,,,,,,,,
RedondoBeach_03042025_CityCouncilD1.csv,,,0.924395947,,,,3,LOCAL,NO,R,,,,,,,,,,,,,,
RedondoBeach_03042025_CityCouncilD2.csv,,,1,,,,2,LOCAL,NO,R,,,,,,,,,,,,,,
RedondoBeach_03042025_CityCouncilD4.csv,,,1,,,,2,LOCAL,NO,R,,,,,,,,,,,,,,
RedondoBeach_03042025_Mayor.csv,,,0.621120806,,,,5,LOCAL,NO,E,,,,,,,,,,,,,,
SanFrancisco_11052024_BoS_D1.csv,,,0.839089526,,,,5,LOCAL,NO,B,,,,,,,,,,,,,,
SanFrancisco_11052024_BoS_D11.csv,,,0.716041004,,,,7,LOCAL,NO,B,,,,,,,,,,,,,,
SanFrancisco_11052024_BoS_D3.csv,,,0.723188557,,,,6,LOCAL,NO,B,,,,,,,,,,,,,,
SanFrancisco_11052024_BoS_D5.csv,,,0.795634921,,,,5,LOCAL,NO,B,,,,,,,,,,,,,,
SanFrancisco_11052024_BoS_D7.csv,,,0.869957679,,,,4,LOCAL,NO,B,,,,,,,,,,,,,,
SanFrancisco_11052024_BoS_D9.csv,,,0.736468149,,,,7,LOCAL,NO,B,,,,,,,,,,,,,,
SanFrancisco_11052024_CityAttorney.csv,,,1,,,,2,LOCAL,NO,O,,,,,,,,,,,,,,
SanFrancisco_11052024_DistrictAttorney.csv,,,1,,,,2,LOCAL,NO,O,,,,,,,,,,,,,,
SanFrancisco_11052024_Mayor.csv,,,0.638797954,,,,15,LOCAL,NO,E,,,,,,,,,,,,,,
SanFrancisco_11052024_Sheriff.csv,,,1,,,,2,LOCAL,NO,O,,,,,,,,,,,,,,
SanFrancisco_11052024_Treasurer.csv,,,1,,,,1,LOCAL,NO,O,,,,,,,,,,,,,,
Westbrook_11052024_Mayor.csv,,,0.890167364,,,,3,LOCAL,NO,E,,,,,,,,,,,,,,
