Unnamed: 0.2,Unnamed: 0.1,Unnamed: 0,filename,diff,linear voters failure,gamma,mirror,#candidates,level,partisan,type,IRV1,IRV2,Condorcet1,Plurality1,Approval1IRV2,Condorcet2,Plurality2,Approval2,Approval1,polarization,median_voter_distance,median_voter_preference_distance,bimodality
3,3,3,Alaska_11082022_HouseDistrict1.csv,[],no,1,,2,STATE,YES,R,"Ortiz, Daniel H. ""Dan""","Ortiz, Daniel H. ""Dan""","Ortiz, Daniel H. ""Dan""","Ortiz, Daniel H. ""Dan""",,"Ortiz, Daniel H. ""Dan""","Ortiz, Daniel H. ""Dan""","Ortiz, Daniel H. ""Dan""","Ortiz, Daniel H. ""Dan""",0.996996997,0.415851271,0,
6,6,6,Alaska_11082022_HouseDistrict12.csv,[],no,1,,2,STATE,YES,R,"Schrage, Calvin R.","Schrage, Calvin R.","Schrage, Calvin R.","Schrage, Calvin R.",,"Schrage, Calvin R.","Schrage, Calvin R.","Schrage, Calvin R.","Schrage, Calvin R.",0.996996997,0.21355186,0,
7,7,7,Alaska_11082022_HouseDistrict13.csv,[],no,1,,2,STATE,YES,R,"Josephson, Andy","Josephson, Andy","Josephson, Andy","Josephson, Andy",,"Josephson, Andy","Josephson, Andy","Josephson, Andy","Josephson, Andy",0.996996997,0.409323117,0,
8,8,8,Alaska_11082022_HouseDistrict14.csv,[],no,1,,2,STATE,YES,R,"Galvin, Alyse S.","Galvin, Alyse S.","Galvin, Alyse S.","Galvin, Alyse S.",,"Galvin, Alyse S.","Galvin, Alyse S.","Galvin, Alyse S.","Galvin, Alyse S.",0.997997998,0,0,
10,10,10,Alaska_11082022_HouseDistrict16.csv,[],no,1,,2,STATE,YES,R,"Armstrong, Jennifer ""Jennie""","Armstrong, Jennifer ""Jennie""","Armstrong, Jennifer ""Jennie""","Armstrong, Jennifer ""Jennie""",,"Armstrong, Jennifer ""Jennie""","Armstrong, Jennifer ""Jennie""","Armstrong, Jennifer ""Jennie""","Armstrong, Jennifer ""Jennie""",0.997997998,0.274498886,0,
11,11,11,Alaska_11082022_HouseDistrict17.csv,[],no,1,,2,STATE,YES,R,"Fields, William Z. ""Zack""","Fields, William Z. ""Zack""","Fields, William Z. ""Zack""","Fields, William Z. ""Zack""",,"Fields, William Z. ""Zack""","Fields, William Z. ""Zack""","Fields, William Z. ""Zack""","Fields, William Z. ""Zack""",0.992992993,0.381852553,0,
13,13,13,Alaska_11082022_HouseDistrict19.csv,[],no,1,,2,STATE,YES,R,"Mina, Genevieve G.","Mina, Genevieve G.","Mina, Genevieve G.","Mina, Genevieve G.",,"Mina, Genevieve G.","Mina, Genevieve G.","Mina, Genevieve G.","Mina, Genevieve G.",0.993993994,0.168496622,0,
14,14,14,Alaska_11082022_HouseDistrict2.csv,[],no,1,,2,STATE,YES,R,"Himschoot, Rebecca","Himschoot, Rebecca","Himschoot, Rebecca","Himschoot, Rebecca",,"Himschoot, Rebecca","Himschoot, Rebecca","Himschoot, Rebecca","Himschoot, Rebecca",0.997997998,0.190669371,0,
16,16,16,Alaska_11082022_HouseDistrict21.csv,[],no,1,,2,STATE,YES,R,"Mears, Donna C.","Mears, Donna C.","Mears, Donna C.","Mears, Donna C.",,"Mears, Donna C.","Mears, Donna C.","Wolfe, Forrest M.","Wolfe, Forrest M.",0.997997998,0.458516483,0,
17,17,17,Alaska_11082022_HouseDistrict22.csv,[],no,1,,2,STATE,YES,R,"Wright, Stanley A.","Wright, Stanley A.","Wright, Stanley A.","Wright, Stanley A.",,"Wright, Stanley A.","Wright, Stanley A.","Wright, Stanley A.","Wright, Stanley A.",0.996996997,0.461797752,0,
18,18,18,Alaska_11082022_HouseDistrict23.csv,[],no,1,,2,STATE,YES,R,"Allard, Jamie","Allard, Jamie","Allard, Jamie","Allard, Jamie",,"Allard, Jamie","Allard, Jamie","Allard, Jamie","Allard, Jamie",0.995995996,0.24003517,0,
20,20,20,Alaska_11082022_HouseDistrict25.csv,[],no,1,,2,STATE,YES,R,"Johnson, DeLena M.","Johnson, DeLena M.","Johnson, DeLena M.","Johnson, DeLena M.",,"Johnson, DeLena M.","Johnson, DeLena M.","Johnson, DeLena M.","Johnson, DeLena M.",0.996996997,0,0,
21,21,21,Alaska_11082022_HouseDistrict26.csv,[],no,1,,2,STATE,YES,R,"Tilton, Cathy L.","Tilton, Cathy L.","Tilton, Cathy L.","Tilton, Cathy L.",,"Tilton, Cathy L.","Tilton, Cathy L.","Tilton, Cathy L.","Tilton, Cathy L.",0.997997998,0,0,
24,24,24,Alaska_11082022_HouseDistrict29.csv,[],no,1,,2,STATE,YES,R,"Rauscher, George","Rauscher, George","Rauscher, George","Rauscher, George",,"Rauscher, George","Rauscher, George","Rauscher, George","Rauscher, George",0.996996997,0,0,
30,30,30,Alaska_11082022_HouseDistrict36.csv,[],no,1,,2,STATE,YES,R,"Cronk, Mike","Cronk, Mike","Cronk, Mike","Cronk, Mike",,"Cronk, Mike","Cronk, Mike","Cronk, Mike","Cronk, Mike",0.997997998,0,0,
31,31,31,Alaska_11082022_HouseDistrict39.csv,[],no,1,,2,STATE,YES,R,"Foster, Neal W.","Foster, Neal W.","Foster, Neal W.","Foster, Neal W.",,"Foster, Neal W.","Foster, Neal W.","Foster, Neal W.","Foster, Neal W.",0.992992993,0.476497935,0,
32,32,32,Alaska_11082022_HouseDistrict4.csv,[],no,1,,2,STATE,YES,R,"Hannan, Sara","Hannan, Sara","Hannan, Sara","Hannan, Sara",,"Hannan, Sara","Hannan, Sara","Hannan, Sara","Hannan, Sara",0.997997998,0,0,
33,33,33,Alaska_11082022_HouseDistrict5.csv,[],no,1,,2,STATE,YES,R,"Stutes, Louise B.","Stutes, Louise B.","Stutes, Louise B.","Stutes, Louise B.",,"Stutes, Louise B.","Stutes, Louise B.","Stutes, Louise B.","Stutes, Louise B.",0.995995996,0.18529106,0,
35,35,35,Alaska_11082022_HouseDistrict7.csv,[],no,1,,2,STATE,YES,R,"Ruffridge, Justin","Ruffridge, Justin","Ruffridge, Justin","Ruffridge, Justin",,"Ruffridge, Justin","Ruffridge, Justin","Ruffridge, Justin","Ruffridge, Justin",0.995995996,0.414505672,0,
36,36,36,Alaska_11082022_HouseDistrict9.csv,[],no,1,,2,STATE,YES,R,"Shaw, Laddie H.","Shaw, Laddie H.","Shaw, Laddie H.","Shaw, Laddie H.",,"Shaw, Laddie H.","Shaw, Laddie H.","Shaw, Laddie H.","Shaw, Laddie H.",0.997997998,0.248207886,0,
37,37,37,Alaska_11082022_SenateDistrictA.csv,[],no,1,,2,STATE,YES,S,"Stedman, Bert K.","Stedman, Bert K.","Stedman, Bert K.","Stedman, Bert K.",,"Stedman, Bert K.","Stedman, Bert K.","Stedman, Bert K.","Stedman, Bert K.",0.996996997,0.028147585,0,
41,41,41,Alaska_11082022_SenateDistrictF.csv,[],no,1,,2,STATE,YES,S,"Kaufman, James D.","Kaufman, James D.","Kaufman, James D.","Kaufman, James D.",,"Kaufman, James D.","Kaufman, James D.","Kaufman, James D.","Kaufman, James D.",0.997997998,0.257835277,0,
42,42,42,Alaska_11082022_SenateDistrictG.csv,[],no,1,,2,STATE,YES,S,"Gray-Jackson, Elvi","Gray-Jackson, Elvi","Gray-Jackson, Elvi","Gray-Jackson, Elvi",,"Gray-Jackson, Elvi","Gray-Jackson, Elvi","Gray-Jackson, Elvi","Gray-Jackson, Elvi",0.997997998,0.272354014,0,
43,43,43,Alaska_11082022_SenateDistrictH.csv,[],no,1,,2,STATE,YES,S,"Claman, Matt","Claman, Matt","Claman, Matt","Claman, Matt",,"Claman, Matt","Claman, Matt","Costello, Mia","Costello, Mia",0.997997998,0.427031714,0,
44,44,44,Alaska_11082022_SenateDistrictI.csv,[],no,1,,2,STATE,YES,S,"Tobin, Löki G.","Tobin, Löki G.","Tobin, Löki G.","Tobin, Löki G.",,"Tobin, Löki G.","Tobin, Löki G.","Tobin, Löki G.","Tobin, Löki G.",0.997997998,0.047526502,0,
46,46,46,Alaska_11082022_SenateDistrictK.csv,[],no,1,,2,STATE,YES,S,"Wielechowski, Bill","Wielechowski, Bill","Wielechowski, Bill","Wielechowski, Bill",,"Wielechowski, Bill","Wielechowski, Bill","Wielechowski, Bill","Wielechowski, Bill",0.996996997,0.246381008,0,
47,47,47,Alaska_11082022_SenateDistrictL.csv,[],no,1,,2,STATE,YES,S,"Merrick, Kelly R.","Merrick, Kelly R.","Merrick, Kelly R.","Merrick, Kelly R.",,"Merrick, Kelly R.","Merrick, Kelly R.","Merrick, Kelly R.","Merrick, Kelly R.",0.994994995,0.329305135,0,
48,48,48,Alaska_11082022_SenateDistrictM.csv,[],no,1,,2,STATE,YES,S,"Hughes, Shelley","Hughes, Shelley","Hughes, Shelley","Hughes, Shelley",,"Hughes, Shelley","Hughes, Shelley","Hughes, Shelley","Hughes, Shelley",0.997997998,0,0,
50,50,50,Alaska_11082022_SenateDistrictO.csv,[],no,1,,2,STATE,YES,S,"Shower, Michael K.","Shower, Michael K.","Shower, Michael K.","Shower, Michael K.",,"Shower, Michael K.","Shower, Michael K.","Shower, Michael K.","Shower, Michael K.",0.994994995,0.44213599,0,
54,54,54,Alaska_11082022_SenateDistrictS.csv,[],no,1,,2,STATE,YES,S,"Hoffman, Lyman F.","Hoffman, Lyman F.","Hoffman, Lyman F.","Hoffman, Lyman F.",,"Hoffman, Lyman F.","Hoffman, Lyman F.","Hoffman, Lyman F.","Hoffman, Lyman F.",0.995995996,0.229651163,0,
89,89,89,Burlington_03072023_CityCouncilCentralDistrict.csv,[],no,1,,2,LOCAL,YES,R,MELO GRANT,MELO GRANT,MELO GRANT,MELO GRANT,,MELO GRANT,MELO GRANT,MELO GRANT,MELO GRANT,0.993993994,0.284217015,0,
90,90,90,Burlington_03072023_CityCouncilEastDistrict.csv,[],no,1,,2,LOCAL,YES,R,"TIMOTHY C. DOHERTY,JR","TIMOTHY C. DOHERTY,JR","TIMOTHY C. DOHERTY,JR","TIMOTHY C. DOHERTY,JR",,"TIMOTHY C. DOHERTY,JR","TIMOTHY C. DOHERTY,JR","TIMOTHY C. DOHERTY,JR","TIMOTHY C. DOHERTY,JR",0.991991992,0.415309445,0,
1,1,1,Alaska_08162022_HouseofRepresentativesSpecial.csv,[],no,0.96684176,,3,FEDERAL,YES,R,"Peltola, Mary S.","Peltola, Mary S.","Begich, Nick","Peltola, Mary S.",,"Begich, Nick","Peltola, Mary S.","Begich, Nick","Begich, Nick",0.977977978,0.443535773,0.585043574,3.52391451
4,4,4,Alaska_11082022_HouseDistrict10.csv,[],no,0.936001177,,3,STATE,YES,R,"Johnson, Craig W.","Johnson, Craig W.","Johnson, Craig W.","Johnson, Craig W.",,"Johnson, Craig W.","Johnson, Craig W.","Johnson, Craig W.","Johnson, Craig W.",0.990990991,0.19891217,0,3.063598005
5,5,5,Alaska_11082022_HouseDistrict11.csv,[],no,0.947909884,YES,3,STATE,YES,R,"Coulombe, Julie","Coulombe, Julie","Coulombe, Julie","Featherly, Walter T.",,"Coulombe, Julie","Featherly, Walter T.","Coulombe, Julie","Coulombe, Julie",0.623623624,0.286943145,0,2.613293642
9,9,9,Alaska_11082022_HouseDistrict15.csv,[],no,0.955570839,,3,STATE,YES,R,"McKay, Thomas W. ""Tom""","McKay, Thomas W. ""Tom""","McKay, Thomas W. ""Tom""","Wells, Denny",,"McKay, Thomas W. ""Tom""","Wells, Denny","McKay, Thomas W. ""Tom""","McKay, Thomas W. ""Tom""",0.981981982,0.515957446,0.396894537,2.686026309
12,12,12,Alaska_11082022_HouseDistrict18.csv,[],no,0.942897593,YES,3,STATE,YES,R,"Groh, Cliff","Groh, Cliff","Groh, Cliff","Nelson, David",,"Groh, Cliff","Nelson, David","Groh, Cliff","Groh, Cliff",0.630630631,0.252916743,0,1.65846857
19,19,19,Alaska_11082022_HouseDistrict24.csv,[],no,0.9616,,3,STATE,YES,R,"Saddler, Dan","Saddler, Dan","Saddler, Dan","Saddler, Dan",,"Saddler, Dan","Saddler, Dan","Saddler, Dan","Saddler, Dan",0.985985986,0.165366448,0,1.772395181
22,22,22,Alaska_11082022_HouseDistrict27.csv,[],no,0.896064401,,3,STATE,YES,R,"Eastman, David","Eastman, David","Eastman, David","Eastman, David",,"Eastman, David","Eastman, David","Eastman, David","Eastman, David",0.987987988,0.290489959,0.524270434,2.278758724
25,25,25,Alaska_11082022_HouseDistrict30.csv,[],no,0.97451553,,3,STATE,YES,R,"McCabe, Kevin J.","McCabe, Kevin J.","McCabe, Kevin J.","McCabe, Kevin J.",,"McCabe, Kevin J.","McCabe, Kevin J.","McCabe, Kevin J.","McCabe, Kevin J.",0.307307307,0,0,3.155532454
26,26,26,Alaska_11082022_HouseDistrict31.csv,['Approval'],no,0.917602996,YES,3,STATE,YES,R,"Dibert, Maxine L.","Dibert, Maxine L.","Dibert, Maxine L.","Dibert, Maxine L.",,"Dibert, Maxine L.","Dibert, Maxine L.","LeBon, Barton S.","Dibert, Maxine L.",0.650650651,0.336815097,0.653764206,2.228397205
27,27,27,Alaska_11082022_HouseDistrict32.csv,[],no,0.915222187,YES,3,STATE,YES,R,"Stapp, Will B.","Stapp, Will B.","Stapp, Will B.","Stapp, Will B.",,"Stapp, Will B.","Stapp, Will B.","Stapp, Will B.","Stapp, Will B.",0.982982983,0.147380265,0,2.640615409
28,28,28,Alaska_11082022_HouseDistrict34.csv,[],no,0.929268293,,3,STATE,YES,R,"Tomaszewski, Frank J.","Tomaszewski, Frank J.","Tomaszewski, Frank J.","Tomaszewski, Frank J.",,"Tomaszewski, Frank J.","Tomaszewski, Frank J.","Tomaszewski, Frank J.","Tomaszewski, Frank J.",0.980980981,0.167161964,0,3.250586522
34,34,34,Alaska_11082022_HouseDistrict6.csv,[],no,0.941182649,YES,3,STATE,YES,R,"Vance, Sarah L.","Vance, Sarah L.","Vance, Sarah L.","Vance, Sarah L.",,"Vance, Sarah L.","Vance, Sarah L.","Vance, Sarah L.","Vance, Sarah L.",0.982982983,0.311141305,0,2.666404173
38,38,38,Alaska_11082022_SenateDistrictC.csv,[],no,0.945124133,,3,STATE,YES,S,"Stevens, Gary","Stevens, Gary","Stevens, Gary","Stevens, Gary",,"Stevens, Gary","Stevens, Gary","Stevens, Gary","Stevens, Gary",0.544544545,0.162888995,0,2.139696775
39,39,39,Alaska_11082022_SenateDistrictD.csv,[],no,0.940797264,,3,STATE,YES,S,"Bjorkman, Jesse J.","Bjorkman, Jesse J.","Bjorkman, Jesse J.","Bjorkman, Jesse J.",,"Bjorkman, Jesse J.","Bjorkman, Jesse J.","Bjorkman, Jesse J.","Bjorkman, Jesse J.",0.322322322,0.315069118,0.326010726,3.412683569
40,40,40,Alaska_11082022_SenateDistrictE.csv,[],no,0.974685817,,3,STATE,YES,S,"Giessel, Cathy","Giessel, Cathy","Giessel, Cathy","Giessel, Cathy",,"Giessel, Cathy","Giessel, Cathy","Giessel, Cathy","Giessel, Cathy",0.987987988,0,0,3.671593813
45,45,45,Alaska_11082022_SenateDistrictJ.csv,[],no,0.950057803,YES,3,STATE,YES,S,"Dunbar, Forrest","Dunbar, Forrest","Dunbar, Forrest","Dunbar, Forrest",,"Dunbar, Forrest","Dunbar, Forrest","Dunbar, Forrest","Dunbar, Forrest",0.976976977,0.199881546,0,3.132363285
49,49,49,Alaska_11082022_SenateDistrictN.csv,['Approval'],no,0.870596382,,3,STATE,YES,S,"Wilson, David S.","Wilson, David S.","Wilson, David S.","Wilson, David S.",,"Wilson, David S.","Wilson, David S.","Wright, Stephen","Wilson, David S.",0.47047047,0.370980221,0.475988378,2.726995593
51,51,51,Alaska_11082022_SenateDistrictP.csv,[],no,0.886455606,,3,STATE,YES,S,"Kawasaki, Scott","Kawasaki, Scott","Kawasaki, Scott","Kawasaki, Scott",,"Kawasaki, Scott","Kawasaki, Scott","Matherly, Jim","Matherly, Jim",0.983983984,0.474461949,0.65279966,3.117095974
52,52,52,Alaska_11082022_SenateDistrictQ.csv,[],no,0.908888034,YES,3,STATE,YES,S,"Myers, Robert H. Jr.","Myers, Robert H. Jr.","Myers, Robert H. Jr.","Myers, Robert H. Jr.",,"Myers, Robert H. Jr.","Myers, Robert H. Jr.","Myers, Robert H. Jr.","Myers, Robert H. Jr.",0.993993994,0.021213402,0,2.104574261
53,53,53,Alaska_11082022_SenateDistrictR.csv,[],no,0.910315127,,3,STATE,YES,S,"Bishop, Click","Bishop, Click","Bishop, Click","Bishop, Click",,"Bishop, Click","Bishop, Click","Bishop, Click","Bishop, Click",0.431431431,0.159046123,0,1.98991165
91,91,91,Burlington_03072023_CityCouncilSouthDistrict.csv,[],no,0.881618084,,3,LOCAL,YES,R,JOAN SHANNON,JOAN SHANNON,JOAN SHANNON,JOAN SHANNON,,JOAN SHANNON,JOAN SHANNON,JOAN SHANNON,JOAN SHANNON,0.52952953,0.030745292,0,0.295237095
113,113,113,Maine_11082022_CongressionalDistrict2.csv,[],no,0.954574129,YES,3,FEDERAL,YES,R,"Golden, Jared Forrest","Golden, Jared Forrest","Golden, Jared Forrest","Golden, Jared Forrest",,"Golden, Jared Forrest","Golden, Jared Forrest","Golden, Jared Forrest","Golden, Jared Forrest",0.983983984,0.351825428,0.440162994,2.998961486
303,303,303,PierceCounty_11032009_CountyAuditor.csv,"['IRV', 'Condorcet', 'Approval']",yes,0.885395855,,3,LOCAL,YES,O,Julie Anderson,Jan Shabro,Julie Anderson,Julie Anderson,,Jan Shabro,Julie Anderson,Jan Shabro,Julie Anderson,0.399399399,0.247992356,0.40559317,3.654503077
305,305,305,PierceCounty_11042008_CountyCouncilDistrict2.csv,"['IRV', 'Condorcet', 'Approval']",yes,0.892077152,,3,LOCAL,YES,R,Joyce McDonald,Al Rose,Joyce McDonald,Joyce McDonald,,Al Rose,Joyce McDonald,Al Rose,Joyce McDonald,0.583583584,0.327844169,0.585426146,1.947804334
2,2,2,Alaska_11082022_GovernorLieutenantGovernor.csv,[],no,0.880670776,,4,STATE,YES,E,Dunleavy/Dahlstrom,Dunleavy/Dahlstrom,Dunleavy/Dahlstrom,Dunleavy/Dahlstrom,,Dunleavy/Dahlstrom,Dunleavy/Dahlstrom,Dunleavy/Dahlstrom,Dunleavy/Dahlstrom,0.952952953,0.131725639,0.238585973,1.796622558
15,15,15,Alaska_11082022_HouseDistrict20.csv,[],no,0.853639083,,4,STATE,YES,R,"Gray, Andrew T.","Gray, Andrew T.","Gray, Andrew T.","Gray, Andrew T.",,"Gray, Andrew T.","Gray, Andrew T.","Gray, Andrew T.","Gray, Andrew T.",0.975975976,0.137872477,0,1.912510021
23,23,23,Alaska_11082022_HouseDistrict28.csv,[],no,0.799529886,,4,STATE,YES,R,"Sumner, Jesse M.","Sumner, Jesse M.","Sumner, Jesse M.","Sumner, Jesse M.",,"Sumner, Jesse M.","Sumner, Jesse M.","Sumner, Jesse M.","Sumner, Jesse M.",0.660660661,0,0,2.926555791
29,29,29,Alaska_11082022_HouseDistrict35.csv,[],no,0.907107482,,4,STATE,YES,R,"Carrick, Ashley E.","Carrick, Ashley E.","Carrick, Ashley E.","Carrick, Ashley E.",,"Carrick, Ashley E.","Carrick, Ashley E.","Carrick, Ashley E.","Carrick, Ashley E.",0.700700701,0.147453018,0,1.545048473
55,55,55,Alaska_11082022_USRepresentative.csv,[],no,0.859503789,YES,4,FEDERAL,YES,R,"Peltola, Mary S.","Peltola, Mary S.","Peltola, Mary S.","Peltola, Mary S.",,"Peltola, Mary S.","Peltola, Mary S.","Begich, Nick","Begich, Nick",0.970970971,0.315537818,0.315537818,2.279230135
56,56,56,Alaska_11082022_USSenator.csv,[],no,0.894756216,YES,4,FEDERAL,YES,S,"Murkowski, Lisa","Murkowski, Lisa","Murkowski, Lisa","Murkowski, Lisa",,"Murkowski, Lisa","Murkowski, Lisa","Murkowski, Lisa","Murkowski, Lisa",0.763763764,0.395250634,0.415528905,3.093184599
112,112,112,Maine_11062018_CongressionalDistrict2.csv,[],no,0.843787158,YES,4,FEDERAL,YES,R,"DEM Golden, Jared F.","DEM Golden, Jared F.","DEM Golden, Jared F.","REP Poliquin, Bruce",,"DEM Golden, Jared F.","REP Poliquin, Bruce","DEM Golden, Jared F.","DEM Golden, Jared F.",0.983983984,0.405292925,0.315309037,3.038542891
306,306,306,PierceCounty_11042008_CountyExecutiveMember.csv,[],no,0.885866931,,4,LOCAL,YES,E,Pat McCarthy,Pat McCarthy,Pat McCarthy,Shawn Bunney,,Pat McCarthy,Shawn Bunney,Pat McCarthy,Pat McCarthy,0.747747748,0.247842159,0.337189092,2.449162739
87,87,87,Burlington_03032009_Mayor.csv,"['IRV', 'Condorcet', 'Approval']",yes,0.651282051,,5,LOCAL,YES,E,Bob Kiss,Bob Kiss,Andy Montroll,Kurt Wright,,Andy Montroll,Kurt Wright,Andy Montroll,Andy Montroll,0.625625626,0.355418212,0.431453434,2.992283369
88,88,88,Burlington_03072006_Mayor.csv,[],no,0.720744681,,5,LOCAL,YES,E,Bob Kiss,Bob Kiss,Bob Kiss,Bob Kiss,,Hinda Miller,Bob Kiss,Hinda Miller,Bob Kiss,0.357357357,0.014119027,0,2.747441186
302,302,302,Payson_11052019_CityCouncil.csv,[],no,0.369443407,,5,LOCAL,NO,R,DOUG WELTON,DOUG WELTON,DOUG WELTON,DOUG WELTON,,DOUG WELTON,DOUG WELTON,DOUG WELTON,DOUG WELTON,0.161161161,0.06630475,0,2.759965576
304,304,304,PierceCounty_11042008_CountyAssessorTreasurer.csv,"['IRV', 'Condorcet', 'Approval']",no,0.823078863,,6,LOCAL,YES,O,Dale Washam,Barbara Gelman,Dale Washam,Dale Washam,,Jan Shabro,Dale Washam,Jan Shabro,Dale Washam,0.196196196,0.370190824,0.380947302,2.919944178
94,94,94,Easthampton_11022021_Mayor.csv,[],no,0.860262009,,66,LOCAL,YES,E,NICOLE M. LACHAPELLE,NICOLE M. LACHAPELLE,NICOLE M. LACHAPELLE,NICOLE M. LACHAPELLE,,NICOLE M. LACHAPELLE,NICOLE M. LACHAPELLE,NICOLE M. LACHAPELLE,NICOLE M. LACHAPELLE,0.492492492,0,0,0.042918599
237,237,237,NewYorkCity_06222021_REPBoroughPresidentQueens.csv,[],no,1,,2,LOCAL,RP,E,219566,219566,219566,219566,,219566,219566,219566,219566,,,,
239,239,239,NewYorkCity_06222021_REPCouncilMember15thCouncilDistrict.csv,[],no,1,,2,LOCAL,RP,R,Ariel Rivera-Diaz,Ariel Rivera-Diaz,Ariel Rivera-Diaz,Ariel Rivera-Diaz,,Ariel Rivera-Diaz,Ariel Rivera-Diaz,Ariel Rivera-Diaz,Ariel Rivera-Diaz,0.993993994,0.424242423,0,
240,240,240,NewYorkCity_06222021_REPCouncilMember19thCouncilDistrict.csv,[],no,1,,2,LOCAL,RP,R,Vickie Paladino,Vickie Paladino,Vickie Paladino,Vickie Paladino,,Vickie Paladino,Vickie Paladino,Vickie Paladino,Vickie Paladino,0.993993994,0.452278324,0,
241,241,241,NewYorkCity_06222021_REPCouncilMember23rdCouncilDistrict.csv,[],no,1,,2,LOCAL,RP,R,James F. Reilly,James F. Reilly,James F. Reilly,James F. Reilly,,James F. Reilly,James F. Reilly,James F. Reilly,James F. Reilly,0.994994995,0.238267148,0,
242,242,242,NewYorkCity_06222021_REPCouncilMember24thCouncilDistrict.csv,[],no,1,,2,LOCAL,RP,R,Timothy Rosen,Timothy Rosen,Timothy Rosen,Timothy Rosen,,Timothy Rosen,Timothy Rosen,Timothy Rosen,Timothy Rosen,0.992992993,0.319811321,0,
243,243,243,NewYorkCity_06222021_REPCouncilMember32ndCouncilDistrict.csv,[],no,1,,2,LOCAL,RP,R,Joann Ariola,Joann Ariola,Joann Ariola,Joann Ariola,,Joann Ariola,Joann Ariola,Joann Ariola,Joann Ariola,0.996996997,0,0,
245,245,245,NewYorkCity_06222021_REPMayorCitywide.csv,[],no,1,,2,LOCAL,RP,E,Curtis A. Sliwa,Curtis A. Sliwa,Curtis A. Sliwa,Curtis A. Sliwa,,Curtis A. Sliwa,Curtis A. Sliwa,Curtis A. Sliwa,Curtis A. Sliwa,0.993993994,0.197581049,0,
238,238,238,NewYorkCity_06222021_REPBoroughPresidentRichmond.csv,"['IRV', 'Condorcet']",yes,0.841874458,,4,LOCAL,RP,E,Vito Fossella,Steven Matteo,Vito Fossella,Vito Fossella,,Steven Matteo,Vito Fossella,Vito Fossella,Vito Fossella,0.244244244,0.248756471,0.248756471,3.740936763
244,244,244,NewYorkCity_06222021_REPCouncilMember50thCouncilDistrict.csv,"['IRV', 'Condorcet']",no,0.771511967,,5,LOCAL,RP,R,David M. Carr,Marko Kepi,David M. Carr,Marko Kepi,,Marko Kepi,Marko Kepi,Marko Kepi,Marko Kepi,0.192192192,0,0,3.322364811
59,59,59,Berkeley_03072017_CityCouncilDistrict4.csv,[],no,1,,2,LOCAL,NO,R,KATE HARRISON,KATE HARRISON,KATE HARRISON,KATE HARRISON,,KATE HARRISON,KATE HARRISON,KATE HARRISON,KATE HARRISON,0.993993994,0.285063114,0,
68,68,68,Berkeley_11032020_MemberCityCouncilDist6BerkeleyRCV.csv,[],no,1,,2,LOCAL,NO,R,SUSAN WENGRAF,SUSAN WENGRAF,SUSAN WENGRAF,SUSAN WENGRAF,,SUSAN WENGRAF,SUSAN WENGRAF,SUSAN WENGRAF,SUSAN WENGRAF,0.994994995,0.092050209,0,
70,70,70,Berkeley_11042014_CityCouncilDistrict7.csv,[],no,1,,2,LOCAL,NO,R,KRISS WORTHINGTON,KRISS WORTHINGTON,KRISS WORTHINGTON,KRISS WORTHINGTON,,KRISS WORTHINGTON,KRISS WORTHINGTON,KRISS WORTHINGTON,KRISS WORTHINGTON,0.993993994,0.388736263,0,
73,73,73,Berkeley_11062012_CityCouncilDistrict3.csv,[],no,1,,2,LOCAL,NO,R,MAX ANDERSON,MAX ANDERSON,MAX ANDERSON,MAX ANDERSON,,MAX ANDERSON,MAX ANDERSON,MAX ANDERSON,MAX ANDERSON,0.995995996,0.286787366,0,
74,74,74,Berkeley_11062012_CityCouncilDistrict5.csv,[],no,1,,2,LOCAL,NO,R,LAURIE CAPITELLI,LAURIE CAPITELLI,LAURIE CAPITELLI,LAURIE CAPITELLI,,LAURIE CAPITELLI,LAURIE CAPITELLI,LAURIE CAPITELLI,LAURIE CAPITELLI,0.995995996,0.390624999,0,
75,75,75,Berkeley_11062012_CityCouncilDistrict6.csv,[],no,1,,2,LOCAL,NO,R,SUSAN WENGRAF,SUSAN WENGRAF,SUSAN WENGRAF,SUSAN WENGRAF,,SUSAN WENGRAF,SUSAN WENGRAF,SUSAN WENGRAF,SUSAN WENGRAF,0.196196196,0,0,
77,77,77,Berkeley_11062018_CityAuditor.csv,[],no,1,,2,LOCAL,NO,O,JENNY WONG,JENNY WONG,JENNY WONG,JENNY WONG,,JENNY WONG,JENNY WONG,JENNY WONG,JENNY WONG,0.211211211,0,0,
84,84,84,Berkeley_11082016_CityCouncilDistrict5.csv,[],no,1,,2,LOCAL,NO,R,SOPHIE HAHN,SOPHIE HAHN,SOPHIE HAHN,SOPHIE HAHN,,SOPHIE HAHN,SOPHIE HAHN,SOPHIE HAHN,SOPHIE HAHN,0.995995996,0.252877237,0,
124,124,124,Minneapolis_11022021_CityCouncilWard6.csv,[],no,1,,2,LOCAL,NO,R,Jamal Osman,Jamal Osman,Jamal Osman,Jamal Osman,,Jamal Osman,Jamal Osman,Jamal Osman,Jamal Osman,0.997997998,0.192307693,0,
126,126,126,Minneapolis_11022021_CityCouncilWard8.csv,[],no,1,,2,LOCAL,NO,R,Andrea Jenkins,Andrea Jenkins,Andrea Jenkins,Andrea Jenkins,,Andrea Jenkins,Andrea Jenkins,Andrea Jenkins,Andrea Jenkins,,0,0,
132,132,132,Minneapolis_11022021_ParkBoardDistrict4.csv,[],no,1,,2,LOCAL,NO,B,Elizabeth Shaffer,Elizabeth Shaffer,Elizabeth Shaffer,Elizabeth Shaffer,,Elizabeth Shaffer,Elizabeth Shaffer,Elizabeth Shaffer,Elizabeth Shaffer,0.995995996,0.177769986,0,
136,136,136,Minneapolis_11052013_PRBoardDistrict2.csv,[],no,1,,2,LOCAL,NO,B,JON OLSON,JON OLSON,JON OLSON,JON OLSON,,JON OLSON,JON OLSON,JON OLSON,JON OLSON,0.993993994,0.176763111,0,
137,137,137,Minneapolis_11052013_PRBoardDistrict6.csv,[],no,1,,2,LOCAL,NO,B,BRAD BOURN,BRAD BOURN,BRAD BOURN,BRAD BOURN,,BRAD BOURN,BRAD BOURN,BRAD BOURN,BRAD BOURN,0.994994995,0.2349243,0,
143,143,143,Minneapolis_11062009_PRBoardDistrict2.csv,[],no,1,,2,LOCAL,NO,B,Jon Olson,Jon Olson,Jon Olson,Jon Olson,,Jon Olson,Jon Olson,Jon Olson,Jon Olson,0.995995996,0.315240642,0,
144,144,144,Minneapolis_11062009_PRBoardDistrict3.csv,[],no,1,,2,LOCAL,NO,B,Scott Vreeland,Scott Vreeland,Scott Vreeland,Scott Vreeland,,Scott Vreeland,Scott Vreeland,Scott Vreeland,Scott Vreeland,0.996996997,0,0,
152,152,152,Minneapolis_11062009_Ward2CityCouncil.csv,[],no,1,,2,LOCAL,NO,R,Cam Gordon,Cam Gordon,Cam Gordon,Cam Gordon,,Cam Gordon,Cam Gordon,Cam Gordon,Cam Gordon,,0,0,
162,162,162,Minneapolis_11072017_PRBoardDistrict2.csv,[],no,1,,2,LOCAL,NO,B,Kale Severson,Kale Severson,Kale Severson,Kale Severson,,Kale Severson,Kale Severson,Kale Severson,Kale Severson,0.993993994,0.376323753,0,
164,164,164,Minneapolis_11072017_PRBoardDistrict4.csv,[],no,1,,2,LOCAL,NO,B,Jono Cowgill,Jono Cowgill,Jono Cowgill,Jono Cowgill,,Jono Cowgill,Jono Cowgill,Tom Nordyke,Tom Nordyke,0.993993994,0.485872237,0,
170,170,170,Minneapolis_11072017_Ward13CityCouncil.csv,[],no,1,,2,LOCAL,NO,R,Linea Palmisano,Linea Palmisano,Linea Palmisano,Linea Palmisano,,Linea Palmisano,Linea Palmisano,Linea Palmisano,Linea Palmisano,0.997997998,0,0,
181,181,181,Minnetonka_11022021_Mayor.csv,[],no,1,,2,LOCAL,NO,E,Brad Wiersum,Brad Wiersum,Brad Wiersum,Brad Wiersum,,Brad Wiersum,Brad Wiersum,Brad Wiersum,Brad Wiersum,0.996996997,0.025932203,0,
182,182,182,NewYorkCity_06222021_CONCouncilMember19thCouncilDistrict.csv,[],no,1,,2,LOCAL,NO,R,John-Alexander Sakelos,John-Alexander Sakelos,John-Alexander Sakelos,John-Alexander Sakelos,,John-Alexander Sakelos,John-Alexander Sakelos,John-Alexander Sakelos,John-Alexander Sakelos,0.461461461,0,0,
246,246,246,Oakland_11022010_CityAuditor.csv,[],no,1,,2,LOCAL,NO,O,COURTNEY RUBY,COURTNEY RUBY,COURTNEY RUBY,COURTNEY RUBY,,COURTNEY RUBY,COURTNEY RUBY,COURTNEY RUBY,COURTNEY RUBY,0.991991992,0.267970704,0,
247,247,247,Oakland_11022010_CityCouncilDistrict2.csv,[],no,1,,2,LOCAL,NO,E,PATRICIA KERNIGHAN,PATRICIA KERNIGHAN,PATRICIA KERNIGHAN,PATRICIA KERNIGHAN,,PATRICIA KERNIGHAN,PATRICIA KERNIGHAN,PATRICIA KERNIGHAN,PATRICIA KERNIGHAN,0.993993994,0.263798349,0,
251,251,251,Oakland_11022010_SchoolDirectorDistrict4.csv,[],no,1,,2,LOCAL,NO,B,GARY D. YEE,GARY D. YEE,GARY D. YEE,GARY D. YEE,,GARY D. YEE,GARY D. YEE,GARY D. YEE,GARY D. YEE,0.992992993,0.240158046,0,
252,252,252,Oakland_11032020_CityAttorneyOaklandRCV.csv,[],no,1,,2,LOCAL,NO,O,BARBARA PARKER,BARBARA PARKER,BARBARA PARKER,BARBARA PARKER,,BARBARA PARKER,BARBARA PARKER,BARBARA PARKER,BARBARA PARKER,0.991991992,0.203105126,0,
262,262,262,Oakland_11042014_CityAuditor.csv,[],no,1,,2,LOCAL,NO,O,BRENDA ROBERTS,BRENDA ROBERTS,BRENDA ROBERTS,BRENDA ROBERTS,,BRENDA ROBERTS,BRENDA ROBERTS,BRENDA ROBERTS,BRENDA ROBERTS,0.993993994,0.157134131,0,
267,267,267,Oakland_11042014_SchoolDirectorDistrict2.csv,[],no,1,,2,LOCAL,NO,B,AIMEE ENG,AIMEE ENG,AIMEE ENG,AIMEE ENG,,AIMEE ENG,AIMEE ENG,AIMEE ENG,AIMEE ENG,0.994994995,0.101917058,0,
269,269,269,Oakland_11042014_SchoolDirectorDistrict6.csv,[],no,1,,2,LOCAL,NO,B,SHANTHI GONZALES,SHANTHI GONZALES,SHANTHI GONZALES,SHANTHI GONZALES,,SHANTHI GONZALES,SHANTHI GONZALES,SHANTHI GONZALES,SHANTHI GONZALES,0.992992993,0.353359815,0,
270,270,270,Oakland_11062012_CityAttorney.csv,[],no,1,,2,LOCAL,NO,O,BARBARA PARKER,BARBARA PARKER,BARBARA PARKER,BARBARA PARKER,,BARBARA PARKER,BARBARA PARKER,BARBARA PARKER,BARBARA PARKER,0.993993994,0.176687229,0,
276,276,276,Oakland_11062012_SchoolDirectorDistrict1.csv,[],no,1,,2,LOCAL,NO,B,JODY LONDON,JODY LONDON,JODY LONDON,JODY LONDON,,JODY LONDON,JODY LONDON,JODY LONDON,JODY LONDON,0.995995996,0.105983006,0,
278,278,278,Oakland_11062012_SchoolDirectorDistrict5.csv,[],no,1,,2,LOCAL,NO,B,ROSIE TORRES,ROSIE TORRES,ROSIE TORRES,ROSIE TORRES,,ROSIE TORRES,ROSIE TORRES,ROSIE TORRES,ROSIE TORRES,0.992992993,0.403761871,0,
279,279,279,Oakland_11062012_SchoolDirectorDistrict7.csv,[],no,1,,2,LOCAL,NO,B,JAMES HARRIS,JAMES HARRIS,JAMES HARRIS,JAMES HARRIS,,JAMES HARRIS,JAMES HARRIS,JAMES HARRIS,JAMES HARRIS,0.992992993,0.372518221,0,
280,280,280,Oakland_11062018_CityAuditor.csv,[],no,1,,2,LOCAL,NO,O,COURTNEY RUBY,COURTNEY RUBY,COURTNEY RUBY,COURTNEY RUBY,,COURTNEY RUBY,COURTNEY RUBY,COURTNEY RUBY,COURTNEY RUBY,0.993993994,0.179881454,0,
285,285,285,Oakland_11062018_SchoolDirectorDistrict4.csv,[],no,1,,2,LOCAL,NO,B,GARY D. YEE,GARY D. YEE,GARY D. YEE,GARY D. YEE,,GARY D. YEE,GARY D. YEE,GARY D. YEE,GARY D. YEE,0.994994995,0.324488338,0,
286,286,286,Oakland_11062018_SchoolDirectorDistrict6.csv,[],no,1,,2,LOCAL,NO,B,SHANTHI GONZALES,SHANTHI GONZALES,SHANTHI GONZALES,SHANTHI GONZALES,,SHANTHI GONZALES,SHANTHI GONZALES,SHANTHI GONZALES,SHANTHI GONZALES,0.39039039,0,0,
287,287,287,Oakland_11082016_CityCouncilDistrict1.csv,[],no,1,,2,LOCAL,NO,R,DAN KALB,DAN KALB,DAN KALB,DAN KALB,,DAN KALB,DAN KALB,DAN KALB,DAN KALB,0.996996997,0,0,
288,288,288,Oakland_11082016_CityCouncilDistrict3.csv,[],no,1,,2,LOCAL,NO,R,LYNETTE GIBSON MCELHANEY,LYNETTE GIBSON MCELHANEY,LYNETTE GIBSON MCELHANEY,LYNETTE GIBSON MCELHANEY,,LYNETTE GIBSON MCELHANEY,LYNETTE GIBSON MCELHANEY,NONI D. SESSION,NONI D. SESSION,0.993993994,0.398322147,0,
289,289,289,Oakland_11082016_CityCouncilDistrict5.csv,[],no,1,,2,LOCAL,NO,R,NOEL GALLO,NOEL GALLO,NOEL GALLO,NOEL GALLO,,NOEL GALLO,NOEL GALLO,NOEL GALLO,NOEL GALLO,0.993993994,0.365950737,0,
292,292,292,Oakland_11082016_SchoolDirectorDistrict1.csv,[],no,1,,2,LOCAL,NO,B,JODY LONDON,JODY LONDON,JODY LONDON,JODY LONDON,,JODY LONDON,JODY LONDON,JODY LONDON,JODY LONDON,0.995995996,0.030701192,0,
295,295,295,Oakland_11082016_SchoolDirectorDistrict7.csv,[],no,1,,2,LOCAL,NO,B,JAMES HARRIS,JAMES HARRIS,JAMES HARRIS,JAMES HARRIS,,JAMES HARRIS,JAMES HARRIS,JAMES HARRIS,JAMES HARRIS,0.993993994,0.248591833,0,
296,296,296,Oakland_11082022_CityCouncilmemberDistrict4.csv,[],no,1,,2,LOCAL,NO,R,JANANI RAMACHANDRAN,JANANI RAMACHANDRAN,JANANI RAMACHANDRAN,JANANI RAMACHANDRAN,,JANANI RAMACHANDRAN,JANANI RAMACHANDRAN,JANANI RAMACHANDRAN,JANANI RAMACHANDRAN,0.993993994,0.231981271,0,
333,333,333,SanFrancisco_11032020_BOARDOFSUPERVISORSDISTRICT9.csv,[],no,1,,2,LOCAL,NO,B,HILLARY RONEN,HILLARY RONEN,HILLARY RONEN,HILLARY RONEN,,HILLARY RONEN,HILLARY RONEN,HILLARY RONEN,HILLARY RONEN,0.166166166,0,0,
349,349,349,SanFrancisco_11062018_AssessorRecorder.csv,[],no,1,,2,LOCAL,NO,O,CARMEN CHU,CARMEN CHU,CARMEN CHU,CARMEN CHU,,CARMEN CHU,CARMEN CHU,CARMEN CHU,CARMEN CHU,0.995995996,0.104666876,0,
354,354,354,SanFrancisco_11062018_BoardofSupervisorsDistrict8.csv,[],no,1,,2,LOCAL,NO,B,RAFAEL MANDELMAN,RAFAEL MANDELMAN,RAFAEL MANDELMAN,RAFAEL MANDELMAN,,RAFAEL MANDELMAN,RAFAEL MANDELMAN,RAFAEL MANDELMAN,RAFAEL MANDELMAN,0.731731732,0,0,
356,356,356,SanFrancisco_11072006_BoardofSupervisorsDistrict2.csv,[],no,1,,2,LOCAL,NO,B,Michela Alioto-pier,Michela Alioto-pier,Michela Alioto-pier,Michela Alioto-pier,,Michela Alioto-pier,Michela Alioto-pier,Michela Alioto-pier,Michela Alioto-pier,0.997997998,0,0,
367,367,367,SanFrancisco_11082016_BoardofSupervisorsDistrict3.csv,[],no,1,,2,LOCAL,NO,B,AARON PESKIN,AARON PESKIN,AARON PESKIN,AARON PESKIN,,AARON PESKIN,AARON PESKIN,AARON PESKIN,AARON PESKIN,0.995995996,0.105879989,0,
368,368,368,SanFrancisco_11082016_BoardofSupervisorsDistrict5.csv,[],no,1,,2,LOCAL,NO,B,LONDON BREED,LONDON BREED,LONDON BREED,LONDON BREED,,LONDON BREED,LONDON BREED,LONDON BREED,LONDON BREED,0.993993994,0.453931775,0,
371,371,371,SanFrancisco_11082022_BoardofSupervisorsD10.csv,[],no,1,,2,LOCAL,NO,B,SHAMANN WALTON,SHAMANN WALTON,SHAMANN WALTON,SHAMANN WALTON,,SHAMANN WALTON,SHAMANN WALTON,SHAMANN WALTON,SHAMANN WALTON,0.994994995,0.151291682,0,
372,372,372,SanFrancisco_11082022_BoardofSupervisorsD4.csv,[],no,1,,2,LOCAL,NO,B,JOEL ENGARDIO,JOEL ENGARDIO,JOEL ENGARDIO,JOEL ENGARDIO,,JOEL ENGARDIO,JOEL ENGARDIO,JOEL ENGARDIO,JOEL ENGARDIO,0.995995996,0.478348623,0,
374,374,374,SanFrancisco_11082022_BoardofSupervisorsD8.csv,[],no,1,,2,LOCAL,NO,B,RAFAEL MANDELMAN,RAFAEL MANDELMAN,RAFAEL MANDELMAN,RAFAEL MANDELMAN,,RAFAEL MANDELMAN,RAFAEL MANDELMAN,RAFAEL MANDELMAN,RAFAEL MANDELMAN,0.995995996,0.005575356,0,
376,376,376,SanFrancisco_11082022_PublicDefender.csv,[],no,1,,2,LOCAL,NO,O,MANO RAJU,MANO RAJU,MANO RAJU,MANO RAJU,,MANO RAJU,MANO RAJU,MANO RAJU,MANO RAJU,0.993993994,0.116404411,0,
378,378,378,SanLeandro_11022010_CountyCouncilDistrict5.csv,[],no,1,,2,LOCAL,NO,R,PAULINE RUSSO CUTTER,PAULINE RUSSO CUTTER,PAULINE RUSSO CUTTER,PAULINE RUSSO CUTTER,,PAULINE RUSSO CUTTER,PAULINE RUSSO CUTTER,PAULINE RUSSO CUTTER,PAULINE RUSSO CUTTER,0.991991992,0.44112506,0,
380,380,380,SanLeandro_11032020_MemberCityCouncilDist2SanLeandroRCV.csv,[],no,1,,2,LOCAL,NO,R,BRYAN AZEVEDO,BRYAN AZEVEDO,BRYAN AZEVEDO,BRYAN AZEVEDO,,BRYAN AZEVEDO,BRYAN AZEVEDO,BRYAN AZEVEDO,BRYAN AZEVEDO,0.98998999,0.444657907,0,
381,381,381,SanLeandro_11032020_MemberCityCouncilDist4SanLeandroRCV.csv,[],no,1,,2,LOCAL,NO,R,FRED SIMON,FRED SIMON,FRED SIMON,FRED SIMON,,FRED SIMON,FRED SIMON,FRED SIMON,FRED SIMON,0.991991992,0.267702362,0,
388,388,388,SanLeandro_11062012_CountyCouncilDistrict6.csv,[],no,1,,2,LOCAL,NO,R,JIM PROLA,JIM PROLA,JIM PROLA,JIM PROLA,,JIM PROLA,JIM PROLA,JIM PROLA,JIM PROLA,0.98998999,0.425396213,0,
390,390,390,SanLeandro_11062018_CountyCouncilDistrict3.csv,[],no,1,,2,LOCAL,NO,R,"VICTOR AGUILAR, JR.","VICTOR AGUILAR, JR.","VICTOR AGUILAR, JR.","VICTOR AGUILAR, JR.",,"VICTOR AGUILAR, JR.","VICTOR AGUILAR, JR.",LEE THOMAS,LEE THOMAS,0.990990991,0.482164089,0,
391,391,391,SanLeandro_11062018_CountyCouncilDistrict5.csv,[],no,1,,2,LOCAL,NO,R,CORINA N. LOPEZ,CORINA N. LOPEZ,CORINA N. LOPEZ,CORINA N. LOPEZ,,CORINA N. LOPEZ,CORINA N. LOPEZ,CORINA N. LOPEZ,CORINA N. LOPEZ,0.992992993,0.238079543,0,
393,393,393,SanLeandro_11082016_CountyCouncilDistrict2.csv,[],no,1,,2,LOCAL,NO,R,ED HERNANDEZ,ED HERNANDEZ,ED HERNANDEZ,ED HERNANDEZ,,ED HERNANDEZ,ED HERNANDEZ,ED HERNANDEZ,ED HERNANDEZ,0.992992993,0.430296959,0,
399,399,399,StLouisPark_11022021_CityCouncilWard2.csv,[],no,1,,2,LOCAL,NO,R,Lynette Lungay Dumalag,Lynette Lungay Dumalag,Lynette Lungay Dumalag,Lynette Lungay Dumalag,,Lynette Lungay Dumalag,Lynette Lungay Dumalag,Lynette Lungay Dumalag,Lynette Lungay Dumalag,,0,0,
62,62,62,Berkeley_11022010_CityCouncilDistrict7.csv,['Approval'],no,0.749100504,,3,LOCAL,NO,R,KRISS WORTHINGTON,KRISS WORTHINGTON,KRISS WORTHINGTON,KRISS WORTHINGTON,,KRISS WORTHINGTON,KRISS WORTHINGTON,CECILIA ''CES'' ROSALES,KRISS WORTHINGTON,0.974974975,0.314814814,0.495268401,1.915129934
63,63,63,Berkeley_11022010_CityCouncilDistrict8.csv,[],no,0.818518519,,3,LOCAL,NO,R,GORDON WOZNIAK,GORDON WOZNIAK,GORDON WOZNIAK,GORDON WOZNIAK,,GORDON WOZNIAK,GORDON WOZNIAK,GORDON WOZNIAK,GORDON WOZNIAK,0.974974975,0.209403503,0,0.681287034
66,66,66,Berkeley_11032020_MemberCityCouncilDist3BerkeleyRCV.csv,[],no,0.905398391,,3,LOCAL,NO,R,BEN BARTLETT,BEN BARTLETT,BEN BARTLETT,BEN BARTLETT,,BEN BARTLETT,BEN BARTLETT,BEN BARTLETT,BEN BARTLETT,0.405405405,0.090449112,0,1.260339595
67,67,67,Berkeley_11032020_MemberCityCouncilDist5BerkeleyRCV.csv,[],no,0.89278227,,3,LOCAL,NO,R,SOPHIE HAHN,SOPHIE HAHN,SOPHIE HAHN,SOPHIE HAHN,,SOPHIE HAHN,SOPHIE HAHN,SOPHIE HAHN,SOPHIE HAHN,0.402402402,0.017427386,0,1.264606499
69,69,69,Berkeley_11042014_CityCouncilDistrict1.csv,[],no,0.938969664,,3,LOCAL,NO,R,LINDA MAIO,LINDA MAIO,LINDA MAIO,LINDA MAIO,,LINDA MAIO,LINDA MAIO,LINDA MAIO,LINDA MAIO,0.384384384,0.028544873,0,2.808989025
72,72,72,Berkeley_11062012_CityCouncilDistrict2.csv,[],no,0.91354616,,3,LOCAL,NO,R,DARRYL MOORE,DARRYL MOORE,DARRYL MOORE,DARRYL MOORE,,DARRYL MOORE,DARRYL MOORE,DARRYL MOORE,DARRYL MOORE,0.545545546,0.189168519,0,1.020006997
79,79,79,Berkeley_11062018_CityCouncilDistrict4.csv,['Approval'],no,0.894055434,,3,LOCAL,NO,R,KATE HARRISON,KATE HARRISON,KATE HARRISON,KATE HARRISON,,KATE HARRISON,KATE HARRISON,BEN GOULD,KATE HARRISON,0.478478478,0.238576396,0,1.858885651
80,80,80,Berkeley_11062018_CityCouncilDistrict7.csv,[],no,0.930703625,,3,LOCAL,NO,R,RIGEL ROBINSON,RIGEL ROBINSON,RIGEL ROBINSON,RIGEL ROBINSON,,RIGEL ROBINSON,RIGEL ROBINSON,RIGEL ROBINSON,RIGEL ROBINSON,0.403403403,0.056531804,0,2.23522951
82,82,82,Berkeley_11082016_CityCouncilDistrict2.csv,['Plurality'],no,0.86450168,,3,LOCAL,NO,R,CHERYL DAVILA,CHERYL DAVILA,CHERYL DAVILA,DARRYL MOORE,,CHERYL DAVILA,CHERYL DAVILA,CHERYL DAVILA,CHERYL DAVILA,0.550550551,0.027114359,0,2.48378762
85,85,85,Berkeley_11082016_CityCouncilDistrict6.csv,[],no,0.882384461,,3,LOCAL,NO,R,SUSAN WENGRAF,SUSAN WENGRAF,SUSAN WENGRAF,SUSAN WENGRAF,,SUSAN WENGRAF,SUSAN WENGRAF,SUSAN WENGRAF,SUSAN WENGRAF,0.51951952,0.19620222,0,1.588562272
92,92,92,Corvallis_11082022_CityCouncilWard9.csv,[],no,0.845995045,,3,LOCAL,NO,R,Tony Cadena,Tony Cadena,Tony Cadena,Tony Cadena,,Tony Cadena,Tony Cadena,Tony Cadena,Tony Cadena,0.47047047,0.038704989,0,2.167334506
93,93,93,Corvallis_11082022_Mayor.csv,"['IRV', 'Condorcet', 'Plurality']",yes,0.806260616,,3,LOCAL,NO,E,Charles Maughan,Andrew Struthers,Charles Maughan,Charles Maughan,,Andrew Struthers,Andrew Struthers,Andrew Struthers,Andrew Struthers,0.41041041,0.403038523,0.474444783,2.442760485
96,96,96,ElkRidge_11022021_Mayor.csv,[],no,0.90145149,,3,LOCAL,NO,E,ROBERT HADDOCK,ROBERT HADDOCK,ROBERT HADDOCK,ROBERT HADDOCK,,ROBERT HADDOCK,ROBERT HADDOCK,ROBERT HADDOCK,ROBERT HADDOCK,0.48048048,0.061768285,0,2.979456978
102,102,102,LasCruces_11052019_COUNCILORPOSITION4CITYOFLASCRUCESDISTRICT4COUNCILOR.csv,['Approval'],no,0.783333333,,3,LOCAL,NO,R,JOHANA BENCOMO,JOHANA BENCOMO,JOHANA BENCOMO,JOHANA BENCOMO,,JOHANA BENCOMO,JOHANA BENCOMO,ANTOINETTE M REYES,JOHANA BENCOMO,0.985985986,0.342997102,0.475903994,2.977066827
111,111,111,Maine_07142020_RepublicanCandidateforUSHouseofRepresentativesDistrict2.csv,[],no,0.864152873,,3,FEDERAL,NO,R,"Crafts, Dale John","Crafts, Dale John","Crafts, Dale John","Crafts, Dale John",,"Crafts, Dale John","Crafts, Dale John","Crafts, Dale John","Crafts, Dale John",0.484484484,0,0,2.232409043
118,118,118,Minneapolis_11022021_CityCouncilWard12.csv,[],no,0.97845953,,3,LOCAL,NO,R,Andrew Johnson,Andrew Johnson,Andrew Johnson,Andrew Johnson,,Andrew Johnson,Andrew Johnson,Andrew Johnson,Andrew Johnson,0.482482482,0,0,1.949488867
122,122,122,Minneapolis_11022021_CityCouncilWard4.csv,[],no,0.914952368,,3,LOCAL,NO,R,LaTrisha Vetaw,LaTrisha Vetaw,LaTrisha Vetaw,LaTrisha Vetaw,,LaTrisha Vetaw,LaTrisha Vetaw,LaTrisha Vetaw,LaTrisha Vetaw,0.365365365,0.144008997,0,2.428272991
130,130,130,Minneapolis_11022021_ParkBoardDistrict2.csv,"['IRV', 'Condorcet', 'Approval']",yes,0.85455053,,3,LOCAL,NO,B,Becka Thompson,Eric Moran,Becka Thompson,Becka Thompson,,Eric Moran,Becka Thompson,Eric Moran,Becka Thompson,0.991991992,0.52335758,0.525036033,2.909714343
131,131,131,Minneapolis_11022021_ParkBoardDistrict3.csv,[],no,0.931166096,,3,LOCAL,NO,B,Becky Alper,Becky Alper,Becky Alper,Becky Alper,,Becky Alper,Becky Alper,Becky Alper,Becky Alper,0.473473473,0.095679447,0,1.466148737
133,133,133,Minneapolis_11022021_ParkBoardDistrict5.csv,[],no,0.904342267,,3,LOCAL,NO,B,Steffanie Musich,Steffanie Musich,Steffanie Musich,Steffanie Musich,,Steffanie Musich,Steffanie Musich,Steffanie Musich,Steffanie Musich,0.454454454,0.113979871,0,1.947407372
142,142,142,Minneapolis_11062009_PRBoardDistrict1.csv,[],no,0.923817713,,3,LOCAL,NO,B,Liz Wielinski,Liz Wielinski,Liz Wielinski,Liz Wielinski,,Liz Wielinski,Liz Wielinski,Liz Wielinski,Liz Wielinski,0.466466466,0,0,0.895159864
148,148,148,Minneapolis_11062009_Ward11CityCouncil.csv,[],no,0.981736302,,3,LOCAL,NO,R,John Quincy,John Quincy,John Quincy,John Quincy,,John Quincy,John Quincy,John Quincy,John Quincy,0.687687688,0,0,1.740551274
150,150,150,Minneapolis_11062009_Ward13CityCouncil.csv,[],no,0.969722315,,3,LOCAL,NO,R,Betsy Hodges,Betsy Hodges,Betsy Hodges,Betsy Hodges,,Betsy Hodges,Betsy Hodges,Betsy Hodges,Betsy Hodges,0.557557558,0,0,1.815696819
157,157,157,Minneapolis_11062009_Ward7CityCouncil.csv,[],no,0.937800137,,3,LOCAL,NO,R,Lisa Goodman,Lisa Goodman,Lisa Goodman,Lisa Goodman,,Lisa Goodman,Lisa Goodman,Lisa Goodman,Lisa Goodman,0.986986987,0,0,1.23351304
161,161,161,Minneapolis_11072017_PRBoardDistrict1.csv,[],no,0.907800422,,3,LOCAL,NO,B,Chris Meyer,Chris Meyer,Chris Meyer,Chris Meyer,,Chris Meyer,Chris Meyer,Chris Meyer,Chris Meyer,0.411411411,0,0,3.324267177
163,163,163,Minneapolis_11072017_PRBoardDistrict3.csv,[],no,0.952423391,,3,LOCAL,NO,B,AK Hassan,AK Hassan,AK Hassan,AK Hassan,,AK Hassan,AK Hassan,AK Hassan,AK Hassan,0.412412412,0,0,3.447242035
165,165,165,Minneapolis_11072017_PRBoardDistrict5.csv,[],no,0.939108911,,3,LOCAL,NO,B,Steffanie Musich,Steffanie Musich,Steffanie Musich,Steffanie Musich,,Steffanie Musich,Steffanie Musich,Steffanie Musich,Steffanie Musich,0.494494494,0,0,1.264032651
168,168,168,Minneapolis_11072017_Ward11CityCouncil.csv,[],no,0.860083206,,3,LOCAL,NO,R,Jeremy Schroeder,Jeremy Schroeder,Jeremy Schroeder,Jeremy Schroeder,,Jeremy Schroeder,Jeremy Schroeder,Jeremy Schroeder,Jeremy Schroeder,0.542542543,0.021172896,0,2.919474711
169,169,169,Minneapolis_11072017_Ward12CityCouncil.csv,[],no,0.893679858,,3,LOCAL,NO,R,Andrew Johnson,Andrew Johnson,Andrew Johnson,Andrew Johnson,,Andrew Johnson,Andrew Johnson,Andrew Johnson,Andrew Johnson,0.523523524,0,0,0.408288485
171,171,171,Minneapolis_11072017_Ward1CityCouncil.csv,"['IRV', 'Condorcet', 'Plurality', 'Approval']",yes,0.93523613,,3,LOCAL,NO,R,Kevin Reich,Jillia Pessenda,Kevin Reich,Kevin Reich,,Jillia Pessenda,Jillia Pessenda,Jillia Pessenda,Kevin Reich,0.385385385,0.29441156,0.393568492,3.165405134
249,249,249,Oakland_11022010_CityCouncilDistrict6.csv,[],no,0.820018651,,3,LOCAL,NO,R,DESLEY BROOKS,DESLEY BROOKS,DESLEY BROOKS,DESLEY BROOKS,,DESLEY BROOKS,DESLEY BROOKS,DESLEY BROOKS,DESLEY BROOKS,0.980980981,0.177001554,0,1.072796665
253,253,253,Oakland_11032020_MemberCityCouncilAtLargeOaklandRCV.csv,"['IRV', 'Condorcet', 'Plurality', 'Approval']",yes,0.877497388,,3,LOCAL,NO,R,REBECCA KAPLAN,DERRECK B. JOHNSON,REBECCA KAPLAN,REBECCA KAPLAN,,DERRECK B. JOHNSON,DERRECK B. JOHNSON,DERRECK B. JOHNSON,REBECCA KAPLAN,0.468468468,0.305209846,0.472889377,3.223179284
254,254,254,Oakland_11032020_MemberCityCouncilDist1OaklandRCV.csv,[],no,0.869124424,,3,LOCAL,NO,R,DAN KALB,DAN KALB,DAN KALB,DAN KALB,,DAN KALB,DAN KALB,DAN KALB,DAN KALB,0.496496496,0.256984108,0.502081011,1.845543126
256,256,256,Oakland_11032020_MemberCityCouncilDist5OaklandRCV.csv,"['IRV', 'Condorcet', 'Approval']",yes,0.852951115,,3,LOCAL,NO,R,NOEL GALLO,RICHARD SANTOS RAYA,NOEL GALLO,NOEL GALLO,,RICHARD SANTOS RAYA,NOEL GALLO,RICHARD SANTOS RAYA,NOEL GALLO,0.546546547,0.310442842,0.552745312,2.099274103
258,258,258,Oakland_11032020_SchoolDirectorDist1OaklandRCV.csv,[],no,0.936720608,,3,LOCAL,NO,B,SAM DAVIS,SAM DAVIS,SAM DAVIS,SAM DAVIS,,SAM DAVIS,SAM DAVIS,SAM DAVIS,SAM DAVIS,0.536536537,0.099046454,0,3.109813635
264,264,264,Oakland_11042014_CityCouncilDistrict4.csv,[],no,0.932486593,,3,LOCAL,NO,R,ANNIE CAMPBELL WASHINGTON,ANNIE CAMPBELL WASHINGTON,ANNIE CAMPBELL WASHINGTON,ANNIE CAMPBELL WASHINGTON,,ANNIE CAMPBELL WASHINGTON,ANNIE CAMPBELL WASHINGTON,ANNIE CAMPBELL WASHINGTON,ANNIE CAMPBELL WASHINGTON,0.428428428,0.149234679,0,1.883520156
275,275,275,Oakland_11062012_CityCouncilDistrict7.csv,[],no,0.898140124,,3,LOCAL,NO,R,LARRY E. REID,LARRY E. REID,LARRY E. REID,LARRY E. REID,,LARRY E. REID,LARRY E. REID,LARRY E. REID,LARRY E. REID,0.520520521,0.210006587,0,2.324503905
277,277,277,Oakland_11062012_SchoolDirectorDistrict3.csv,['Approval'],no,0.819783527,,3,LOCAL,NO,B,JUMOKE HINTON HODGE,JUMOKE HINTON HODGE,JUMOKE HINTON HODGE,JUMOKE HINTON HODGE,,JUMOKE HINTON HODGE,JUMOKE HINTON HODGE,RICHARD FUENTES,JUMOKE HINTON HODGE,0.495495495,0.376360053,0.501038302,2.514261792
281,281,281,Oakland_11062018_CityCouncilDistrict2.csv,[],no,0.948683772,,3,LOCAL,NO,R,NIKKI FORTUNATO BAS,NIKKI FORTUNATO BAS,NIKKI FORTUNATO BAS,NIKKI FORTUNATO BAS,,NIKKI FORTUNATO BAS,NIKKI FORTUNATO BAS,NIKKI FORTUNATO BAS,NIKKI FORTUNATO BAS,0.395395395,0.040282928,0,3.980642644
290,290,290,Oakland_11082016_CityCouncilDistrict7.csv,[],no,0.87876095,,3,LOCAL,NO,R,LARRY E. REID,LARRY E. REID,LARRY E. REID,LARRY E. REID,,LARRY E. REID,LARRY E. REID,LARRY E. REID,LARRY E. REID,0.475475475,0.224451163,0,1.445975378
299,299,299,Oakland_11082022_Schoolboarddistrict2.csv,[],no,0.962519038,,3,LOCAL,NO,B,JENNIFER BROUHARD,JENNIFER BROUHARD,JENNIFER BROUHARD,JENNIFER BROUHARD,,JENNIFER BROUHARD,JENNIFER BROUHARD,JENNIFER BROUHARD,JENNIFER BROUHARD,0.432432432,0,0,3.087474686
300,300,300,Oakland_11082022_Schoolboarddistrict4.csv,"['Condorcet', 'Plurality']",no,0.861557618,,3,LOCAL,NO,B,MIKE HUTCHINSON,MIKE HUTCHINSON,-1,NICK RESNICK,,MIKE HUTCHINSON,MIKE HUTCHINSON,MIKE HUTCHINSON,MIKE HUTCHINSON,0.560560561,0,0,3.007430843
301,301,301,Oakland_11082022_Schoolboarddistrict6.csv,[],no,0.920192638,,3,LOCAL,NO,B,VALARIE BACHELOR,VALARIE BACHELOR,VALARIE BACHELOR,VALARIE BACHELOR,,VALARIE BACHELOR,VALARIE BACHELOR,VALARIE BACHELOR,VALARIE BACHELOR,0.477477477,0.131809426,0,3.717989529
312,312,312,Portland_11082022_SchoolBoardDistrict3.csv,[],no,0.948528229,,3,LOCAL,NO,B,"Opperman, Julianne R.","Opperman, Julianne R.","Opperman, Julianne R.","Opperman, Julianne R.",,"Opperman, Julianne R.","Opperman, Julianne R.","Opperman, Julianne R.","Opperman, Julianne R.",0.451451451,0.0814698,0,3.697865249
313,313,313,SanFrancisco_06052018_BoardofSupervisorsDistrict8.csv,[],no,0.945364388,,3,LOCAL,NO,B,RAFAEL MANDELMAN,RAFAEL MANDELMAN,RAFAEL MANDELMAN,RAFAEL MANDELMAN,,RAFAEL MANDELMAN,RAFAEL MANDELMAN,RAFAEL MANDELMAN,RAFAEL MANDELMAN,0.387387387,0.153749956,0,2.705975393
325,325,325,SanFrancisco_11032015_BoardofSupervisorsDistrict3.csv,[],no,0.875658525,,3,LOCAL,NO,B,AARON PESKIN,AARON PESKIN,AARON PESKIN,AARON PESKIN,,AARON PESKIN,AARON PESKIN,AARON PESKIN,AARON PESKIN,0.990990991,0.287945014,0.541268807,3.461858595
327,327,327,SanFrancisco_11032015_Sheriff.csv,[],no,0.963703062,,3,LOCAL,NO,O,VICKI HENNESSY,VICKI HENNESSY,VICKI HENNESSY,VICKI HENNESSY,,VICKI HENNESSY,VICKI HENNESSY,VICKI HENNESSY,VICKI HENNESSY,0.595595596,0.006913415,0,2.406253728
337,337,337,SanFrancisco_11042008_BoardofSupervisorsDistrict4.csv,['Approval'],no,0.855352108,,3,LOCAL,NO,B,CARMEN CHU,CARMEN CHU,CARMEN CHU,CARMEN CHU,,CARMEN CHU,CARMEN CHU,RON DUDUM,CARMEN CHU,0.516516517,0.285686026,0.521637543,3.031285678
338,338,338,SanFrancisco_11042008_BoardofSupervisorsDistrict5.csv,[],no,0.854050867,,3,LOCAL,NO,B,ROSS MIRKARIMI,ROSS MIRKARIMI,ROSS MIRKARIMI,ROSS MIRKARIMI,,ROSS MIRKARIMI,ROSS MIRKARIMI,ROSS MIRKARIMI,ROSS MIRKARIMI,0.520520521,0.071333798,0,0.724675111
339,339,339,SanFrancisco_11042008_BoardofSupervisorsDistrict7.csv,[],no,0.911954141,,3,LOCAL,NO,B,SEAN R. ELSBERND,SEAN R. ELSBERND,SEAN R. ELSBERND,SEAN R. ELSBERND,,SEAN R. ELSBERND,SEAN R. ELSBERND,SEAN R. ELSBERND,SEAN R. ELSBERND,0.538538539,0.065303182,0,0.554917208
353,353,353,SanFrancisco_11062018_BoardofSupervisorsDistrict6.csv,['Approval'],no,0.828877849,,3,LOCAL,NO,B,MATT HANEY,MATT HANEY,MATT HANEY,MATT HANEY,,MATT HANEY,MATT HANEY,CHRISTINE JOHNSON,MATT HANEY,0.554554555,0.25220947,0,1.11228255
359,359,359,SanFrancisco_11072006_BoardofSupervisorsDistrict8.csv,[],no,0.94961057,,3,LOCAL,NO,B,Bevan Dufty,Bevan Dufty,Bevan Dufty,Bevan Dufty,,Bevan Dufty,Bevan Dufty,Bevan Dufty,Bevan Dufty,0.425425425,0.107572739,0,1.870704314
377,377,377,SanLeandro_11022010_CountyCouncilDistrict1.csv,[],no,0.998596421,,3,LOCAL,NO,R,MICHAEL J. GREGORY,MICHAEL J. GREGORY,MICHAEL J. GREGORY,MICHAEL J. GREGORY,,MICHAEL J. GREGORY,MICHAEL J. GREGORY,MICHAEL J. GREGORY,MICHAEL J. GREGORY,0.422422422,0,0,2.766467043
383,383,383,SanLeandro_11042014_CountyCouncilDistrict3.csv,['Approval'],no,0.909455749,,3,LOCAL,NO,R,LEE THOMAS,LEE THOMAS,LEE THOMAS,LEE THOMAS,,LEE THOMAS,LEE THOMAS,VICTOR AGUILAR,LEE THOMAS,0.437437437,0.212098252,0,2.498976855
384,384,384,SanLeandro_11042014_CountyCouncilDistrict5.csv,['Approval'],no,0.804612559,,3,LOCAL,NO,R,CORINA LOPEZ,CORINA LOPEZ,CORINA LOPEZ,CORINA LOPEZ,,CORINA LOPEZ,CORINA LOPEZ,MIA OUSLEY,CORINA LOPEZ,0.985985986,0.2631926,0.508679974,1.664659257
386,386,386,SanLeandro_11062012_CountyCouncilDistrict2.csv,"['IRV', 'Condorcet', 'Plurality']",yes,0.902782712,,3,LOCAL,NO,R,URSULA REED,MORGAN MACK-ROSE,URSULA REED,URSULA REED,,MORGAN MACK-ROSE,MORGAN MACK-ROSE,MORGAN MACK-ROSE,MORGAN MACK-ROSE,0.444444444,0.345886379,0.455257442,3.121180138
389,389,389,SanLeandro_11062018_CountyCouncilDistrict1.csv,[],no,0.762612468,,3,LOCAL,NO,R,DEBORAH COX,DEBORAH COX,DEBORAH COX,DEBORAH COX,,DEBORAH COX,DEBORAH COX,DEBORAH COX,DEBORAH COX,0.513513514,0.19048427,0,1.29221211
394,394,394,SantaFe_03062018_CityCouncilDistrict2.csv,['Approval'],no,0.862895494,,3,LOCAL,NO,R,Carol Romero-Wirth,Carol Romero-Wirth,Carol Romero-Wirth,Carol Romero-Wirth,,Carol Romero-Wirth,Carol Romero-Wirth,Nate Downey,Carol Romero-Wirth,0.419419419,0.209014746,0,1.951605427
395,395,395,SantaFe_03062018_CityCouncilDistrict4.csv,"['IRV', 'Condorcet', 'Approval']",yes,0.713032837,,3,LOCAL,NO,R,JoAnne Vigil Coppler,Eric John Holmes,JoAnne Vigil Coppler,JoAnne Vigil Coppler,,Eric John Holmes,JoAnne Vigil Coppler,Eric John Holmes,JoAnne Vigil Coppler,0.502502503,0.500807699,0.509389197,3.429656172
397,397,397,Springville_11022021_CityCouncil2yr.csv,[],no,0.890834021,,3,LOCAL,NO,R,CHRIS SORENSEN,CHRIS SORENSEN,CHRIS SORENSEN,CHRIS SORENSEN,,CHRIS SORENSEN,CHRIS SORENSEN,CHRIS SORENSEN,CHRIS SORENSEN,0.451451451,0.097895728,0,3.143803949
398,398,398,Springville_11022021_Mayor.csv,[],no,0.723856209,,3,LOCAL,NO,E,MATT PACKARD,MATT PACKARD,MATT PACKARD,MATT PACKARD,,MATT PACKARD,MATT PACKARD,MATT PACKARD,MATT PACKARD,0.552552553,0.133415347,0,0.34285035
400,400,400,StLouisPark_11022021_CityCouncilWard3.csv,[],no,0.912005966,,3,LOCAL,NO,R,Sue Budd,Sue Budd,Sue Budd,Sue Budd,,Sue Budd,Sue Budd,Sue Budd,Sue Budd,0.513513514,0.080109823,0,2.90740348
401,401,401,TakomaPark_11082022_CityCouncilWard1.csv,[],no,0.827078734,,3,LOCAL,NO,R,Shana Fulcher,Shana Fulcher,Shana Fulcher,Shana Fulcher,,Shana Fulcher,Shana Fulcher,Shana Fulcher,Shana Fulcher,0.449449449,0.198648806,0,1.519441957
403,403,403,TakomaPark_11082022_CityCouncilWard5.csv,['Approval'],no,0.856262834,,3,LOCAL,NO,R,Cara Honzak,Cara Honzak,Cara Honzak,Cara Honzak,,Cara Honzak,Cara Honzak,A. J. Campbell,Cara Honzak,0.449449449,0.320631978,0.457296755,2.774754586
406,406,406,Vineyard_11022021_Mayor.csv,[],no,0.800910865,,3,LOCAL,NO,E,JULIE FULLMER,JULIE FULLMER,JULIE FULLMER,JULIE FULLMER,,JULIE FULLMER,JULIE FULLMER,JULIE FULLMER,JULIE FULLMER,0.155155155,0.108938868,0,1.86526754
408,408,408,WoodlandHills_11022021_Mayor.csv,"['IRV', 'Condorcet', 'Approval']",yes,0.86259542,,3,LOCAL,NO,E,BRENT WINDER,BENJAMIN J HILLYARD,BRENT WINDER,BRENT WINDER,,BENJAMIN J HILLYARD,BRENT WINDER,BENJAMIN J HILLYARD,BRENT WINDER,0.972972973,0.384857647,0.411494644,2.242843792
57,57,57,Albany_11082022_BoardofEducation.csv,[],no,0.687105223,,4,LOCAL,NO,B,RON ROSENBAUM,RON ROSENBAUM,RON ROSENBAUM,RON ROSENBAUM,,RON ROSENBAUM,RON ROSENBAUM,RON ROSENBAUM,RON ROSENBAUM,0.095095095,0.118114111,0.018024704,3.138176081
60,60,60,Berkeley_11022010_CityCouncilDistrict1.csv,[],no,0.90872318,,4,LOCAL,NO,R,LINDA MAIO,LINDA MAIO,LINDA MAIO,LINDA MAIO,,LINDA MAIO,LINDA MAIO,LINDA MAIO,LINDA MAIO,0.101101101,0,0,0.955303515
61,61,61,Berkeley_11022010_CityCouncilDistrict4.csv,[],no,0.862881178,,4,LOCAL,NO,R,JESSE ARREGUIN,JESSE ARREGUIN,JESSE ARREGUIN,JESSE ARREGUIN,,JESSE ARREGUIN,JESSE ARREGUIN,JESSE ARREGUIN,JESSE ARREGUIN,0.307307307,0.152785665,0,2.13876164
64,64,64,Berkeley_11032020_MayorBerkeleyRCV.csv,[],no,0.838578089,,4,LOCAL,NO,E,JESSE ARREGUÍN,JESSE ARREGUÍN,JESSE ARREGUÍN,JESSE ARREGUÍN,,JESSE ARREGUÍN,JESSE ARREGUÍN,JESSE ARREGUÍN,JESSE ARREGUÍN,0.229229229,0,0,1.254099543
65,65,65,Berkeley_11032020_MemberCityCouncilDist2BerkeleyRCV.csv,[],no,0.778129952,,4,LOCAL,NO,R,TERRY TAPLIN,TERRY TAPLIN,TERRY TAPLIN,TERRY TAPLIN,,TERRY TAPLIN,TERRY TAPLIN,TERRY TAPLIN,TERRY TAPLIN,0.325325325,0,0,3.382525751
71,71,71,Berkeley_11042014_CityCouncilDistrict8.csv,[],no,0.801457597,,4,LOCAL,NO,R,LORI DROSTE,LORI DROSTE,LORI DROSTE,LORI DROSTE,,LORI DROSTE,LORI DROSTE,LORI DROSTE,LORI DROSTE,0.3003003,0.21351403,0.298769319,3.209012993
78,78,78,Berkeley_11062018_CityCouncilDistrict1.csv,[],no,0.859604663,,4,LOCAL,NO,R,RASHI KESARWANI,RASHI KESARWANI,RASHI KESARWANI,RASHI KESARWANI,,RASHI KESARWANI,RASHI KESARWANI,RASHI KESARWANI,RASHI KESARWANI,0.087087087,0.045146851,0,2.493263267
81,81,81,Berkeley_11062018_CityCouncilDistrict8.csv,[],no,0.881886159,,4,LOCAL,NO,R,LORI DROSTE,LORI DROSTE,LORI DROSTE,LORI DROSTE,,LORI DROSTE,LORI DROSTE,LORI DROSTE,LORI DROSTE,0.169169169,0,0,1.816995832
83,83,83,Berkeley_11082016_CityCouncilDistrict3.csv,[],no,0.84234171,,4,LOCAL,NO,R,BEN BARTLETT,BEN BARTLETT,BEN BARTLETT,BEN BARTLETT,,BEN BARTLETT,BEN BARTLETT,BEN BARTLETT,BEN BARTLETT,0.157157157,0,0,1.696041363
95,95,95,Eastpointe_11052019_CityCouncil.csv,[],no,0.699920032,,4,LOCAL,NO,R,Sarah A. Lucido,Sarah A. Lucido,Sarah A. Lucido,Sarah A. Lucido,,Sarah A. Lucido,Sarah A. Lucido,Sarah A. Lucido,Sarah A. Lucido,0.33033033,0.141557864,0,3.60706244
101,101,101,LasCruces_11052019_COUNCILORPOSITION2CITYOFLASCRUCESDISTRICT2COUNCILOR.csv,[],no,0.750666667,,4,LOCAL,NO,R,TESSA ABEYTA STUVE,TESSA ABEYTA STUVE,TESSA ABEYTA STUVE,TESSA ABEYTA STUVE,,TESSA ABEYTA STUVE,TESSA ABEYTA STUVE,TESSA ABEYTA STUVE,TESSA ABEYTA STUVE,0.618618619,0.134846637,0,3.216182562
104,104,104,Maine_06122018_DemocraticPrimaryforCD2.csv,"['IRV', 'Condorcet', 'Approval']",yes,0.759089005,,4,FEDERAL,NO,R,"Golden, Jared F.","St. Clair, Lucas R.","Golden, Jared F.","Golden, Jared F.",,"St. Clair, Lucas R.","Golden, Jared F.","St. Clair, Lucas R.","Golden, Jared F.",0.253253253,0.202267005,0.261952137,3.246088997
115,115,115,Minneapolis_11022021_CityCouncilWard1.csv,['Approval'],no,0.825439902,,4,LOCAL,NO,R,Elliott Payne,Elliott Payne,Elliott Payne,Elliott Payne,,Elliott Payne,Elliott Payne,Kevin Reich,Elliott Payne,0.427427427,0.25,0.291712425,3.576083372
121,121,121,Minneapolis_11022021_CityCouncilWard3.csv,[],no,0.921297687,,4,LOCAL,NO,R,Michael Rainville,Michael Rainville,Michael Rainville,Michael Rainville,,Michael Rainville,Michael Rainville,Michael Rainville,Michael Rainville,0.348348348,0.111003293,0,3.799606329
125,125,125,Minneapolis_11022021_CityCouncilWard7.csv,[],no,0.949745712,,4,LOCAL,NO,R,Lisa Goodman,Lisa Goodman,Lisa Goodman,Lisa Goodman,,Lisa Goodman,Lisa Goodman,Lisa Goodman,Lisa Goodman,0.309309309,0,0,1.111574408
134,134,134,Minneapolis_11022021_ParkBoardDistrict6.csv,['Plurality'],no,0.891073326,,4,LOCAL,NO,B,Cathy Abene,Cathy Abene,Cathy Abene,Risa Hustad,,Cathy Abene,Cathy Abene,Cathy Abene,Cathy Abene,0.986986987,0.020244541,0,3.589228136
139,139,139,Minneapolis_11052013_Ward5CityCouncil.csv,[],no,0.844501718,,4,LOCAL,NO,R,BLONG YANG,BLONG YANG,BLONG YANG,BLONG YANG,,BLONG YANG,BLONG YANG,BLONG YANG,BLONG YANG,0.231231231,0,0,2.144041746
146,146,146,Minneapolis_11062009_PRBoardDistrict6.csv,[],no,0.954933301,,4,LOCAL,NO,B,Brad Bourn,Brad Bourn,Brad Bourn,Brad Bourn,,Brad Bourn,Brad Bourn,Brad Bourn,Brad Bourn,0.16016016,0,0,3.564929671
147,147,147,Minneapolis_11062009_Ward10CityCouncil.csv,[],no,0.944043321,,4,LOCAL,NO,R,Meg Tuthill,Meg Tuthill,Meg Tuthill,Meg Tuthill,,Meg Tuthill,Meg Tuthill,Meg Tuthill,Meg Tuthill,0.266266266,0,0,0.651302393
149,149,149,Minneapolis_11062009_Ward12CityCouncil.csv,[],no,0.935894714,,4,LOCAL,NO,R,Sandy Colvin Roy,Sandy Colvin Roy,Sandy Colvin Roy,Sandy Colvin Roy,,Sandy Colvin Roy,Sandy Colvin Roy,Sandy Colvin Roy,Sandy Colvin Roy,0.467467467,0.070818788,0,1.638270119
153,153,153,Minneapolis_11062009_Ward3CityCouncil.csv,[],no,0.978072179,,4,LOCAL,NO,R,Diane Hofstede,Diane Hofstede,Diane Hofstede,Diane Hofstede,,Diane Hofstede,Diane Hofstede,Diane Hofstede,Diane Hofstede,0.452452452,0,0,0.84957244
154,154,154,Minneapolis_11062009_Ward4CityCouncil.csv,[],no,0.899271845,,4,LOCAL,NO,R,Barbara A. Johnson,Barbara A. Johnson,Barbara A. Johnson,Barbara A. Johnson,,Barbara A. Johnson,Barbara A. Johnson,Barbara A. Johnson,Barbara A. Johnson,0.373373373,0.227302955,0.37703872,2.0345072
159,159,159,Minneapolis_11062009_Ward9CityCouncil.csv,[],no,0.95322419,,4,LOCAL,NO,R,Gary Schiff,Gary Schiff,Gary Schiff,Gary Schiff,,Gary Schiff,Gary Schiff,Gary Schiff,Gary Schiff,0.142142142,0,0,1.10045546
166,166,166,Minneapolis_11072017_PRBoardDistrict6.csv,"['IRV', 'Condorcet']",yes,0.934555116,,4,LOCAL,NO,B,Brad Bourn,Bob Fine,Brad Bourn,Brad Bourn,,Bob Fine,Brad Bourn,Bob Fine,Bob Fine,0.298298298,0.240004684,0.30255936,3.807416444
167,167,167,Minneapolis_11072017_Ward10CityCouncil.csv,[],no,0.855466174,,4,LOCAL,NO,R,Lisa Bender,Lisa Bender,Lisa Bender,Lisa Bender,,Lisa Bender,Lisa Bender,Lisa Bender,Lisa Bender,0.188188188,0.065930005,0,1.006770812
172,172,172,Minneapolis_11072017_Ward3CityCouncil.csv,[],no,0.891756347,,4,LOCAL,NO,R,Steve Fletcher,Steve Fletcher,Steve Fletcher,Ginger Jentzen,,Steve Fletcher,Ginger Jentzen,Steve Fletcher,Steve Fletcher,0.602602603,0.137580957,0,3.388710171
173,173,173,Minneapolis_11072017_Ward4CityCouncil.csv,['Plurality'],no,0.898040708,,4,LOCAL,NO,R,Phillipe M. Cunningham,Phillipe M. Cunningham,Phillipe M. Cunningham,"Barbara A. ""Barb"" Johnson",,Phillipe M. Cunningham,Phillipe M. Cunningham,Phillipe M. Cunningham,Phillipe M. Cunningham,0.283283283,0.104486533,0,2.673812452
174,174,174,Minneapolis_11072017_Ward5CityCouncil.csv,[],no,0.885721074,,4,LOCAL,NO,R,Jeremiah Ellison,Jeremiah Ellison,Jeremiah Ellison,Jeremiah Ellison,,Jeremiah Ellison,Jeremiah Ellison,Jeremiah Ellison,Jeremiah Ellison,0.362362362,0.104975544,0,3.494886328
175,175,175,Minneapolis_11072017_Ward6CityCouncil.csv,[],no,0.988496188,,4,LOCAL,NO,R,Abdi Warsame,Abdi Warsame,Abdi Warsame,Abdi Warsame,,Abdi Warsame,Abdi Warsame,Abdi Warsame,Abdi Warsame,0.241241241,0.118546975,0,3.961093144
176,176,176,Minneapolis_11072017_Ward7CityCouncil.csv,[],no,0.879762167,,4,LOCAL,NO,R,Lisa Goodman,Lisa Goodman,Lisa Goodman,Lisa Goodman,,Lisa Goodman,Lisa Goodman,Lisa Goodman,Lisa Goodman,0.12012012,0,0,1.123041208
177,177,177,Minneapolis_11072017_Ward8CityCouncil.csv,[],no,0.802688308,,4,LOCAL,NO,R,Andrea Jenkins,Andrea Jenkins,Andrea Jenkins,Andrea Jenkins,,Andrea Jenkins,Andrea Jenkins,Andrea Jenkins,Andrea Jenkins,0.987987988,0.057940468,0,0.228585863
178,178,178,Minneapolis_11072017_Ward9CityCouncil.csv,['Approval'],no,0.822109276,,4,LOCAL,NO,R,Alondra Cano,Alondra Cano,Alondra Cano,Alondra Cano,,Alondra Cano,Alondra Cano,Mohamed Farah,Alondra Cano,0.246246246,0.180102938,0.256191507,2.175830236
260,260,260,Oakland_11032020_SchoolDirectorDist5OaklandRCV.csv,[],no,0.660214552,,4,LOCAL,NO,B,MIKE HUTCHINSON,MIKE HUTCHINSON,MIKE HUTCHINSON,MIKE HUTCHINSON,,MIKE HUTCHINSON,MIKE HUTCHINSON,MIKE HUTCHINSON,MIKE HUTCHINSON,0.304304304,0,0,2.379753056
268,268,268,Oakland_11042014_SchoolDirectorDistrict4.csv,"['IRV', 'Condorcet', 'Plurality', 'Approval']",yes,0.854151177,,4,LOCAL,NO,B,NINA SENN,KARL DEBRO,NINA SENN,NINA SENN,,KARL DEBRO,KARL DEBRO,KARL DEBRO,NINA SENN,0.241241241,0.254771879,0.254771879,3.253826575
274,274,274,Oakland_11062012_CityCouncilDistrict5.csv,[],no,0.890435245,,4,LOCAL,NO,R,NOEL GALLO,NOEL GALLO,NOEL GALLO,NOEL GALLO,,NOEL GALLO,NOEL GALLO,NOEL GALLO,NOEL GALLO,0.237237237,0,0,3.461969173
294,294,294,Oakland_11082016_SchoolDirectorDistrict5.csv,['Approval'],no,0.907741887,,4,LOCAL,NO,B,ROSIE TORRES,ROSIE TORRES,ROSIE TORRES,HUBER TRENADO,,ROSIE TORRES,HUBER TRENADO,HUBER TRENADO,ROSIE TORRES,0.197197197,0.061567429,0,3.624028391
297,297,297,Oakland_11082022_CityCouncilmemberDistrict6.csv,[],no,0.657781077,,4,LOCAL,NO,R,KEVIN JENKINS,KEVIN JENKINS,KEVIN JENKINS,KEVIN JENKINS,,KEVIN JENKINS,KEVIN JENKINS,KEVIN JENKINS,KEVIN JENKINS,0.293293293,0.048595184,0,0.688903771
317,317,317,SanFrancisco_11022004_BoardofSupervisorsDistrict3.csv,[],no,0.836286431,,4,LOCAL,NO,B,Arron Peskin,Arron Peskin,Arron Peskin,Arron Peskin,,Arron Peskin,Arron Peskin,Arron Peskin,Arron Peskin,0.347347347,0.151108372,0,0.874700654
324,324,324,SanFrancisco_11022010_BoardofSupervisorsDistrict8.csv,[],no,0.855721108,,4,LOCAL,NO,B,SCOTT WIENER,SCOTT WIENER,SCOTT WIENER,SCOTT WIENER,,SCOTT WIENER,SCOTT WIENER,SCOTT WIENER,SCOTT WIENER,0.324324324,0.057533447,0,3.446459418
329,329,329,SanFrancisco_11032020_BOARDOFSUPERVISORSDISTRICT11.csv,[],no,0.884610485,,4,LOCAL,NO,B,AHSHA SAFAI,AHSHA SAFAI,AHSHA SAFAI,AHSHA SAFAI,,AHSHA SAFAI,AHSHA SAFAI,AHSHA SAFAI,AHSHA SAFAI,0.173173173,0.052401544,0,2.968243165
330,330,330,SanFrancisco_11032020_BOARDOFSUPERVISORSDISTRICT3.csv,[],no,0.695522904,,4,LOCAL,NO,B,AARON PESKIN,AARON PESKIN,AARON PESKIN,AARON PESKIN,,AARON PESKIN,AARON PESKIN,AARON PESKIN,AARON PESKIN,0.306306306,0.125596442,0,2.105465065
331,331,331,SanFrancisco_11032020_BOARDOFSUPERVISORSDISTRICT5.csv,[],no,0.610632802,,4,LOCAL,NO,B,DEAN PRESTON,DEAN PRESTON,DEAN PRESTON,DEAN PRESTON,,DEAN PRESTON,DEAN PRESTON,DEAN PRESTON,DEAN PRESTON,0.316316316,0.091741293,0,3.870301214
343,343,343,SanFrancisco_11052019_DistrictAttorney.csv,"['IRV', 'Condorcet']",yes,0.751598646,,4,LOCAL,NO,O,CHESA BOUDIN,SUZY LOFTUS,CHESA BOUDIN,CHESA BOUDIN,,SUZY LOFTUS,CHESA BOUDIN,SUZY LOFTUS,SUZY LOFTUS,0.348348348,0.352884205,0.352884205,3.491414197
345,345,345,SanFrancisco_11052019_MemberBoardofSupervisorsDistrict5.csv,"['IRV', 'Condorcet', 'Plurality', 'Approval']",yes,0.839895345,,4,LOCAL,NO,B,DEAN PRESTON,VALLIE BROWN,DEAN PRESTON,DEAN PRESTON,,VALLIE BROWN,VALLIE BROWN,VALLIE BROWN,DEAN PRESTON,0.218218218,0.217059604,0.220745788,4.207484834
351,351,351,SanFrancisco_11062018_BoardofSupervisorsDistrict2.csv,[],no,0.856674208,,4,LOCAL,NO,B,CATHERINE STEFANI,CATHERINE STEFANI,CATHERINE STEFANI,CATHERINE STEFANI,,CATHERINE STEFANI,CATHERINE STEFANI,CATHERINE STEFANI,CATHERINE STEFANI,0.303303303,0.051348412,0,3.048677438
360,360,360,SanFrancisco_11082005_AssessorRecorder.csv,[],no,0.752118219,,4,LOCAL,NO,O,Phil Ting,Phil Ting,Phil Ting,Phil Ting,,Phil Ting,Phil Ting,Phil Ting,Phil Ting,0.35035035,0.132848178,0.257779138,3.836721207
361,361,361,SanFrancisco_11082005_Treasurer.csv,[],no,0.923446521,,4,LOCAL,NO,O,Jose Cisneros,Jose Cisneros,Jose Cisneros,Jose Cisneros,,Jose Cisneros,Jose Cisneros,Jose Cisneros,Jose Cisneros,0.206206206,0,0,1.401908777
364,364,364,SanFrancisco_11082011_Sheriff.csv,"['IRV', 'Condorcet', 'Approval']",yes,0.884160769,,4,LOCAL,NO,O,ROSS MIRKARIMI,CHRIS CUNNIE,ROSS MIRKARIMI,ROSS MIRKARIMI,,CHRIS CUNNIE,ROSS MIRKARIMI,CHRIS CUNNIE,ROSS MIRKARIMI,0.307307307,0.307288534,0.311419966,2.761227224
370,370,370,SanFrancisco_11082016_BoardofSupervisorsDistrict9.csv,[],no,0.918404832,,4,LOCAL,NO,B,HILLARY RONEN,HILLARY RONEN,HILLARY RONEN,HILLARY RONEN,,HILLARY RONEN,HILLARY RONEN,HILLARY RONEN,HILLARY RONEN,0.235235235,0.017310183,0,2.410658052
373,373,373,SanFrancisco_11082022_BoardofSupervisorsD6.csv,[],no,0.738261616,,4,LOCAL,NO,B,MATT DORSEY,MATT DORSEY,MATT DORSEY,MATT DORSEY,,MATT DORSEY,MATT DORSEY,MATT DORSEY,MATT DORSEY,0.261261261,0.123510851,0,3.017240122
375,375,375,SanFrancisco_11082022_DistrictAttorney.csv,"['IRV', 'Condorcet']",yes,0.774814531,,4,LOCAL,NO,O,BROOKE JENKINS,JOHN HAMASAKI,BROOKE JENKINS,BROOKE JENKINS,,JOHN HAMASAKI,BROOKE JENKINS,BROOKE JENKINS,BROOKE JENKINS,0.336336336,0.238484511,0.339632899,3.45776737
382,382,382,SanLeandro_11042014_CountyCouncilDistrict1.csv,[],no,0.853869489,,4,LOCAL,NO,R,DEBORAH COX,DEBORAH COX,DEBORAH COX,DEBORAH COX,,DEBORAH COX,DEBORAH COX,DEBORAH COX,DEBORAH COX,0.2002002,0,0,2.195517708
385,385,385,SanLeandro_11042014_Mayor.csv,[],no,0.925437515,,4,LOCAL,NO,E,PAULINE RUSSO CUTTER,PAULINE RUSSO CUTTER,PAULINE RUSSO CUTTER,PAULINE RUSSO CUTTER,,PAULINE RUSSO CUTTER,PAULINE RUSSO CUTTER,PAULINE RUSSO CUTTER,PAULINE RUSSO CUTTER,0.225225225,0.064241126,0,2.937872648
387,387,387,SanLeandro_11062012_CountyCouncilDistrict4.csv,[],no,0.769872488,,4,LOCAL,NO,R,BENNY LEE,BENNY LEE,BENNY LEE,BENNY LEE,,BENNY LEE,BENNY LEE,BENNY LEE,BENNY LEE,0.31031031,0.293051377,0.3180319,2.414205009
392,392,392,SanLeandro_11062018_Mayor.csv,[],no,0.895748714,,4,LOCAL,NO,E,PAULINE RUSSO CUTTER,PAULINE RUSSO CUTTER,PAULINE RUSSO CUTTER,PAULINE RUSSO CUTTER,,PAULINE RUSSO CUTTER,PAULINE RUSSO CUTTER,PAULINE RUSSO CUTTER,PAULINE RUSSO CUTTER,0.18018018,0,0,2.390578597
58,58,58,Albany_11082022_CityCouncil.csv,[],no,0.420241566,,5,LOCAL,NO,R,JOHN ANTHONY MIKI,JOHN ANTHONY MIKI,JOHN ANTHONY MIKI,JOHN ANTHONY MIKI,,JOHN ANTHONY MIKI,JOHN ANTHONY MIKI,JOHN ANTHONY MIKI,JOHN ANTHONY MIKI,0.181181181,0.01768865,0,1.577511711
117,117,117,Minneapolis_11022021_CityCouncilWard11.csv,[],no,0.950591406,,5,LOCAL,NO,R,Emily Koski,Emily Koski,Emily Koski,Emily Koski,,Emily Koski,Emily Koski,Emily Koski,Emily Koski,0.099099099,0,0,2.813954099
119,119,119,Minneapolis_11022021_CityCouncilWard13.csv,[],no,0.952725284,,5,LOCAL,NO,R,Linea Palmisano,Linea Palmisano,Linea Palmisano,Linea Palmisano,,Linea Palmisano,Linea Palmisano,Linea Palmisano,Linea Palmisano,0.134134134,0,0,0.972217177
120,120,120,Minneapolis_11022021_CityCouncilWard2.csv,"['IRV', 'Condorcet', 'Plurality', 'Approval']",yes,0.895599202,,5,LOCAL,NO,R,Robin Wonsley Worlobah,Cam Gordon,-1,Robin Wonsley Worlobah,,Cam Gordon,Yusra Arab,Cam Gordon,Yusra Arab,0.311311311,0.249634677,0.249634677,2.450493578
138,138,138,Minneapolis_11052013_Ward13CityCouncil.csv,[],no,0.688474414,,5,LOCAL,NO,R,LINEA PALMISANO,LINEA PALMISANO,LINEA PALMISANO,LINEA PALMISANO,,LINEA PALMISANO,LINEA PALMISANO,LINEA PALMISANO,LINEA PALMISANO,0.142142142,0.15419005,0.169663995,2.208315598
145,145,145,Minneapolis_11062009_PRBoardDistrict5.csv,['Plurality'],no,0.915813715,,5,LOCAL,NO,B,Carol Kummer,Carol Kummer,Carol Kummer,Carol Kummer,,Carol Kummer,Jason Stone,Carol Kummer,Carol Kummer,0.16016016,0.131217972,0.159285691,3.6753325
151,151,151,Minneapolis_11062009_Ward1CityCouncil.csv,[],no,0.880544355,,5,LOCAL,NO,R,Kevin Reich,Kevin Reich,Kevin Reich,Kevin Reich,,Kevin Reich,Kevin Reich,Kevin Reich,Kevin Reich,0.177177177,0,0,2.872590458
155,155,155,Minneapolis_11062009_Ward5CityCouncil.csv,[],no,0.88960739,,5,LOCAL,NO,R,Don Samuels,Don Samuels,Don Samuels,Don Samuels,,Don Samuels,Don Samuels,Don Samuels,Don Samuels,0.194194194,0,0,2.309975897
158,158,158,Minneapolis_11062009_Ward8CityCouncil.csv,[],no,0.872292273,,5,LOCAL,NO,R,Elizabeth Glidden,Elizabeth Glidden,Elizabeth Glidden,Elizabeth Glidden,,Elizabeth Glidden,Elizabeth Glidden,Elizabeth Glidden,Elizabeth Glidden,0.244244244,0.035545047,0,0.420219788
179,179,179,Minnetonka_11022021_CityCouncilAtLargeSeatA.csv,[],no,0.92129415,,5,LOCAL,NO,R,Deb Calvert,Deb Calvert,Deb Calvert,Deb Calvert,,Deb Calvert,Deb Calvert,Deb Calvert,Deb Calvert,0.716716717,0.032001857,0,0.657083095
180,180,180,Minnetonka_11022021_CityCouncilAtLargeSeatB.csv,[],no,0.919126328,,5,LOCAL,NO,R,Kimberly Wilburn,Kimberly Wilburn,Kimberly Wilburn,Kimberly Wilburn,,Kimberly Wilburn,Kimberly Wilburn,Kimberly Wilburn,Kimberly Wilburn,0.736736737,0.14871837,0,1.421782447
257,257,257,Oakland_11032020_MemberCityCouncilDist7OaklandRCV.csv,['Approval'],yes,0.485817589,,5,LOCAL,NO,R,TREVA REID,TREVA REID,TREVA REID,TREVA REID,,TREVA REID,TREVA REID,"ROBERT ""BOB"" JACKSON",TREVA REID,0.504504505,0.467330542,0.509916614,3.606441374
259,259,259,Oakland_11032020_SchoolDirectorDist3OaklandRCV.csv,[],no,0.565364847,,5,LOCAL,NO,B,VANCEDRIC WILLIAMS,VANCEDRIC WILLIAMS,VANCEDRIC WILLIAMS,VANCEDRIC WILLIAMS,,VANCEDRIC WILLIAMS,VANCEDRIC WILLIAMS,VANCEDRIC WILLIAMS,VANCEDRIC WILLIAMS,0.421421421,0.253251273,0.171892585,2.311748844
261,261,261,Oakland_11032020_SchoolDirectorDist7OaklandRCV.csv,"['IRV', 'Condorcet', 'Plurality', 'Approval']",yes,0.521027148,,5,LOCAL,NO,B,CLIFFORD THOMPSON,"BEN ""COACH"" TAPSCOTT",CLIFFORD THOMPSON,CLIFFORD THOMPSON,,"BEN ""COACH"" TAPSCOTT","BEN ""COACH"" TAPSCOTT","BEN ""COACH"" TAPSCOTT",CLIFFORD THOMPSON,0.189189189,0.206467766,0.198404895,3.638460313
263,263,263,Oakland_11042014_CityCouncilDistrict2.csv,"['IRV', 'Condorcet', 'Plurality', 'Approval']",yes,0.842372881,,5,LOCAL,NO,R,ABEL GUILLEN,DANA KING,ABEL GUILLEN,ABEL GUILLEN,,DANA KING,DANA KING,DANA KING,ABEL GUILLEN,0.173173173,0.018092483,0.018092483,2.249899687
265,265,265,Oakland_11042014_CityCouncilDistrict6.csv,['Approval'],no,0.884636022,,5,LOCAL,NO,R,DESLEY BROOKS,DESLEY BROOKS,DESLEY BROOKS,DESLEY BROOKS,,DESLEY BROOKS,DESLEY BROOKS,SHEREDA F. NOSAKHARE,DESLEY BROOKS,0.163163163,0,0,2.145439142
271,271,271,Oakland_11062012_CityCouncilAtLarge.csv,[],no,0.845628983,,5,LOCAL,NO,R,REBECCA KAPLAN,REBECCA KAPLAN,REBECCA KAPLAN,REBECCA KAPLAN,,REBECCA KAPLAN,REBECCA KAPLAN,REBECCA KAPLAN,REBECCA KAPLAN,0.182182182,0.152190653,0.191642701,2.936132172
283,283,283,Oakland_11062018_CityCouncilDistrict6.csv,[],no,0.841937647,,5,LOCAL,NO,R,LOREN TAYLOR,LOREN TAYLOR,LOREN TAYLOR,LOREN TAYLOR,,LOREN TAYLOR,LOREN TAYLOR,LOREN TAYLOR,LOREN TAYLOR,0.558558559,0.016087401,0,2.583438391
291,291,291,Oakland_11082016_CouncilAtLrg.csv,[],no,0.818718985,,5,LOCAL,NO,R,REBECCA KAPLAN,REBECCA KAPLAN,REBECCA KAPLAN,REBECCA KAPLAN,,REBECCA KAPLAN,REBECCA KAPLAN,REBECCA KAPLAN,REBECCA KAPLAN,0.159159159,0,0,1.264201519
293,293,293,Oakland_11082016_SchoolDirectorDistrict3.csv,[],no,0.858387313,,5,LOCAL,NO,B,JUMOKE HINTON HODGE,JUMOKE HINTON HODGE,JUMOKE HINTON HODGE,JUMOKE HINTON HODGE,,JUMOKE HINTON HODGE,JUMOKE HINTON HODGE,JUMOKE HINTON HODGE,JUMOKE HINTON HODGE,0.089089089,0,0,2.285026876
316,316,316,SanFrancisco_11022004_BoardofSupervisorsDistrict2.csv,[],no,0.803264904,,5,LOCAL,NO,B,Michela Alioto-pier,Michela Alioto-pier,Michela Alioto-pier,Michela Alioto-pier,,Michela Alioto-pier,Michela Alioto-pier,Michela Alioto-pier,Michela Alioto-pier,0.34034034,0.08689336,0,0.928931735
341,341,341,SanFrancisco_11042014_BoardofSupervisorsDistrict10.csv,[],no,0.891421172,,5,LOCAL,NO,B,MALIA COHEN,MALIA COHEN,MALIA COHEN,MALIA COHEN,,MALIA COHEN,MALIA COHEN,MALIA COHEN,MALIA COHEN,0.212212212,0.181528229,0.218701118,1.963287043
362,362,362,SanFrancisco_11082011_DistrictAttorney.csv,['Approval'],no,0.840521439,,5,LOCAL,NO,O,GEORGE GASCÓN,GEORGE GASCÓN,GEORGE GASCÓN,GEORGE GASCÓN,,GEORGE GASCÓN,GEORGE GASCÓN,SHARMIN BOCK,GEORGE GASCÓN,0.18018018,0.249163671,0.192180119,1.663890661
366,366,366,SanFrancisco_11082016_BoardofSupervisorsDistrict11.csv,"['IRV', 'Condorcet']",yes,0.814134276,,5,LOCAL,NO,B,AHSHA SAFAI,KIM ALVARENGA,AHSHA SAFAI,AHSHA SAFAI,,KIM ALVARENGA,AHSHA SAFAI,KIM ALVARENGA,KIM ALVARENGA,0.199199199,0.211645814,0.211645814,2.762170359
369,369,369,SanFrancisco_11082016_BoardofSupervisorsDistrict7.csv,[],no,0.832781691,,5,LOCAL,NO,B,NORMAN YEE,NORMAN YEE,NORMAN YEE,NORMAN YEE,,NORMAN YEE,NORMAN YEE,NORMAN YEE,NORMAN YEE,0.661661662,0.13225918,0.246874718,1.411850445
396,396,396,SantaFe_03062018_Mayor.csv,[],no,0.423963134,,5,LOCAL,NO,E,Alan Webber,Alan Webber,Alan Webber,Alan Webber,,Alan Webber,Alan Webber,Alan Webber,Alan Webber,0.831831832,0.106516574,0,2.865840688
402,402,402,TakomaPark_11082022_CityCouncilWard3.csv,['Approval'],no,0.771865889,,5,LOCAL,NO,R,Randy Gibson,Randy Gibson,Randy Gibson,Randy Gibson,,Randy Gibson,Randy Gibson,Alex Hadden,Randy Gibson,0.048048048,0.083071205,0.164805964,3.13674398
116,116,116,Minneapolis_11022021_CityCouncilWard10.csv,[],no,0.896078247,,6,LOCAL,NO,R,Aisha Chughtai,Aisha Chughtai,Aisha Chughtai,Aisha Chughtai,,Aisha Chughtai,Aisha Chughtai,Aisha Chughtai,Aisha Chughtai,0.462462462,0.110303116,0.164641584,2.192475774
140,140,140,Minneapolis_11052013_Ward9CityCouncil.csv,[],no,0.800720288,,6,LOCAL,NO,R,ALONDRA CANO,ALONDRA CANO,ALONDRA CANO,ALONDRA CANO,,ALONDRA CANO,ALONDRA CANO,ALONDRA CANO,ALONDRA CANO,0.329329329,0.127224013,0.131304378,3.070959944
156,156,156,Minneapolis_11062009_Ward6CityCouncil.csv,[],no,0.852178423,,6,LOCAL,NO,R,Robert Lilligren,Robert Lilligren,Robert Lilligren,Robert Lilligren,,Robert Lilligren,Robert Lilligren,Robert Lilligren,Robert Lilligren,0.518518519,0,0,0.942146697
255,255,255,Oakland_11032020_MemberCityCouncilDist3OaklandRCV.csv,[],no,0.561540708,,6,LOCAL,NO,R,CARROLL FIFE,CARROLL FIFE,CARROLL FIFE,CARROLL FIFE,,CARROLL FIFE,CARROLL FIFE,CARROLL FIFE,CARROLL FIFE,0.189189189,0.072842785,0.072842785,0.574822208
273,273,273,Oakland_11062012_CityCouncilDistrict3.csv,['Plurality'],no,0.805534135,,6,LOCAL,NO,R,LYNETTE GIBSON-MCELHANEY,LYNETTE GIBSON-MCELHANEY,LYNETTE GIBSON-MCELHANEY,SEAN SULLIVAN,,LYNETTE GIBSON-MCELHANEY,LYNETTE GIBSON-MCELHANEY,LYNETTE GIBSON-MCELHANEY,LYNETTE GIBSON-MCELHANEY,0.084084084,0.038410489,0,3.207751846
311,311,311,Portland_06142022_Schoolboarddistrict5-1.csv,[],no,0.837006663,,6,LOCAL,NO,B,"Brydon, Sarah M.","Brydon, Sarah M.","Brydon, Sarah M.","Brydon, Sarah M.",,"Brydon, Sarah M.","Brydon, Sarah M.","Brydon, Sarah M.","Brydon, Sarah M.",0.113113113,0,0,2.041407388
320,320,320,SanFrancisco_11022004_BoardofSupervisorsDistrict9.csv,[],no,0.82237239,,6,LOCAL,NO,B,Tom Ammiano,Tom Ammiano,Tom Ammiano,Tom Ammiano,,Tom Ammiano,Tom Ammiano,Tom Ammiano,Tom Ammiano,0.092092092,0,0,2.51460393
322,322,322,SanFrancisco_11022010_BoardofSupervisorsDistrict2.csv,"['IRV', 'Condorcet', 'Approval']",yes,0.864945506,,6,LOCAL,NO,B,MARK FARRELL,JANET REILLY,MARK FARRELL,JANET REILLY,,JANET REILLY,JANET REILLY,JANET REILLY,MARK FARRELL,0.117117117,0.023088946,0.023088946,0.675562681
326,326,326,SanFrancisco_11032015_Mayor.csv,[],no,0.845835636,,6,LOCAL,NO,E,ED LEE,ED LEE,ED LEE,ED LEE,,ED LEE,ED LEE,ED LEE,ED LEE,0.457457457,0.059536583,0,0.725040796
350,350,350,SanFrancisco_11062018_BoardofSupervisorsDistrict10.csv,[],no,0.845373237,,6,LOCAL,NO,B,SHAMANN WALTON,SHAMANN WALTON,SHAMANN WALTON,SHAMANN WALTON,,SHAMANN WALTON,SHAMANN WALTON,SHAMANN WALTON,SHAMANN WALTON,0.098098098,0.041332986,0,2.200928491
357,357,357,SanFrancisco_11072006_BoardofSupervisorsDistrict4.csv,[],no,0.856955381,,6,LOCAL,NO,B,Ed Jew,Ed Jew,Ed Jew,Ed Jew,,Ed Jew,Ed Jew,Ed Jew,Ed Jew,0.164164164,0.089057932,0.126308501,3.23181633
379,379,379,SanLeandro_11022010_Mayor.csv,"['IRV', 'Condorcet', 'Approval']",yes,0.746593035,,6,LOCAL,NO,E,STEPHEN H. CASSIDY,ANTHONY B. ''TONY'' SANTOS,STEPHEN H. CASSIDY,ANTHONY B. ''TONY'' SANTOS,,JOYCE RUTLEDGE STAROSCIAK,ANTHONY B. ''TONY'' SANTOS,JOYCE RUTLEDGE STAROSCIAK,STEPHEN H. CASSIDY,0.491491491,0.13873301,0.001593976,3.07575559
405,405,405,TakomaPark_11082022_Mayor.csv,[],no,0.714811569,,6,LOCAL,NO,E,Talisha Searcy,Talisha Searcy,Talisha Searcy,Talisha Searcy,,Talisha Searcy,Talisha Searcy,Talisha Searcy,Talisha Searcy,0.116116116,0.006001051,0.000259423,1.470500811
76,76,76,Berkeley_11062012_Mayor.csv,[],no,0.855513881,,7,LOCAL,NO,E,TOM BATES,TOM BATES,TOM BATES,TOM BATES,,TOM BATES,TOM BATES,TOM BATES,TOM BATES,0.547547548,0,0,0.032532518
123,123,123,Minneapolis_11022021_CityCouncilWard5.csv,"['IRV', 'Condorcet']",yes,0.826642336,,7,LOCAL,NO,R,Jeremiah Ellison,Kristel Porter,Jeremiah Ellison,Jeremiah Ellison,,Kristel Porter,Jeremiah Ellison,Kristel Porter,Kristel Porter,0.377377377,0.312156265,0.312156265,3.126831477
129,129,129,Minneapolis_11022021_ParkBoardAtLarge.csv,[],no,0.830588324,,7,LOCAL,NO,B,Meg Forney,Meg Forney,Meg Forney,Meg Forney,,Meg Forney,Meg Forney,Meg Forney,Meg Forney,0.45045045,0.184051429,0.208789731,2.048810492
248,248,248,Oakland_11022010_CityCouncilDistrict4.csv,[],no,0.84913937,,7,LOCAL,NO,R,LIBBY SCHAAF,LIBBY SCHAAF,LIBBY SCHAAF,LIBBY SCHAAF,,LIBBY SCHAAF,LIBBY SCHAAF,LIBBY SCHAAF,LIBBY SCHAAF,0.061061061,0,0,2.711566054
272,272,272,Oakland_11062012_CityCouncilDistrict1.csv,"['IRV', 'Condorcet', 'Approval']",yes,0.812390803,,7,LOCAL,NO,R,DAN KALB,AMY LEMLEY,DAN KALB,DAN KALB,,AMY LEMLEY,DAN KALB,AMY LEMLEY,DAN KALB,0.123123123,0.125092769,0.12516078,3.231326498
282,282,282,Oakland_11062018_CityCouncilDistrict4.csv,"['IRV', 'Condorcet', 'Approval']",no,0.804977447,,7,LOCAL,NO,R,SHENG THAO,PAM HARRIS,SHENG THAO,SHENG THAO,,PAM HARRIS,SHENG THAO,PAM HARRIS,SHENG THAO,0.099099099,0.034312636,0,2.011462432
309,309,309,Portland_06142022_SchoolboardAL-1.csv,[],no,0.701381867,,7,LOCAL,NO,B,"Lentz, Sarah M.","Lentz, Sarah M.","Lentz, Sarah M.","Lentz, Sarah M.",,"Lentz, Sarah M.","Lentz, Sarah M.","Grant, Benjamin K.","Grant, Benjamin K.",0.074074074,0,0,2.892803784
328,328,328,SanFrancisco_11032020_BOARDOFSUPERVISORSDISTRICT1.csv,['Approval'],no,0.513349582,,7,LOCAL,NO,B,CONNIE CHAN,CONNIE CHAN,CONNIE CHAN,CONNIE CHAN,,CONNIE CHAN,CONNIE CHAN,CONNIE CHAN,MARJAN PHILHOUR,0.245245245,0.168748519,0.168748519,2.763076077
332,332,332,SanFrancisco_11032020_BOARDOFSUPERVISORSDISTRICT7.csv,['IRV'],yes,0.481051857,,7,LOCAL,NO,B,MYRNA MELGAR,JOEL ENGARDIO,MYRNA MELGAR,JOEL ENGARDIO,,MYRNA MELGAR,JOEL ENGARDIO,MYRNA MELGAR,MYRNA MELGAR,0.184184184,0.025528366,0.025528366,3.26614443
340,340,340,SanFrancisco_11042008_BoardofSupervisorsDistrict9.csv,[],no,0.806884371,,7,LOCAL,NO,B,DAVID CAMPOS,DAVID CAMPOS,DAVID CAMPOS,DAVID CAMPOS,,DAVID CAMPOS,DAVID CAMPOS,DAVID CAMPOS,DAVID CAMPOS,0.141141141,0.01306783,0,0.800248957
342,342,342,SanFrancisco_11052004_BoardofSupervisorsDistrict1.csv,[],no,0.816965992,,7,LOCAL,NO,B,Jake McGoldrick,Jake McGoldrick,Jake McGoldrick,Jake McGoldrick,,Jake McGoldrick,Jake McGoldrick,Jake McGoldrick,Jake McGoldrick,0.147147147,0.068356434,0,2.869933952
344,344,344,SanFrancisco_11052019_Mayor.csv,[],no,0.721709309,,7,LOCAL,NO,E,LONDON N. BREED,LONDON N. BREED,LONDON N. BREED,LONDON N. BREED,,LONDON N. BREED,LONDON N. BREED,LONDON N. BREED,LONDON N. BREED,0.097097097,0,0,0.315945683
355,355,355,SanFrancisco_11072006_BoardofSupervisorsDistrict10.csv,[],no,0.85826002,,7,LOCAL,NO,B,Sophie Maxwell,Sophie Maxwell,Sophie Maxwell,Sophie Maxwell,,Sophie Maxwell,Sophie Maxwell,Sophie Maxwell,Sophie Maxwell,0.082082082,0,0,0.792625547
404,404,404,TakomaPark_11082022_CityCouncilWard6.csv,"['IRV', 'Condorcet']",yes,0.673846154,,7,LOCAL,NO,R,Jason Small,Mike Moore,Jason Small,Jason Small,,Mike Moore,Jason Small,Mike Moore,Mike Moore,0.592592593,0.00117699,0.002018343,0.142424589
407,407,407,Vineyard_11052019_CityCouncil.csv,"['IRV', 'Condorcet', 'Plurality', 'Approval']",no,0.237832874,,7,LOCAL,NO,R,CRISTY WELSH,G. TYCE FLAKE,CRISTY WELSH,CRISTY WELSH,,G. TYCE FLAKE,G. TYCE FLAKE,G. TYCE FLAKE,CRISTY WELSH,0.127127127,0.08033874,0.16067748,3.347526593
86,86,86,Berkeley_11082016_Mayor.csv,[],no,0.903156155,,8,LOCAL,NO,E,JESSE ARREGUÍN,JESSE ARREGUÍN,JESSE ARREGUÍN,JESSE ARREGUÍN,,JESSE ARREGUÍN,JESSE ARREGUÍN,JESSE ARREGUÍN,JESSE ARREGUÍN,0.047047047,0,0,3.211456004
127,127,127,Minneapolis_11022021_CityCouncilWard9.csv,[],no,0.898175837,,8,LOCAL,NO,R,Jason Chavez,Jason Chavez,Jason Chavez,Jason Chavez,,Jason Chavez,Jason Chavez,Jason Chavez,Jason Chavez,0.076076076,0,0,1.350571607
314,314,314,SanFrancisco_06052018_Mayor.csv,"['IRV', 'Condorcet', 'Approval']",no,0.80451714,,8,LOCAL,NO,E,LONDON BREED,JANE KIM,LONDON BREED,LONDON BREED,,JANE KIM,LONDON BREED,JANE KIM,MARK LENO,0.147147147,0.00340919,0,0.634311363
315,315,315,SanFrancisco_11022004_BoardofSupervisorsDistrict11.csv,[],no,0.774637556,,8,LOCAL,NO,B,Gerardo Sandoval,Gerardo Sandoval,Gerardo Sandoval,Gerardo Sandoval,,Gerardo Sandoval,Gerardo Sandoval,Gerardo Sandoval,Gerardo Sandoval,0.117117117,0.021506277,0.036101813,1.895951537
347,347,347,SanFrancisco_11062012_BoardofSupervisorsDistrict5.csv,[],no,0.792349572,,8,LOCAL,NO,B,LONDON BREED,LONDON BREED,LONDON BREED,LONDON BREED,,LONDON BREED,LONDON BREED,LONDON BREED,LONDON BREED,0.084084084,0.032424166,0.049390842,0.96876819
352,352,352,SanFrancisco_11062018_BoardofSupervisorsDistrict4.csv,[],no,0.820621667,,8,LOCAL,NO,B,GORDON MAR,GORDON MAR,GORDON MAR,GORDON MAR,,GORDON MAR,GORDON MAR,GORDON MAR,GORDON MAR,0.147147147,0,0,0.848699407
358,358,358,SanFrancisco_11072006_BoardofSupervisorsDistrict6.csv,[],no,0.880441447,,8,LOCAL,NO,B,Chris Daly,Chris Daly,Chris Daly,Chris Daly,,Chris Daly,Chris Daly,Chris Daly,Chris Daly,0.158158158,0.068215885,0,3.427792711
334,334,334,SanFrancisco_11042008_BoardofSupervisorsDistrict1.csv,"['IRV', 'Condorcet']",no,0.813193674,,9,LOCAL,NO,B,ERIC MAR,SUE LEE,ERIC MAR,ERIC MAR,,SUE LEE,ERIC MAR,SUE LEE,SUE LEE,0.091091091,0.095998962,0.180775427,2.380440379
335,335,335,SanFrancisco_11042008_BoardofSupervisorsDistrict11.csv,"['IRV', 'Condorcet', 'Approval']",yes,0.780041881,,9,LOCAL,NO,B,JOHN AVALOS,AHSHA SAFAI,JOHN AVALOS,JOHN AVALOS,,AHSHA SAFAI,JOHN AVALOS,AHSHA SAFAI,JOHN AVALOS,0.119119119,0.000184391,0.000195303,0.619174693
336,336,336,SanFrancisco_11042008_BoardofSupervisorsDistrict3.csv,[],no,0.811351153,,9,LOCAL,NO,B,DAVID CHIU,DAVID CHIU,DAVID CHIU,DAVID CHIU,,DAVID CHIU,DAVID CHIU,DAVID CHIU,DAVID CHIU,0.166166166,0.059661559,0,3.225719458
348,348,348,SanFrancisco_11062012_BoardofSupervisorsDistrict7.csv,[],no,0.772956834,,9,LOCAL,NO,B,NORMAN YEE,NORMAN YEE,NORMAN YEE,NORMAN YEE,,NORMAN YEE,NORMAN YEE,NORMAN YEE,NORMAN YEE,0.159159159,0.078080492,0.078991985,2.890127282
103,103,103,LasCruces_11052019_MAYORCITYOFLASCRUCES.csv,[],no,0.493740219,,10,LOCAL,NO,E,KEN MIYAGISHIMA,KEN MIYAGISHIMA,KEN MIYAGISHIMA,KEN MIYAGISHIMA,,KEN MIYAGISHIMA,KEN MIYAGISHIMA,KEN MIYAGISHIMA,KEN MIYAGISHIMA,0.157157157,0.137596014,0.159135824,1.632392197
250,250,250,Oakland_11022010_Mayor.csv,[],no,0.768744882,,10,LOCAL,NO,E,JEAN QUAN,JEAN QUAN,JEAN QUAN,DON PERATA,,JEAN QUAN,DON PERATA,JEAN QUAN,JEAN QUAN,0.2002002,0.102392578,0.069620523,3.107419178
284,284,284,Oakland_11062018_Mayor.csv,[],no,0.797998832,,10,LOCAL,NO,E,LIBBY SCHAAF,LIBBY SCHAAF,LIBBY SCHAAF,LIBBY SCHAAF,,LIBBY SCHAAF,LIBBY SCHAAF,LIBBY SCHAAF,LIBBY SCHAAF,0.088088088,0,0,1.413080265
298,298,298,Oakland_11082022_Mayor.csv,"['IRV', 'Condorcet', 'Approval']",yes,0.506844053,,10,LOCAL,NO,E,SHENG THAO,LOREN MANUEL TAYLOR,SHENG THAO,LOREN MANUEL TAYLOR,,LOREN MANUEL TAYLOR,LOREN MANUEL TAYLOR,LOREN MANUEL TAYLOR,SHENG THAO,0.108108108,0.099778503,0.120184463,2.920467955
365,365,365,SanFrancisco_11082016_BoardofSupervisorsDistrict1.csv,"['IRV', 'Condorcet', 'Approval']",no,0.826218265,,10,LOCAL,NO,B,SANDRA LEE FEWER,MARJAN PHILHOUR,SANDRA LEE FEWER,SANDRA LEE FEWER,,MARJAN PHILHOUR,SANDRA LEE FEWER,MARJAN PHILHOUR,SANDRA LEE FEWER,0.158158158,0,0,0.606276059
141,141,141,Minneapolis_11062009_Mayor.csv,[],no,0.934910455,,11,LOCAL,NO,E,R.T. Rybak,R.T. Rybak,R.T. Rybak,R.T. Rybak,,R.T. Rybak,R.T. Rybak,R.T. Rybak,R.T. Rybak,0.06006006,0,0,1.143728221
307,307,307,Portland_06082021_charter_commission_at_large.csv,"['IRV', 'Condorcet', 'Plurality', 'Approval']",yes,0.362828835,,11,LOCAL,NO,B,"Chann, Marpheen S.","DiMillo, Steven A.","Chann, Marpheen S.","Sheikh-Yousef, Nasreen A.",,"DiMillo, Steven A.","DiMillo, Steven A.","DiMillo, Steven A.","Sheikh-Yousef, Nasreen A.",0.388388388,0.019015305,0.03803061,3.572187337
114,114,114,Minneapolis_08112020_Ward6CityCouncilSpecialElection.csv,[],no,0.884719886,,12,LOCAL,NO,R,Jamal Osman,Jamal Osman,Jamal Osman,Jamal Osman,,Jamal Osman,Jamal Osman,Jamal Osman,Jamal Osman,0.082082082,0.081753581,0.081753581,3.112455502
346,346,346,SanFrancisco_11062007_Mayor.csv,[],no,0.899669018,,12,LOCAL,NO,E,Gavin Newsom,Gavin Newsom,Gavin Newsom,Gavin Newsom,,Gavin Newsom,Gavin Newsom,Gavin Newsom,Gavin Newsom,0.542542543,0,0,0.2763958
319,319,319,SanFrancisco_11022004_BoardofSupervisorsDistrict7.csv,[],no,0.787129808,,13,LOCAL,NO,B,Sean R. Elsbernd,Sean R. Elsbernd,Sean R. Elsbernd,Sean R. Elsbernd,,Sean R. Elsbernd,Sean R. Elsbernd,Sean R. Elsbernd,Sean R. Elsbernd,0.155155155,0,0,0.817600403
310,310,310,Portland_06142022_Schoolboarddistrict5.csv,[],no,0.834358974,,14,LOCAL,NO,B,"Brydon, Sarah M.","Brydon, Sarah M.","Brydon, Sarah M.","Brydon, Sarah M.",,"Brydon, Sarah M.","Brydon, Sarah M.","Brydon, Sarah M.","Brydon, Sarah M.",0.076076076,0,0,3.585633752
323,323,323,SanFrancisco_11022010_BoardofSupervisorsDistrict6.csv,[],no,0.846534653,,14,LOCAL,NO,B,JANE KIM,JANE KIM,JANE KIM,JANE KIM,,JANE KIM,JANE KIM,JANE KIM,JANE KIM,0.203203203,0.006808402,0,2.173026185
266,266,266,Oakland_11042014_Mayor.csv,[],no,0.78096467,,16,LOCAL,NO,E,LIBBY SCHAAF,LIBBY SCHAAF,LIBBY SCHAAF,LIBBY SCHAAF,,LIBBY SCHAAF,LIBBY SCHAAF,LIBBY SCHAAF,LIBBY SCHAAF,0.245245245,0.000158286,0.000158286,0.198185589
363,363,363,SanFrancisco_11082011_Mayor.csv,[],no,0.767766087,,16,LOCAL,NO,E,ED LEE,ED LEE,ED LEE,ED LEE,,ED LEE,ED LEE,ED LEE,ED LEE,0.17017017,0.01674871,0.011017184,2.064968185
128,128,128,Minneapolis_11022021_Mayor.csv,[],no,0.883744527,,18,LOCAL,NO,E,Jacob Frey,Jacob Frey,Jacob Frey,Jacob Frey,,Jacob Frey,Jacob Frey,Jacob Frey,Jacob Frey,0.501501502,0.024548642,0.00010223,0.043614943
160,160,160,Minneapolis_11072017_Mayor.csv,[],no,0.784171973,,18,LOCAL,NO,E,Jacob Frey,Jacob Frey,Jacob Frey,Jacob Frey,,Jacob Frey,Jacob Frey,Jacob Frey,Jacob Frey,0.261261261,1.21E-05,1.21E-05,0.109035734
321,321,321,SanFrancisco_11022010_BoardofSupervisorsDistrict10.csv,['Plurality'],no,0.798121805,,21,LOCAL,NO,B,MALIA COHEN,MALIA COHEN,MALIA COHEN,LYNETTE SWEET,,MALIA COHEN,MARLENE TRAN,MALIA COHEN,MALIA COHEN,0.101101101,0.050306425,0.050306425,1.534085019
318,318,318,SanFrancisco_11022004_BoardofSupervisorsDistrict5.csv,[],no,0.76578655,,22,LOCAL,NO,B,Ross Mirkarimi,Ross Mirkarimi,Ross Mirkarimi,Ross Mirkarimi,,Ross Mirkarimi,Ross Mirkarimi,Ross Mirkarimi,Ross Mirkarimi,0.387387387,0.01156053,0.01168191,0.66255831
308,308,308,Portland_06142022_SchoolboardAL.csv,[],no,0.548079083,,29,LOCAL,NO,B,"Lentz, Sarah M.","Lentz, Sarah M.","Lentz, Sarah M.","Lentz, Sarah M.",,"Lentz, Sarah M.","Lentz, Sarah M.","Grant, Benjamin K.","Grant, Benjamin K.",0.237237237,0.036242838,0.036242838,0.780305809
135,135,135,Minneapolis_11052013_Mayor.csv,[],no,0.797500567,,35,LOCAL,NO,E,BETSY HODGES,BETSY HODGES,BETSY HODGES,BETSY HODGES,,BETSY HODGES,BETSY HODGES,BETSY HODGES,BETSY HODGES,0.489489489,4.82E-05,5.31E-05,0.14520034
196,196,196,NewYorkCity_06222021_DEMCouncilMember17thCouncilDistrict.csv,[],no,1,,2,LOCAL,DP,R,Rafael Salamanca Jr.,Rafael Salamanca Jr.,Rafael Salamanca Jr.,Rafael Salamanca Jr.,,Rafael Salamanca Jr.,Rafael Salamanca Jr.,Rafael Salamanca Jr.,Rafael Salamanca Jr.,0.992992993,0.314585787,0,
210,210,210,NewYorkCity_06222021_DEMCouncilMember2ndCouncilDistrict.csv,[],no,1,,2,LOCAL,DP,R,Carlina Rivera,Carlina Rivera,Carlina Rivera,Carlina Rivera,,Carlina Rivera,Carlina Rivera,Carlina Rivera,Carlina Rivera,0.995995996,0.047257228,0,
211,211,211,NewYorkCity_06222021_DEMCouncilMember30thCouncilDistrict.csv,[],no,1,,2,LOCAL,DP,R,Robert F. Holden,Robert F. Holden,Robert F. Holden,Robert F. Holden,,Robert F. Holden,Robert F. Holden,Robert F. Holden,Robert F. Holden,0.995995996,0.358715597,0,
223,223,223,NewYorkCity_06222021_DEMCouncilMember41stCouncilDistrict.csv,[],no,1,,2,LOCAL,DP,R,Darlene Mealy,Darlene Mealy,Darlene Mealy,Darlene Mealy,,Darlene Mealy,Darlene Mealy,Darlene Mealy,Darlene Mealy,0.992992993,0.372136156,0,
106,106,106,Maine_07142020_DemocraticCandidateforMaineStateHouseDistrict41.csv,"['IRV', 'Condorcet', 'Plurality', 'Approval']",yes,0.811806656,,3,STATE,DP,R,"Zager, Samuel Lewis","Grant, Benjamin K.","Zager, Samuel Lewis","Zager, Samuel Lewis",,"Grant, Benjamin K.","Grant, Benjamin K.","Grant, Benjamin K.","Zager, Samuel Lewis",0.447447447,0.306116806,0.461581128,2.956804676
107,107,107,Maine_07142020_DemocraticCandidateforMaineStateHouseDistrict47.csv,[],no,0.816105769,,3,STATE,DP,R,"Bell, Arthur L.","Bell, Arthur L.","Bell, Arthur L.","Bell, Arthur L.",,"Bell, Arthur L.","Bell, Arthur L.","Bell, Arthur L.","Bell, Arthur L.",0.478478478,0.036827459,0,3.199629539
108,108,108,Maine_07142020_DemocraticCandidateforMaineStateHouseDistrict49.csv,"['IRV', 'Condorcet', 'Approval']",yes,0.776243094,,3,STATE,DP,R,"Arford, Poppy","Perreault, Corinne Ann","Arford, Poppy","Arford, Poppy",,"Perreault, Corinne Ann","Arford, Poppy","Perreault, Corinne Ann","Arford, Poppy",0.978978979,0.439891082,0.488803436,2.606890131
109,109,109,Maine_07142020_DemocraticCandidateforMaineStateHouseDistrict90.csv,"['IRV', 'Condorcet', 'Plurality', 'Approval']",yes,0.800394283,,3,STATE,DP,R,"Crafts, Lydia V.","Pieh, Wendy","Crafts, Lydia V.","Crafts, Lydia V.",,"Pieh, Wendy","Pieh, Wendy","Pieh, Wendy","Crafts, Lydia V.",0.457457457,0.299284155,0.472492462,3.11165874
110,110,110,Maine_07142020_DemocraticCandidateforMaineStateSenateDistrict11.csv,"['IRV', 'Condorcet', 'Plurality', 'Approval']",yes,0.781368103,,3,STATE,DP,R,"Curry, Glenn Chip","Stanicki, Robyn M.","Curry, Glenn Chip","Curry, Glenn Chip",,"Stanicki, Robyn M.","Stanicki, Robyn M.","Stanicki, Robyn M.","Curry, Glenn Chip",0.471471471,0.388619513,0.485885964,2.454629732
186,186,186,NewYorkCity_06222021_DEMBoroughPresidentQueens.csv,"['IRV', 'Condorcet', 'Plurality']",yes,0.922902076,,3,LOCAL,DP,E,Donovan J. Richards Jr.,Elizabeth S. Crowley,Donovan J. Richards Jr.,Donovan J. Richards Jr.,,Elizabeth S. Crowley,Elizabeth S. Crowley,Elizabeth S. Crowley,Elizabeth S. Crowley,0.436436436,0.429883382,0.441738803,3.69999585
191,191,191,NewYorkCity_06222021_DEMCouncilMember12thCouncilDistrict.csv,['Approval'],no,0.850931319,,3,LOCAL,DP,R,Kevin Riley,Kevin Riley,Kevin Riley,Kevin Riley,,Kevin Riley,Kevin Riley,Pamela A. Hamilton-Johnson,Kevin Riley,0.525525526,0.370199156,0.528309323,2.299861044
208,208,208,NewYorkCity_06222021_DEMCouncilMember28thCouncilDistrict.csv,[],no,0.890203907,,3,LOCAL,DP,R,Adrienne E. Adams,Adrienne E. Adams,Adrienne E. Adams,Adrienne E. Adams,,Adrienne E. Adams,Adrienne E. Adams,Adrienne E. Adams,Adrienne E. Adams,0.98998999,0.187555447,0,2.307718181
212,212,212,NewYorkCity_06222021_DEMCouncilMember31stCouncilDistrict.csv,[],no,0.879619786,,3,LOCAL,DP,R,Selvena N. Brooks-Powers,Selvena N. Brooks-Powers,Selvena N. Brooks-Powers,Selvena N. Brooks-Powers,,Selvena N. Brooks-Powers,Selvena N. Brooks-Powers,Selvena N. Brooks-Powers,Selvena N. Brooks-Powers,0.50950951,0.088421962,0,1.159610914
225,225,225,NewYorkCity_06222021_DEMCouncilMember45thCouncilDistrict.csv,[],no,0.929475869,,3,LOCAL,DP,R,Farah N. Louis,Farah N. Louis,Farah N. Louis,Farah N. Louis,,Farah N. Louis,Farah N. Louis,Farah N. Louis,Farah N. Louis,0.474474474,0.028753842,0,1.226317454
236,236,236,NewYorkCity_06222021_DEMPublicAdvocateCitywide.csv,[],no,0.898467414,,3,LOCAL,DP,O,Jumaane D. Williams,Jumaane D. Williams,Jumaane D. Williams,Jumaane D. Williams,,Jumaane D. Williams,Jumaane D. Williams,Jumaane D. Williams,Jumaane D. Williams,0.505505506,0.02088389,0,1.409872661
195,195,195,NewYorkCity_06222021_DEMCouncilMember16thCouncilDistrict.csv,[],no,0.819745034,,4,LOCAL,DP,R,Althea V. Stevens,Althea V. Stevens,Althea V. Stevens,Althea V. Stevens,,Althea V. Stevens,Althea V. Stevens,Althea V. Stevens,Althea V. Stevens,0.37037037,0.073436877,0,1.633158015
204,204,204,NewYorkCity_06222021_DEMCouncilMember24thCouncilDistrict.csv,[],no,0.780429594,,4,LOCAL,DP,R,James F. Gennaro,James F. Gennaro,James F. Gennaro,James F. Gennaro,,James F. Gennaro,James F. Gennaro,James F. Gennaro,James F. Gennaro,0.988988989,0,0,1.147219174
215,215,215,NewYorkCity_06222021_DEMCouncilMember34thCouncilDistrict.csv,[],no,0.821652943,,4,LOCAL,DP,R,Jennifer Gutierrez,Jennifer Gutierrez,Jennifer Gutierrez,Jennifer Gutierrez,,Jennifer Gutierrez,Jennifer Gutierrez,Jennifer Gutierrez,Jennifer Gutierrez,0.255255255,0,0,0.647920561
224,224,224,NewYorkCity_06222021_DEMCouncilMember42ndCouncilDistrict.csv,[],no,0.757263535,,4,LOCAL,DP,R,Charles Barron,Charles Barron,Charles Barron,Charles Barron,,Charles Barron,Charles Barron,Charles Barron,Charles Barron,0.31031031,0.20566323,0.314978336,2.95844958
227,227,227,NewYorkCity_06222021_DEMCouncilMember47thCouncilDistrict.csv,[],no,0.763525305,,4,LOCAL,DP,R,Ari Kagan,Ari Kagan,Ari Kagan,Ari Kagan,,Ari Kagan,Ari Kagan,Ari Kagan,Ari Kagan,0.291291291,0.296383427,0.296383427,3.29277706
233,233,233,NewYorkCity_06222021_DEMCouncilMember8thCouncilDistrict.csv,[],no,0.751881628,,4,LOCAL,DP,R,Diana I. Ayala,Diana I. Ayala,Diana I. Ayala,Diana I. Ayala,,Diana I. Ayala,Diana I. Ayala,Diana I. Ayala,Diana I. Ayala,0.287287287,0.114552299,0,2.164898595
100,100,100,Kansas_05022020_PRESIDENTOFTHEUNITEDSTATES.csv,[],no,0.775845529,,5,FEDERAL,DP,E,Joseph R. Biden,Joseph R. Biden,Joseph R. Biden,Joseph R. Biden,,Joseph R. Biden,Joseph R. Biden,Joseph R. Biden,Joseph R. Biden,0.191191191,0.059452239,0,0.947785631
183,183,183,NewYorkCity_06222021_DEMBoroughPresidentBronx.csv,[],no,0.66626627,,5,LOCAL,DP,E,Vanessa L. Gibson,Vanessa L. Gibson,Vanessa L. Gibson,Vanessa L. Gibson,,Vanessa L. Gibson,Vanessa L. Gibson,Vanessa L. Gibson,Vanessa L. Gibson,0.226226226,0.231064923,0.231064923,3.583811578
187,187,187,NewYorkCity_06222021_DEMBoroughPresidentRichmond.csv,[],no,0.685076422,,5,LOCAL,DP,E,Mark S. Murphy,Mark S. Murphy,Mark S. Murphy,Mark S. Murphy,,Mark S. Murphy,Mark S. Murphy,Mark S. Murphy,Mark S. Murphy,0.185185185,0,0,1.483110362
192,192,192,NewYorkCity_06222021_DEMCouncilMember13thCouncilDistrict.csv,[],no,0.695512499,,5,LOCAL,DP,R,Marjorie Velazquez,Marjorie Velazquez,Marjorie Velazquez,Marjorie Velazquez,,Marjorie Velazquez,Marjorie Velazquez,Marjorie Velazquez,Marjorie Velazquez,0.444444444,0,0,1.870193761
201,201,201,NewYorkCity_06222021_DEMCouncilMember21stCouncilDistrict.csv,[],no,0.735926305,,5,LOCAL,DP,R,Francisco P. Moya,Francisco P. Moya,Francisco P. Moya,Francisco P. Moya,,Francisco P. Moya,Francisco P. Moya,Francisco P. Moya,Francisco P. Moya,0.199199199,0.100023259,0,1.693453368
217,217,217,NewYorkCity_06222021_DEMCouncilMember36thCouncilDistrict.csv,['Approval'],no,0.734899329,,5,LOCAL,DP,R,Chi A. Osse,Chi A. Osse,Chi A. Osse,Chi A. Osse,,Chi A. Osse,Chi A. Osse,Chi A. Osse,Tahirah A. Moore,0.214214214,0.226291733,0.226291733,2.313894291
228,228,228,NewYorkCity_06222021_DEMCouncilMember48thCouncilDistrict.csv,[],no,0.714611872,,5,LOCAL,DP,R,Steven Saperstein,Steven Saperstein,Steven Saperstein,Steven Saperstein,,Steven Saperstein,Steven Saperstein,Steven Saperstein,Steven Saperstein,0.428428428,0,0,3.219409186
193,193,193,NewYorkCity_06222021_DEMCouncilMember14thCouncilDistrict.csv,[],no,0.599407156,,6,LOCAL,DP,R,Pierina Ana Sanchez,Pierina Ana Sanchez,Pierina Ana Sanchez,Pierina Ana Sanchez,,Pierina Ana Sanchez,Pierina Ana Sanchez,Pierina Ana Sanchez,Pierina Ana Sanchez,0.136136136,0,0,2.363291554
198,198,198,NewYorkCity_06222021_DEMCouncilMember19thCouncilDistrict.csv,[],no,0.722413398,,6,LOCAL,DP,R,Tony Avella,Tony Avella,Tony Avella,Tony Avella,,Tony Avella,Tony Avella,Tony Avella,Tony Avella,0.146146146,0.116725352,0.148263388,3.004950429
202,202,202,NewYorkCity_06222021_DEMCouncilMember22ndCouncilDistrict.csv,[],no,0.687950249,,6,LOCAL,DP,R,Tiffany Caban,Tiffany Caban,Tiffany Caban,Tiffany Caban,,Tiffany Caban,Tiffany Caban,Tiffany Caban,Tiffany Caban,0.444444444,0,0,0.823764408
213,213,213,NewYorkCity_06222021_DEMCouncilMember32ndCouncilDistrict.csv,"['IRV', 'Condorcet', 'Plurality', 'Approval']",yes,0.690441248,,6,LOCAL,DP,R,Felicia Singh,Michael G. Scala,Felicia Singh,Felicia Singh,,Michael G. Scala,Michael G. Scala,Michael G. Scala,Felicia Singh,0.475475475,0.337033381,0.322718369,3.208691601
218,218,218,NewYorkCity_06222021_DEMCouncilMember37thCouncilDistrict.csv,[],no,0.702168719,,6,LOCAL,DP,R,Sandy Nurse,Sandy Nurse,Sandy Nurse,Sandy Nurse,,Sandy Nurse,Sandy Nurse,Sandy Nurse,Sandy Nurse,0.082082082,0,0,2.31366481
219,219,219,NewYorkCity_06222021_DEMCouncilMember38thCouncilDistrict.csv,[],no,0.706431107,,6,LOCAL,DP,R,Alexa Aviles,Alexa Aviles,Alexa Aviles,Alexa Aviles,,Alexa Aviles,Alexa Aviles,Alexa Aviles,Alexa Aviles,0.304304304,0,0,3.515181299
221,221,221,NewYorkCity_06222021_DEMCouncilMember3rdCouncilDistrict.csv,[],no,0.72500263,,6,LOCAL,DP,R,Erik D. Bottcher,Erik D. Bottcher,Erik D. Bottcher,Erik D. Bottcher,,Erik D. Bottcher,Erik D. Bottcher,Erik D. Bottcher,Erik D. Bottcher,0.383383383,0,0,1.143574604
231,231,231,NewYorkCity_06222021_DEMCouncilMember6thCouncilDistrict.csv,[],no,0.730844395,,6,LOCAL,DP,R,Gale A. Brewer,Gale A. Brewer,Gale A. Brewer,Gale A. Brewer,,Gale A. Brewer,Gale A. Brewer,Gale A. Brewer,Gale A. Brewer,0.604604605,0,0,0.687284258
105,105,105,Maine_06122018_DemocraticPrimaryforGovernor.csv,[],no,0.425970152,,7,STATE,DP,E,"Mills, Janet T.","Mills, Janet T.","Mills, Janet T.","Mills, Janet T.",,"Mills, Janet T.","Mills, Janet T.","Mills, Janet T.","Mills, Janet T.",0.12012012,0,0,3.01525504
185,185,185,NewYorkCity_06222021_DEMBoroughPresidentNewYork.csv,[],no,0.677257117,,7,LOCAL,DP,E,Mark D. Levine,Mark D. Levine,Mark D. Levine,Mark D. Levine,,Mark D. Levine,Mark D. Levine,Mark D. Levine,Mark D. Levine,0.09009009,0,0,3.208036834
190,190,190,NewYorkCity_06222021_DEMCouncilMember11thCouncilDistrict.csv,[],no,0.644797841,,7,LOCAL,DP,R,Eric Dinowitz,Eric Dinowitz,Eric Dinowitz,Eric Dinowitz,,Eric Dinowitz,Eric Dinowitz,Eric Dinowitz,Eric Dinowitz,0.085085085,0,0,1.856919237
203,203,203,NewYorkCity_06222021_DEMCouncilMember23rdCouncilDistrict.csv,[],no,0.655577063,,7,LOCAL,DP,R,Linda Lee,Linda Lee,Linda Lee,Linda Lee,,Linda Lee,Linda Lee,Linda Lee,Linda Lee,0.181181181,0,0,3.25586776
216,216,216,NewYorkCity_06222021_DEMCouncilMember35thCouncilDistrict.csv,[],no,0.735636135,,7,LOCAL,DP,R,Crystal Hudson,Crystal Hudson,Crystal Hudson,Crystal Hudson,,Crystal Hudson,Crystal Hudson,Crystal Hudson,Crystal Hudson,0.063063063,0.043611398,0.067642638,3.688858259
220,220,220,NewYorkCity_06222021_DEMCouncilMember39thCouncilDistrict.csv,[],no,0.670614011,,7,LOCAL,DP,R,Shahana K. Hanif,Shahana K. Hanif,Shahana K. Hanif,Shahana K. Hanif,,Shahana K. Hanif,Shahana K. Hanif,Shahana K. Hanif,Shahana K. Hanif,0.134134134,0.008111102,0,2.889744315
230,230,230,NewYorkCity_06222021_DEMCouncilMember5thCouncilDistrict.csv,[],no,0.674286838,,7,LOCAL,DP,R,Julie Menin,Julie Menin,Julie Menin,Julie Menin,,Julie Menin,Julie Menin,Julie Menin,Julie Menin,0.061061061,0,0,1.990604611
0,0,0,Alaska_04102020_PRESIDENTOFTHEUNITEDSTATES.csv,[],no,0.670398136,,8,FEDERAL,DP,E,Joseph R. Biden,Joseph R. Biden,Joseph R. Biden,Joseph R. Biden,,Joseph R. Biden,Joseph R. Biden,Joseph R. Biden,Joseph R. Biden,0.243243243,0,0,0.246922236
189,189,189,NewYorkCity_06222021_DEMCouncilMember10thCouncilDistrict.csv,[],no,0.695678792,,8,LOCAL,DP,R,Carmen N. De La Rosa,Carmen N. De La Rosa,Carmen N. De La Rosa,Carmen N. De La Rosa,,Carmen N. De La Rosa,Carmen N. De La Rosa,Carmen N. De La Rosa,Carmen N. De La Rosa,0.121121121,0.02312796,0.02312796,2.779702932
194,194,194,NewYorkCity_06222021_DEMCouncilMember15thCouncilDistrict.csv,[],no,0.640004855,,8,LOCAL,DP,R,Oswald Feliz,Oswald Feliz,Oswald Feliz,Oswald Feliz,,Oswald Feliz,Oswald Feliz,Oswald Feliz,Oswald Feliz,0.248248248,0,0,2.167393985
197,197,197,NewYorkCity_06222021_DEMCouncilMember18thCouncilDistrict.csv,"['IRV', 'Condorcet', 'Plurality', 'Approval']",yes,0.581141758,,8,LOCAL,DP,R,Amanda Farias,William Rivera,Amanda Farias,Amanda Farias,,William Rivera,William Rivera,William Rivera,Amanda Farias,0.194194194,0.078463848,0.07073489,2.781921487
200,200,200,NewYorkCity_06222021_DEMCouncilMember20thCouncilDistrict.csv,[],no,0.657177753,,8,LOCAL,DP,R,Sandra Ung,Sandra Ung,Sandra Ung,Sandra Ung,,Sandra Ung,Sandra Ung,Sandra Ung,Sandra Ung,0.212212212,0,0,3.546435775
205,205,205,NewYorkCity_06222021_DEMCouncilMember25thCouncilDistrict.csv,"['IRV', 'Condorcet', 'Approval']",no,0.661887854,,8,LOCAL,DP,R,Shekar Krishnan,Yi Andy Chen,Shekar Krishnan,Yi Andy Chen,,Yi Andy Chen,Yi Andy Chen,Yi Andy Chen,Shekar Krishnan,0.349349349,0.074123626,0.106686975,2.83223383
214,214,214,NewYorkCity_06222021_DEMCouncilMember33rdCouncilDistrict.csv,[],no,0.700253616,,8,LOCAL,DP,R,Lincoln Restler,Lincoln Restler,Lincoln Restler,Lincoln Restler,,Lincoln Restler,Lincoln Restler,Lincoln Restler,Lincoln Restler,0.29029029,0,0,1.007652129
226,226,226,NewYorkCity_06222021_DEMCouncilMember46thCouncilDistrict.csv,[],no,0.635601017,,8,LOCAL,DP,R,Mercedes Narcisse,Mercedes Narcisse,Mercedes Narcisse,Mercedes Narcisse,,Mercedes Narcisse,Mercedes Narcisse,Mercedes Narcisse,Mercedes Narcisse,0.187187187,0,0,2.812433586
199,199,199,NewYorkCity_06222021_DEMCouncilMember1stCouncilDistrict.csv,[],no,0.642291314,,9,LOCAL,DP,R,Christopher Marte,Christopher Marte,Christopher Marte,Christopher Marte,,Christopher Marte,Christopher Marte,Christopher Marte,Christopher Marte,0.434434434,0.230382101,0.305216096,2.244497178
209,209,209,NewYorkCity_06222021_DEMCouncilMember29thCouncilDistrict.csv,[],no,0.616659856,,9,LOCAL,DP,R,Lynn C. Schulman,Lynn C. Schulman,Lynn C. Schulman,Lynn C. Schulman,,Lynn C. Schulman,Lynn C. Schulman,Lynn C. Schulman,Lynn C. Schulman,0.14014014,0.021507036,0.021507036,1.982860945
229,229,229,NewYorkCity_06222021_DEMCouncilMember49thCouncilDistrict.csv,[],no,0.543728172,,9,LOCAL,DP,R,Kamillah Hanks,Kamillah Hanks,Kamillah Hanks,Kamillah Hanks,,Kamillah Hanks,Kamillah Hanks,Kamillah Hanks,Kamillah Hanks,0.112112112,0.024535932,0.024535932,2.238768759
188,188,188,NewYorkCity_06222021_DEMComptrollerCitywide.csv,[],no,0.664014037,,10,LOCAL,DP,O,Brad Lander,Brad Lander,Brad Lander,Brad Lander,,Brad Lander,Brad Lander,Corey D. Johnson,Corey D. Johnson,0.144144144,0,0,1.63813551
97,97,97,Hawaii_05232020_PresidentoftheUnitedStateCD1.csv,[],no,0.853185216,,11,FEDERAL,DP,E,Joseph R. Biden,Joseph R. Biden,Joseph R. Biden,Joseph R. Biden,,Joseph R. Biden,Joseph R. Biden,Joseph R. Biden,Joseph R. Biden,0.11011011,0,0,0.622940523
98,98,98,Hawaii_05232020_PresidentoftheUnitedStateCD1CD2.csv,[],no,0.86144785,,11,FEDERAL,DP,E,Joseph R. Biden,Joseph R. Biden,Joseph R. Biden,Joseph R. Biden,,Joseph R. Biden,Joseph R. Biden,Joseph R. Biden,Joseph R. Biden,0.115115115,0,0,0.592226238
99,99,99,Hawaii_05232020_PresidentoftheUnitedStateCD2.csv,[],no,0.859216398,,11,FEDERAL,DP,E,Joseph R. Biden,Joseph R. Biden,Joseph R. Biden,Joseph R. Biden,,Joseph R. Biden,Joseph R. Biden,Joseph R. Biden,Joseph R. Biden,0.077077077,0,0,1.282803164
222,222,222,NewYorkCity_06222021_DEMCouncilMember40thCouncilDistrict.csv,[],no,0.602432807,,11,LOCAL,DP,R,Rita C. Joseph,Rita C. Joseph,Rita C. Joseph,Rita C. Joseph,,Rita C. Joseph,Rita C. Joseph,Rita C. Joseph,Rita C. Joseph,0.176176176,0.068476065,0.068476065,1.992870781
184,184,184,NewYorkCity_06222021_DEMBoroughPresidentKings.csv,[],no,0.687332859,,12,LOCAL,DP,E,Antonio Reynoso,Antonio Reynoso,Antonio Reynoso,Antonio Reynoso,,Antonio Reynoso,Antonio Reynoso,Antonio Reynoso,Antonio Reynoso,0.068068068,0,0,2.505306633
207,207,207,NewYorkCity_06222021_DEMCouncilMember27thCouncilDistrict.csv,[],no,0.48863859,,12,LOCAL,DP,R,Nantasha M. Williams,Nantasha M. Williams,Nantasha M. Williams,Nantasha M. Williams,,Nantasha M. Williams,Nantasha M. Williams,Nantasha M. Williams,Nantasha M. Williams,0.226226226,0.015192161,0.009847187,1.909754497
232,232,232,NewYorkCity_06222021_DEMCouncilMember7thCouncilDistrict.csv,[],no,0.586628759,,12,LOCAL,DP,R,Shaun Abreu,Shaun Abreu,Shaun Abreu,Shaun Abreu,,Shaun Abreu,Shaun Abreu,Shaun Abreu,Shaun Abreu,0.166166166,0,0,1.957197699
234,234,234,NewYorkCity_06222021_DEMCouncilMember9thCouncilDistrict.csv,"['IRV', 'Condorcet']",yes,0.525760349,,13,LOCAL,DP,R,Kristin Richardson Jordan,Bill Perkins,Kristin Richardson Jordan,Bill Perkins,,Bill Perkins,Bill Perkins,Bill Perkins,Bill Perkins,0.198198198,0.08864879,0.072241748,3.154078248
235,235,235,NewYorkCity_06222021_DEMMayorCitywide.csv,[],no,0.462661277,,13,LOCAL,DP,E,Eric L. Adams,Eric L. Adams,Eric L. Adams,Eric L. Adams,,Eric L. Adams,Eric L. Adams,Eric L. Adams,Eric L. Adams,0.13013013,0.096646241,0.085003333,3.636559188
206,206,206,NewYorkCity_06222021_DEMCouncilMember26thCouncilDistrict.csv,[],no,0.48,,15,LOCAL,DP,R,Julie Won,Julie Won,Julie Won,Julie Won,,Julie Won,Julie Won,Julie Won,Julie Won,0.117117117,0.007974289,0.007974289,2.105440011
409,409,409,Wyoming_04172020_PRESIDENTOFTHEUNITEDSTATES.csv,[],no,0.733346319,,9,FEDERAL,,E,Joseph R. Biden,Joseph R. Biden,Joseph R. Biden,Joseph R. Biden,,Joseph R. Biden,Joseph R. Biden,Joseph R. Biden,Joseph R. Biden,0.258258258,0,0,0.312297866
