Jurisdiction,State,Year,ElectionDate,Office,Winner,IncumbentStatusofWinner,total_cands_with_writein,Numberofrounds,Totalballotscast,Firstroundactivevotes,Finalroundactivevotes,Firstroundvoteforwinner,Firstroundpercentforwinner,Firstroundplaceforwinner,Finalroundvotesforwinner,Finalroundpercentforwinner,Winnersconsensusvalue,WinnersFinalRoundVotesasPe,Fullyrankedballots,Ballotswith2Rankings,BallotsRankingtheWinner,FirstRoundUndervote,FirstRoundOvervotes,pctfirstroundover,TotalBallotswithOvervotes,InactivebyOvervote,InactivebySkippedRankings,InactivebyAbstention,Inactivebyrankinglimit,TotalInactive,Includesduplicaterankings,Includesskippedrankings,TurnoutPercentpercentofregi,RegisteredVotersinJurisdictio,Condorcetwinner,ComeFromBehindWinner,NumberofRankingsPermitted,BallotStyle,BallotMarkingStyle,VotingEquipmentUsed,Linktofullresults,CVRAvailable,Notes,RaceID,AU,female_cands,male_cands,nonbin_cands,gender_miss_cands,black_cands,hisp_cands,mena_cands,aapi_cands,white_cands,other_cands,minority_cands,num_cands_no_writein,female_cands5,male_cands5,nonbin_cands5,gender_miss_cands5,black_cands5,hisp_cands5,mena_cands5,aapi_cands5,white_cands5,other_cands5,minority_cands5,total_cands5,open_seat,allcands_male,allcands_female,cands_mixed_gender,allcands_male5,allcands_female5,cands_mixed_gender5,special_election,month,gen_election,prim_election,level,record available
Alaska,AK,2022,11/8/2022,State Senate A,"Stedman, Bert K.",Incumbent,2,1,14455,12986,12986,8923,0.68712,1,8923,0.68712,.80564,0.68712,4156,4200,10462,1449.0,6.0,0.000415081286752,8.0,0.0,0.0,0.0,0.0,0,84.0,94.0,,,Y,N,5.0,Grid,Oval,Dominion ImageCast,Link,Y,,Alaska_11082022_SenateDistrictA,,0,2,0,1,0,0,0,0,1,1,1,2,0,2,0,0,0,0,0,0,1,1,1,2,0,1,0,0,1,0,0,0.0,11,1,0,state,yes
Alaska,AK,2022,11/8/2022,State House 34,"Tomaszewski, Frank J.",OpenSeat,3,3,7693,7382,7213,3611,0.48916,1,4013,0.55636,.66093,0.54362,1386,3654,4894,303.0,7.0,0.0009099181073703,10.0,1.0,0.0,168.0,0.0,169,40.0,46.0,,,Y,N,5.0,Grid,Oval,Dominion ImageCast,Link,Y,,Alaska_11082022_HouseDistrict34,,0,3,0,1,0,0,0,0,2,0,0,2,0,3,0,0,0,0,0,0,2,0,0,2,1,1,0,0,1,0,0,0.0,11,1,0,state,yes
Alaska,AK,2022,11/8/2022,State Senate C,"Stevens, Gary",Incumbent,3,1,15836,14041,14041,7898,0.5625,1,7898,0.5625,.7127,0.5625,3434,6195,10020,1767.0,8.0,0.0005051780752715,23.0,0.0,0.0,0.0,0.0,0,88.0,141.0,,,Y,N,5.0,Grid,Oval,Dominion ImageCast,Link,Y,,Alaska_11082022_SenateDistrictC,,0,3,0,1,0,0,0,0,3,0,0,3,0,3,0,0,0,0,0,0,3,0,0,3,0,1,0,0,1,0,0,0.0,11,1,0,state,yes
Alaska,AK,2022,11/8/2022,State House 4,"Hannan, Sara",Incumbent,2,1,7713,6887,6887,5438,0.7896,1,5438,0.7896,.8487,0.7896,1628,1675,5845,812.0,5.0,0.0006482561908466,7.0,0.0,0.0,0.0,0.0,0,19.0,59.0,,,Y,N,5.0,Grid,Oval,Dominion ImageCast,Link,Y,,Alaska_11082022_HouseDistrict4,,1,1,0,1,0,0,0,0,1,1,1,2,1,1,0,0,0,0,0,0,1,1,1,2,0,0,0,1,0,0,1,0.0,11,1,0,state,yes
Alaska,AK,2022,11/8/2022,State House 20,"Gray, Andrew T.",OpenSeat,4,1,5469,5018,5018,2690,0.53607,1,2690,0.53607,.6098,0.53607,969,2721,3255,437.0,8.0,0.0014627902724447,27.0,0.0,0.0,0.0,0.0,0,40.0,135.0,,,Y,N,5.0,Grid,Oval,Dominion ImageCast,Link,Y,,Alaska_11082022_HouseDistrict20,,0,4,0,1,0,0,0,0,4,0,0,4,0,3,0,0,0,0,0,0,3,0,0,3,1,1,0,0,1,0,0,0.0,11,1,0,state,yes
Alaska,AK,2022,11/8/2022,State Senate M,"Hughes, Shelley",Incumbent,2,1,15591,14861,14861,11258,0.75755,1,11258,0.75755,.82686,0.75755,2730,2895,12288,724.0,4.0,0.0002565582707973,6.0,0.0,0.0,0.0,0.0,0,127.0,100.0,,,Y,N,5.0,Grid,Oval,Dominion ImageCast,Link,Y,,Alaska_11082022_SenateDistrictM,,1,1,0,1,0,0,0,0,2,0,0,2,1,1,0,0,0,0,0,0,2,0,0,2,0,0,0,1,0,0,1,0.0,11,1,0,state,yes
Alaska,AK,2022,11/8/2022,State House 21,"Mears, Donna C.",OpenSeat,2,1,7313,7022,7022,3579,0.50968,1,3579,0.50968,.60197,0.50968,1556,1632,4227,283.0,6.0,0.000820456720908,6.0,0.0,0.0,0.0,0.0,0,47.0,57.0,,,Y,N,5.0,Grid,Oval,Dominion ImageCast,Link,Y,,Alaska_11082022_HouseDistrict21,,1,1,0,1,0,0,0,0,2,0,0,2,1,1,0,0,0,0,0,0,2,0,0,2,1,0,0,1,0,0,1,0.0,11,1,0,state,yes
Alaska,AK,2022,11/8/2022,State House 13,"Josephson, Andy",Incumbent,2,1,5790,5539,5539,2909,0.52519,1,2909,0.52519,.62213,0.52519,1320,1386,3446,247.0,3.0,0.0005181347150259,3.0,0.0,0.0,0.0,0.0,0,41.0,48.0,,,Y,N,5.0,Grid,Oval,Dominion ImageCast,Link,Y,,Alaska_11082022_HouseDistrict13,,1,1,0,1,0,0,0,0,2,0,0,2,1,1,0,0,0,0,0,0,2,0,0,2,0,0,0,1,0,0,1,0.0,11,1,0,state,yes
Alaska,AK,2022,11/8/2022,State House 36,"Cronk, Mike",Incumbent,2,1,7952,7483,7483,4890,0.65348,1,4890,0.65348,.74836,0.65348,1553,1627,5600,455.0,5.0,0.0006287726358149,6.0,0.0,0.0,0.0,0.0,0,59.0,67.0,,,Y,N,5.0,Grid,Oval,Dominion ImageCast,Link,Y,,Alaska_11082022_HouseDistrict36,,1,1,0,1,0,0,0,0,1,0,0,1,1,1,0,0,0,0,0,0,1,0,0,1,0,0,0,1,0,0,1,0.0,11,1,0,state,yes
Alaska,AK,2022,11/8/2022,State House 10,"Johnson, Craig W.",OpenSeat,3,1,7153,6815,6815,3505,0.51431,1,3505,0.51431,.66398,0.51431,1383,2788,4537,330.0,3.0,0.0004194044456871,7.0,0.0,0.0,0.0,0.0,0,52.0,55.0,,,Y,N,5.0,Grid,Oval,Dominion ImageCast,Link,Y,,Alaska_11082022_HouseDistrict10,,1,2,0,1,0,0,0,0,3,0,0,3,1,2,0,0,0,0,0,0,3,0,0,3,1,0,0,1,0,0,1,0.0,11,1,0,state,yes
Alaska,AK,2022,11/8/2022,State House 9,"Shaw, Laddie H.",Incumbent,2,1,10284,9830,9830,5326,0.54181,1,5326,0.54181,.64863,0.54181,1884,1978,6376,449.0,4.0,0.000388953714508,5.0,0.0,0.0,0.0,0.0,0,37.0,34.0,,,Y,N,5.0,Grid,Oval,Dominion ImageCast,Link,Y,,Alaska_11082022_HouseDistrict9,,0,2,0,1,0,0,0,0,2,0,0,2,0,2,0,0,0,0,0,0,2,0,0,2,0,1,0,0,1,0,0,0.0,11,1,0,state,yes
Alaska,AK,2022,11/8/2022,State House 15,"McKay, Thomas W. ""Tom""",Incumbent,3,3,7709,7276,6959,2823,0.38799,2,3483,0.5005,.60473,0.4787,1485,3625,4413,422.0,6.0,0.000778311064989,13.0,0.0,0.0,317.0,0.0,317,44.0,75.0,,,Y,Y,5.0,Grid,Oval,Dominion ImageCast,Link,Y,,Alaska_11082022_HouseDistrict15,,0,3,0,1,0,0,0,0,3,0,0,3,0,3,0,0,0,0,0,0,3,0,0,3,0,1,0,0,1,0,0,0.0,11,1,0,state,yes
Alaska,AK,2022,11/8/2022,State Senate H,"Claman, Matt",OpenSeat,2,1,15777,15215,15215,7879,0.51784,1,7879,0.51784,.61078,0.51784,3431,3617,9293,550.0,7.0,0.0004436838435698,9.0,0.0,0.0,0.0,0.0,0,83.0,120.0,,,Y,N,5.0,Grid,Oval,Dominion ImageCast,Link,Y,,Alaska_11082022_SenateDistrictH,,1,1,0,1,0,0,0,0,2,0,0,2,1,1,0,0,0,0,0,0,2,0,0,2,1,0,0,1,0,0,1,0.0,11,1,0,state,yes
Alaska,AK,2022,11/8/2022,State House 7,"Ruffridge, Justin",OpenSeat,2,1,7443,6865,6865,3612,0.52615,1,3612,0.52615,.70969,0.52615,2482,2545,4872,569.0,7.0,0.0009404809888486,9.0,0.0,0.0,0.0,0.0,0,44.0,43.0,,,Y,N,5.0,Grid,Oval,Dominion ImageCast,Link,Y,,Alaska_11082022_HouseDistrict7,,0,2,0,1,0,0,0,0,2,0,0,2,0,2,0,0,0,0,0,0,2,0,0,2,1,1,0,0,1,0,0,0.0,11,1,0,state,yes
Alaska,AK,2022,11/8/2022,State House 6,"Vance, Sarah L.",Incumbent,3,1,9847,9530,9530,4958,0.52025,1,4958,0.52025,.63473,0.52025,1479,3851,6073,310.0,5.0,0.0005077688636133,14.0,0.0,0.0,0.0,0.0,0,48.0,71.0,,,Y,N,5.0,Grid,Oval,Dominion ImageCast,Link,Y,,Alaska_11082022_HouseDistrict6,,2,1,0,1,0,0,0,0,3,0,0,3,1,1,0,0,0,0,0,0,2,0,0,2,0,0,0,1,0,0,1,0.0,11,1,0,state,yes
Alaska,AK,2022,11/8/2022,State House 5,"Stutes, Louise B.",Incumbent,2,1,5989,5392,5392,3286,0.60942,1,3286,0.60942,.75408,0.60942,1737,1764,4066,587.0,5.0,0.0008348639171815,7.0,0.0,0.0,0.0,0.0,0,35.0,53.0,,,Y,N,5.0,Grid,Oval,Dominion ImageCast,Link,Y,,Alaska_11082022_HouseDistrict5,,1,1,0,1,0,0,0,0,2,0,0,2,1,1,0,0,0,0,0,0,2,0,0,2,0,0,0,1,0,0,1,0.0,11,1,0,state,yes
Alaska,AK,2022,11/8/2022,State House 31,"Dibert, Maxine L.",Incumbent,3,3,5330,5080,4663,2477,0.4876,1,2589,0.55522,.6252,0.50965,1287,2784,3182,235.0,9.0,0.0016885553470919,18.0,0.0,1.0,416.0,0.0,417,27.0,113.0,,,Y,N,5.0,Grid,Oval,Dominion ImageCast,Link,Y,,Alaska_11082022_HouseDistrict31,,2,1,0,1,0,0,0,0,2,1,1,3,2,1,0,0,0,0,0,0,2,1,1,3,0,0,0,1,0,0,1,0.0,11,1,0,state,yes
Alaska,AK,2022,11/8/2022,State House 23,"Allard, Jamie",OpenSeat,2,1,8336,7274,7274,4477,0.61548,1,4477,0.61548,.73948,0.61548,2604,2673,5379,1056.0,3.0,0.0003598848368522,3.0,0.0,0.0,0.0,0.0,0,18.0,30.0,,,Y,N,5.0,Grid,Oval,Dominion ImageCast,Link,Y,,Alaska_11082022_HouseDistrict23,,1,1,0,1,0,1,0,0,0,0,1,1,1,1,0,0,0,1,0,0,0,0,1,1,1,0,0,1,0,0,1,0.0,11,1,0,state,yes
Alaska,AK,2022,11/8/2022,Governor / Lt Governor,Dunleavy/Dahlstrom,Incumbent,4,1,266693,264321,264321,132662,0.5019,1,132662,0.5019,.61824,0.5019,47992,177485,177412,1781.0,307.0,0.0011511363252879,811.0,0.0,0.0,0.0,0.0,0,2416.0,4517.0,,,Y,N,5.0,Grid,Oval,Dominion ImageCast,Link,Y,,Alaska_11082022_GovernorLieutenantGovernor,,0,4,0,1,0,0,0,0,3,0,0,3,0,3,0,0,0,0,0,0,2,0,0,2,0,1,0,0,1,0,0,0.0,11,1,0,state,yes
Alaska,AK,2022,11/8/2022,State Senate F,"Kaufman, James D.",OpenSeat,2,1,14964,14316,14316,7806,0.54526,1,7806,0.54526,.65898,0.54526,2993,3120,9434,640.0,3.0,0.0002004811547715,5.0,0.0,0.0,0.0,0.0,0,76.0,96.0,,,Y,N,5.0,Grid,Oval,Dominion ImageCast,Link,Y,,Alaska_11082022_SenateDistrictF,,1,1,0,1,0,0,0,0,2,0,0,2,1,1,0,0,0,0,0,0,2,0,0,2,1,0,0,1,0,0,1,0.0,11,1,0,state,yes
Alaska,AK,2022,11/8/2022,State Senate J,"Dunbar, Forrest",OpenSeat,3,2,9197,8660,8630,4325,0.49942,1,4332,0.50197,.68926,0.50023,2118,5065,5982,510.0,13.0,0.0014135044036099,32.0,1.0,1.0,28.0,0.0,30,64.0,150.0,,,Y,N,5.0,Grid,Oval,Dominion ImageCast,Link,Y,,Alaska_11082022_SenateDistrictJ,,1,2,0,1,0,0,0,0,2,0,0,2,1,2,0,0,0,0,0,0,2,0,0,2,1,0,0,1,0,0,1,0.0,11,1,0,state,yes
Alaska,AK,2022,11/8/2022,State Senate G,"Gray-Jackson, Elvi",Incumbent,2,1,11945,11225,11225,6336,0.56445,1,6336,0.56445,.65007,0.56445,2598,2716,7297,709.0,6.0,0.0005023022185015,7.0,0.0,0.0,0.0,0.0,0,71.0,100.0,,,Y,N,5.0,Grid,Oval,Dominion ImageCast,Link,Y,,Alaska_11082022_SenateDistrictG,,1,1,0,1,2,0,0,0,0,0,2,2,1,1,0,0,2,0,0,0,0,0,2,2,0,0,0,1,0,0,1,0.0,11,1,0,state,yes
Alaska,AK,2022,11/8/2022,US Senate,"Murkowski, Lisa",Incumbent,4,4,266797,263745,253869,113813,0.43153,1,136333,0.53702,.6246,0.51691,47800,170671,172583,2376.0,513.0,0.0019228102265018,1277.0,59.0,104.0,9713.0,0.0,9876,3175.0,8639.0,,,Y,N,5.0,Grid,Oval,Dominion ImageCast,Link,Y,,Alaska_11082022_USSenator,,3,1,0,2,0,0,0,0,4,0,0,4,3,0,0,0,0,0,0,0,3,0,0,3,0,0,0,1,0,1,0,0.0,11,1,0,federal,yes
Alaska,AK,2022,11/8/2022,State House 14,"Galvin, Alyse S.",OpenSeat,2,1,6155,5708,5708,3816,0.66854,1,3816,0.66854,.7302,0.66854,1251,1304,4168,441.0,3.0,0.0004874086108855,4.0,0.0,0.0,0.0,0.0,0,29.0,55.0,,,Y,N,5.0,Grid,Oval,Dominion ImageCast,Link,Y,,Alaska_11082022_HouseDistrict14,,1,1,0,1,0,0,0,0,2,0,0,2,1,1,0,0,0,0,0,0,2,0,0,2,1,0,0,1,0,0,1,0.0,11,1,0,state,yes
Alaska,AK,2022,11/8/2022,State House 29,"Rauscher, George",Incumbent,2,1,8220,7493,7493,5554,0.74123,1,5554,0.74123,.82384,0.74123,1717,1767,6173,725.0,2.0,0.0002433090024331,4.0,0.0,0.0,0.0,0.0,0,62.0,26.0,,,Y,N,5.0,Grid,Oval,Dominion ImageCast,Link,Y,,Alaska_11082022_HouseDistrict29,,0,2,0,1,0,0,0,0,1,0,0,1,0,2,0,0,0,0,0,0,1,0,0,1,0,1,0,0,1,0,0,0.0,11,1,0,state,yes
Alaska,AK,2022,11/8/2022,State House 18,"Groh, Cliff",OpenSeat,3,3,2297,2120,2014,743,0.35047,2,1046,0.51936,.60943,0.4934,560,1151,1296,175.0,2.0,0.000870700914236,5.0,0.0,0.0,106.0,0.0,106,26.0,37.0,,,Y,Y,5.0,Grid,Oval,Dominion ImageCast,Link,Y,,Alaska_11082022_HouseDistrict18,,1,2,0,1,0,0,0,0,3,0,0,3,1,2,0,0,0,0,0,0,3,0,0,3,1,0,0,1,0,0,1,0.0,11,1,0,state,yes
Alaska,AK,2022,11/8/2022,State Senate R,"Bishop, Click",Incumbent,3,1,15830,14669,14669,8317,0.56698,1,8317,0.56698,.75404,0.56698,3427,6827,11075,1135.0,13.0,0.0008212255211624,30.0,0.0,0.0,0.0,0.0,0,91.0,120.0,,,Y,N,5.0,Grid,Oval,Dominion ImageCast,Link,Y,,Alaska_11082022_SenateDistrictR,,0,3,0,1,0,0,0,0,3,0,0,3,0,3,0,0,0,0,0,0,3,0,0,3,0,1,0,0,1,0,0,0.0,11,1,0,state,yes
Alaska,AK,2022,11/8/2022,State Senate N,"Wilson, David S.",Incumbent,3,3,13776,11632,10435,5166,0.44412,1,6124,0.58687,.73332,0.52648,4862,6578,8545,2110.0,20.0,0.001451800232288,46.0,6.0,0.0,1191.0,0.0,1197,108.0,145.0,,,Y,N,5.0,Grid,Oval,Dominion ImageCast,Link,Y,,Alaska_11082022_SenateDistrictN,,0,3,0,1,1,0,0,0,2,0,1,3,0,3,0,0,1,0,0,0,2,0,1,3,0,1,0,0,1,0,0,0.0,11,1,0,state,yes
Alaska,AK,2022,11/8/2022,State House 35,"Carrick, Ashley E.",OpenSeat,4,1,7878,7479,7479,3979,0.53202,1,3979,0.53202,.58083,0.53202,1200,3799,4685,394.0,2.0,0.0002538715410003,12.0,0.0,0.0,0.0,0.0,0,39.0,112.0,,,Y,N,5.0,Grid,Oval,Dominion ImageCast,Link,Y,,Alaska_11082022_HouseDistrict35,,1,3,0,1,0,0,0,0,3,0,0,3,1,2,0,0,0,0,0,0,3,0,0,3,1,0,0,1,0,0,1,0.0,11,1,0,state,yes
Alaska,AK,2022,11/8/2022,State House 12,"Schrage, Calvin R.",Incumbent,2,1,6774,6485,6485,3825,0.58982,1,3825,0.58982,.6650700000000001,0.58982,1509,1569,4313,285.0,1.0,0.0001476232654266,1.0,0.0,0.0,0.0,0.0,0,42.0,40.0,,,Y,N,5.0,Grid,Oval,Dominion ImageCast,Link,Y,,Alaska_11082022_HouseDistrict12,,0,2,0,1,0,0,0,0,2,0,0,2,0,2,0,0,0,0,0,0,2,0,0,2,0,1,0,0,1,0,0,0.0,11,1,0,state,yes
Alaska,AK,2022,11/8/2022,State House 19,"Mina, Genevieve G.",OpenSeat,2,1,3728,3059,3059,2260,0.7388,1,2260,0.7388,.86008,0.7388,1547,1561,2631,647.0,10.0,0.0026824034334764,11.0,0.0,0.0,0.0,0.0,0,12.0,59.0,,,Y,N,5.0,Grid,Oval,Dominion ImageCast,Link,Y,,Alaska_11082022_HouseDistrict19,,1,1,0,1,0,0,0,1,0,0,1,1,1,1,0,0,0,0,0,1,0,0,1,1,1,0,0,1,0,0,1,0.0,11,1,0,state,yes
Alaska,AK,2022,11/8/2022,State House 17,"Fields, William Z. ""Zack""",Incumbent,2,1,6465,5437,5437,3030,0.55729,1,3030,0.55729,.7741400000000001,0.55729,2762,2781,4209,1014.0,6.0,0.0009280742459397,9.0,0.0,0.0,0.0,0.0,0,33.0,52.0,,,Y,N,5.0,Grid,Oval,Dominion ImageCast,Link,Y,,Alaska_11082022_HouseDistrict17,,1,1,0,1,0,0,0,0,2,0,0,2,1,1,0,0,0,0,0,0,2,0,0,2,0,0,0,1,0,0,1,0.0,11,1,0,state,yes
Alaska,AK,2022,11/8/2022,State House 22,"Wright, Stanley A.",OpenSeat,2,1,3964,3780,3780,1917,0.50714,1,1917,0.50714,.6463,0.50714,970,1006,2443,179.0,4.0,0.0010090817356206,5.0,0.0,0.0,0.0,0.0,0,38.0,33.0,,,Y,N,5.0,Grid,Oval,Dominion ImageCast,Link,Y,,Alaska_11082022_HouseDistrict22,,0,2,0,1,1,0,0,0,1,0,1,2,0,2,0,0,1,0,0,0,1,0,1,2,1,1,0,0,1,0,0,0.0,11,1,0,state,yes
Alaska,AK,2022,11/8/2022,State Senate E,"Giessel, Cathy",OpenSeat,3,3,17437,16733,13830,5642,0.33718,1,7881,0.56985,.65105,0.47099,3173,9244,10908,691.0,6.0,0.0003440958880541,14.0,1.0,3.0,2899.0,0.0,2903,90.0,122.0,,,Y,N,5.0,Grid,Oval,Dominion ImageCast,Link,Y,,Alaska_11082022_SenateDistrictE,,2,1,0,1,0,0,0,0,3,0,0,3,2,1,0,0,0,0,0,0,3,0,0,3,1,0,0,1,0,0,1,0.0,11,1,0,state,yes
Alaska,AK,2022,11/8/2022,State Senate P,"Kawasaki, Scott",Incumbent,3,1,8736,8399,8399,4282,0.50982,1,4282,0.50982,.6365,0.50982,2136,4392,5367,317.0,9.0,0.0010302197802198,24.0,0.0,0.0,0.0,0.0,0,36.0,127.0,,,Y,N,5.0,Grid,Oval,Dominion ImageCast,Link,Y,,Alaska_11082022_SenateDistrictP,,0,3,0,1,0,0,0,1,1,0,1,2,0,3,0,0,0,0,0,1,1,0,1,2,0,1,0,0,1,0,0,0.0,11,1,0,state,yes
Alaska,AK,2022,11/8/2022,US House,"Peltola, Mary S.",Incumbent,4,4,266797,265016,249747,128655,0.48546,1,137267,0.54962,.55196,0.51796,49546,177469,156554,1212.0,436.0,0.0016342012841224,1055.0,59.0,102.0,15108.0,0.0,15269,2640.0,6615.0,,,Y,N,5.0,Grid,Oval,Dominion ImageCast,Link,Y,,Alaska_11082022_USRepresentative,,2,2,0,1,0,0,0,0,3,1,1,4,2,1,0,0,0,0,0,0,2,1,1,3,0,0,0,1,0,0,1,0.0,11,1,0,federal,yes
Alaska,AK,2022,11/8/2022,State Senate Q,"Myers, Robert H. Jr.",Incumbent,3,1,13949,13032,13032,8133,0.62408,1,8133,0.62408,.7507700000000001,0.62408,2742,4661,9809,904.0,8.0,0.0005735178148971,18.0,0.0,0.0,0.0,0.0,0,74.0,110.0,,,Y,N,5.0,Grid,Oval,Dominion ImageCast,Link,Y,,Alaska_11082022_SenateDistrictQ,,0,3,0,1,0,0,0,0,3,0,0,3,0,3,0,0,0,0,0,0,3,0,0,3,0,1,0,0,1,0,0,0.0,11,1,0,state,yes
Alaska,AK,2022,11/8/2022,State House 39,"Foster, Neal W.",Incumbent,2,1,3817,3667,3667,1872,0.5105,1,1872,0.5105,.78266,0.5105,1965,1983,2870,137.0,13.0,0.0034058160859314,13.0,0.0,0.0,0.0,0.0,0,34.0,106.0,,,Y,N,5.0,Grid,Oval,Dominion ImageCast,Link,Y,,Alaska_11082022_HouseDistrict39,,0,2,0,1,0,0,0,0,1,1,1,2,0,2,0,0,0,0,0,0,1,1,1,2,0,1,0,0,1,0,0,0.0,11,1,0,state,yes
Alaska,AK,2022,11/8/2022,State Senate I,"Tobin, Loki",OpenSeat,2,1,8762,7574,7574,5020,0.66279,1,5020,0.66279,.75627,0.66279,2115,2181,5728,1172.0,7.0,0.0007989043597352,8.0,0.0,0.0,0.0,0.0,0,57.0,77.0,,,Y,N,5.0,Grid,Oval,Dominion ImageCast,Link,Y,,Alaska_11082022_SenateDistrictI,,2,0,0,1,0,0,0,0,1,1,1,2,2,0,0,0,0,0,0,0,1,1,1,2,1,0,1,0,0,1,0,0.0,11,1,0,state,yes
Alaska,AK,2022,11/8/2022,State House 16,"Armstrong, Jennifer ""Jennie""",OpenSeat,2,1,8068,7704,7704,4244,0.55088,1,4244,0.55088,.64213,0.55088,1597,1690,4947,362.0,0.0,0.0,1.0,0.0,0.0,0.0,0.0,0,35.0,43.0,,,Y,N,5.0,Grid,Oval,Dominion ImageCast,Link,Y,,Alaska_11082022_HouseDistrict16,,2,0,0,1,0,1,0,0,1,0,1,2,2,0,0,0,0,1,0,0,1,0,1,2,1,0,1,0,0,1,0,0.0,11,1,0,state,yes
Alaska,AK,2022,11/8/2022,State House 11,"Coulombe, Julie",OpenSeat,3,3,8190,7687,7243,2984,0.38819,2,3678,0.5078,.6122,0.47847,1533,3750,4718,493.0,4.0,0.0004884004884005,8.0,0.0,2.0,442.0,0.0,444,26.0,78.0,,,Y,Y,5.0,Grid,Oval,Dominion ImageCast,Link,Y,,Alaska_11082022_HouseDistrict11,,1,2,0,1,0,0,0,0,2,0,0,2,1,2,0,0,0,0,0,0,2,0,0,2,1,0,0,1,0,0,1,0.0,11,1,0,state,yes
Alaska,AK,2022,11/8/2022,State House 32,"Stapp, Will B.",OpenSeat,3,1,3406,3180,3180,1634,0.51384,1,1634,0.51384,.74025,0.51384,753,1774,2358,220.0,5.0,0.0014679976512038,7.0,0.0,0.0,0.0,0.0,0,8.0,42.0,,,Y,N,5.0,Grid,Oval,Dominion ImageCast,Link,Y,,Alaska_11082022_HouseDistrict32,,1,2,0,1,0,0,0,0,1,0,0,1,1,2,0,0,0,0,0,0,1,0,0,1,1,0,0,1,0,0,1,0.0,11,1,0,state,yes
Alaska,AK,2022,11/8/2022,State Senate O,"Shower, Michael K.",Incumbent,2,1,16355,14313,14313,7411,0.51778,1,7411,0.51778,.72494,0.51778,5863,5935,10376,2016.0,18.0,0.0011005808621217,20.0,0.0,0.0,0.0,0.0,0,125.0,86.0,,,Y,N,5.0,Grid,Oval,Dominion ImageCast,Link,Y,,Alaska_11082022_SenateDistrictO,,0,2,0,1,0,0,0,0,2,0,0,2,0,2,0,0,0,0,0,0,2,0,0,2,0,1,0,0,1,0,0,0.0,11,1,0,state,yes
Alaska,AK,2022,11/8/2022,State House 27,"Eastman, David",Incumbent,3,1,6678,5630,5630,2879,0.51137,1,2879,0.51137,.7317900000000001,0.51137,2183,3117,4127,1021.0,14.0,0.0020964360587002,20.0,0.0,0.0,0.0,0.0,0,56.0,118.0,,,Y,N,5.0,Grid,Oval,Dominion ImageCast,Link,Y,,Alaska_11082022_HouseDistrict27,,0,3,0,1,0,0,0,0,3,0,0,3,0,3,0,0,0,0,0,0,3,0,0,3,0,1,0,0,1,0,0,0.0,11,1,0,state,yes
Alaska,AK,2022,11/8/2022,State House 2,"Himschoot, Rebecca",OpenSeat,2,1,7567,7140,7140,4164,0.58319,1,4164,0.58319,.67143,0.58319,1611,1644,4794,420.0,1.0,0.0001321527686005,1.0,0.0,0.0,0.0,0.0,0,48.0,50.0,,,Y,N,5.0,Grid,Oval,Dominion ImageCast,Link,Y,,Alaska_11082022_HouseDistrict2,,1,1,0,1,0,0,0,0,2,0,0,2,1,1,0,0,0,0,0,0,2,0,0,2,1,0,0,1,0,0,1,0.0,11,1,0,state,yes
Alaska,AK,2022,11/8/2022,State Senate K,"Wielechowski, Bill",Incumbent,2,1,11277,10829,10829,6276,0.57955,1,6276,0.57955,.65712,0.57955,2565,2671,7116,438.0,7.0,0.0006207324643079,7.0,0.0,0.0,0.0,0.0,0,84.0,104.0,,,Y,N,5.0,Grid,Oval,Dominion ImageCast,Link,Y,,Alaska_11082022_SenateDistrictK,,0,2,0,1,0,0,0,0,2,0,0,2,0,2,0,0,0,0,0,0,2,0,0,2,0,1,0,0,1,0,0,0.0,11,1,0,state,yes
Alaska,AK,2022,11/8/2022,State Senate S,"Hoffman, Lyman F.",Incumbent,2,1,7428,6906,6906,4454,0.64495,1,4454,0.64495,.79699,0.64495,2941,2972,5504,479.0,21.0,0.002827140549273,23.0,0.0,0.0,0.0,0.0,0,45.0,229.0,,,Y,N,5.0,Grid,Oval,Dominion ImageCast,Link,Y,,Alaska_11082022_SenateDistrictS,,0,2,0,1,0,0,0,0,2,0,0,2,0,2,0,0,0,0,0,0,2,0,0,2,0,1,0,0,1,0,0,0.0,11,1,0,state,yes
Alaska,AK,2022,11/8/2022,State House 26,"Tilton, Cathy L.",Incumbent,2,1,7213,6635,6635,5360,0.80784,1,5360,0.80784,.87445,0.80784,1342,1403,5802,575.0,2.0,0.0002772771384999,2.0,0.0,0.0,0.0,0.0,0,54.0,33.0,,,Y,N,5.0,Grid,Oval,Dominion ImageCast,Link,Y,,Alaska_11082022_HouseDistrict26,,1,1,0,1,0,0,0,0,1,1,1,2,1,1,0,0,0,0,0,0,1,1,1,2,0,0,0,1,0,0,1,0.0,11,1,0,state,yes
Alaska,AK,2022,11/8/2022,State House 25,"Johnson, DeLena M.",Incumbent,2,1,8378,7312,7312,5687,0.77776,1,5687,0.77776,.87609,0.77776,2711,2749,6406,1059.0,2.0,0.0002387204583433,2.0,0.0,0.0,0.0,0.0,0,42.0,52.0,,,Y,N,5.0,Grid,Oval,Dominion ImageCast,Link,Y,,Alaska_11082022_HouseDistrict25,,1,1,0,1,0,0,0,0,2,0,0,2,1,1,0,0,0,0,0,0,2,0,0,2,0,0,0,1,0,0,1,0.0,11,1,0,state,yes
Alaska,AK,2022,8/16/2022,US House special election,Mary Peltola,OpenSeat,3,2,192289,189114,177321,74820,0.4,1,91277,0.5148,.592,0.483,55519,137521,137521,,315.0,0.0016381592290771,761.0,48.0,156.0,11589.0,0.0,11793,4097.0,5605.0,,,N - IRV winner differed from Condorcet winner,N,5.0,Grid,Oval,Dominion ImageCast,Link,Y,,Alaska_08162022_HouseofRepresentativesSpecial,,2,1,0,1,0,0,0,0,2,1,1,3,2,1,0,0,0,0,0,0,2,1,1,3,1,0,0,1,0,0,1,1.0,8,0,0,federal,yes
Alaska,AK,2022,11/8/2022,State House 24,"Saddler, Dan",OpenSeat,3,1,7996,7524,7524,3975,0.52831,1,3975,0.52831,.77047,0.52831,1450,4420,5805,460.0,8.0,0.0010005002501251,11.0,0.0,0.0,0.0,0.0,0,51.0,101.0,,,Y,N,5.0,Grid,Oval,Dominion ImageCast,Link,Y,,Alaska_11082022_HouseDistrict24,,1,2,0,1,1,0,0,0,1,0,1,2,1,2,0,0,1,0,0,0,1,0,1,2,1,0,0,1,0,0,1,0.0,11,1,0,state,yes
Alaska,AK,2022,11/8/2022,State House 1,"Ortiz, Daniel H. ""Dan""",Incumbent,2,1,6888,6710,6710,3519,0.52444,1,3519,0.52444,.63323,0.52444,1751,1787,4249,174.0,3.0,0.0004355400696864,3.0,0.0,0.0,0.0,0.0,0,40.0,65.0,,,Y,N,5.0,Grid,Oval,Dominion ImageCast,Link,Y,,Alaska_11082022_HouseDistrict1,,0,2,0,1,0,0,0,0,2,0,0,2,0,2,0,0,0,0,0,0,2,0,0,2,0,1,0,0,1,0,0,0.0,11,1,0,state,yes
Alaska,AK,2022,11/8/2022,State Senate L,"Merrick, Kelly R.",OpenSeat,2,1,16332,14712,14712,8512,0.57858,1,8512,0.57858,.72138,0.57858,5717,5850,10613,1605.0,7.0,0.0004286064168504,12.0,0.0,0.0,0.0,0.0,0,56.0,78.0,,,Y,N,5.0,Grid,Oval,Dominion ImageCast,Link,Y,,Alaska_11082022_SenateDistrictL,,1,1,0,1,0,0,0,0,2,0,0,2,1,1,0,0,0,0,0,0,2,0,0,2,1,0,0,1,0,0,1,0.0,11,1,0,state,yes
Alaska,AK,2022,11/8/2022,State Senate D,"Bjorkman, Jesse J.",OpenSeat,3,3,16236,15274,14198,7035,0.46059,1,7604,0.53557,.70885,0.49784,2727,7640,10833,941.0,15.0,0.0009238728750924,37.0,2.0,1.0,1073.0,0.0,1076,109.0,179.0,,,Y,N,5.0,Grid,Oval,Dominion ImageCast,Link,Y,,Alaska_11082022_SenateDistrictD,,0,3,0,1,0,0,0,0,3,0,0,3,0,3,0,0,0,0,0,0,3,0,0,3,1,1,0,0,1,0,0,0.0,11,1,0,state,yes
Alaska,AK,2022,11/8/2022,State House 28,"Sumner, Jesse M.",OpenSeat,4,4,7098,6004,5056,2199,0.36626,1,3120,0.61709,.64024,0.51965,1855,3567,4126,1075.0,13.0,0.0018315018315018,31.0,2.0,0.0,946.0,0.0,948,74.0,129.0,,,Y,N,5.0,Grid,Oval,Dominion ImageCast,Link,Y,,Alaska_11082022_HouseDistrict28,,2,2,0,1,0,0,0,1,3,0,1,4,2,2,0,0,0,0,0,1,3,0,1,4,1,0,0,1,0,0,1,0.0,11,1,0,state,yes
Alaska,AK,2022,11/8/2022,State House 30,"McCabe, Kevin J.",OpenSeat,3,3,8135,7551,6546,3391,0.44908,1,3662,0.55943,.68269,0.48497,1224,4034,5166,567.0,12.0,0.0014751075599262,25.0,1.0,3.0,1001.0,0.0,1005,79.0,76.0,,,Y,N,5.0,Grid,Oval,Dominion ImageCast,Link,Y,,Alaska_11082022_HouseDistrict30,,1,2,0,1,0,0,0,0,2,0,0,2,1,2,0,0,0,0,0,0,2,0,0,2,1,0,0,1,0,0,1,0.0,11,1,0,state,yes
San Francisco,CA,2004,11/2/2004,Board of Supervisors District 2,Michela Alioto-Pier,Incumbent*,5,1,39462,34488,34488,21118,0.6123289,1,21118,0.6123289,.7682671999999999,0.6123289,18947,23098,26496,4879.0,95.0,0.0024073792509249,202.0,0.0,0.0,0.0,0.0,0,0.0,444.0,0.7928554207184763,49772,Y,N,3.0,Columns,Arrow,Optech IIIP-Eagle/AVC Edge/Optech IV-C,Link,Y,"Incumbent appointed January, 2004",SanFrancisco_11022004_BoardofSupervisorsDistrict2_tab1,,1,4,0,0,0,0,1,0,4,0,1,5,1,3,0,0,0,0,0,0,4,0,0,4,0,0,0,1,0,0,1,1.0,11,1,0,local,yes
San Francisco,CA,2004,11/2/2004,Board of Supervisors District 5,Ross Mirkarimi,OpenSeat,22,20,39255,35109,26111,9947,0.2833177,1,13211,0.5059553,.4697656,0.3762853,28457,31206,16493,3752.0,394.0,0.0100369379696854,560.0,76.0,0.0,2861.0,6061.0,8998,0.0,364.0,0.726191357111144,54056,Y,N,3.0,Columns,Arrow,Optech IIIP-Eagle/AVC Edge/Optech IV-C,Link,Y,,SanFrancisco_11022004_BoardofSupervisorsDistrict5_tab1,,3,19,0,0,5,0,0,0,13,1,6,19,1,4,0,0,1,0,0,0,3,1,2,5,1,0,0,1,0,0,1,0.0,11,1,0,local,yes
San Francisco,CA,2004,11/2/2004,Board of Supervisors District 3,Aaron Peskin,Incumbent,4,1,28317,25905,25905,16177,0.6244740000000001,1,16177,0.6244740000000001,.7965258000000001,0.6244740000000001,15950,18743,20634,2338.0,74.0,0.0026132711798566,143.0,0.0,0.0,0.0,0.0,0,0.0,359.0,0.7137779794313369,39672,Y,N,3.0,Columns,Arrow,Optech IIIP-Eagle/AVC Edge/Optech IV-C,Link,Y,,SanFrancisco_11022004_BoardofSupervisorsDistrict3_tab1,,0,4,0,0,0,0,0,1,3,0,1,4,0,4,0,0,0,0,0,1,3,0,1,4,0,1,0,0,1,0,0,0.0,11,1,0,local,yes
San Francisco,CA,2004,11/2/2004,Board of Supervisors District 9,ToMAmmiano,Incumbent,6,1,26275,24868,24868,12592,0.5063535,1,12592,0.5063535,.7580425,0.5063535,16142,20683,18851,1235.0,172.0,0.006546146527117,283.0,0.0,0.0,0.0,0.0,0,0.0,402.0,0.7186423062195723,36562,Y,N,3.0,Columns,Arrow,Optech IIIP-Eagle/AVC Edge/Optech IV-C,Link,Y,,SanFrancisco_11022004_BoardofSupervisorsDistrict9_tab1,,2,4,0,1,0,4,0,0,2,0,4,6,1,2,0,0,0,2,0,0,1,0,2,3,0,0,0,1,0,0,1,0.0,11,1,0,local,yes
San Francisco,CA,2004,11/2/2004,Board of Supervisors District 7,Sean R Elsbernd,OpenSeat,13,12,34905,31639,24325,10505,0.3320269,1,13834,0.5687153,.526913,0.4372452,22105,26383,16671,3030.0,236.0,0.0067612089958459,348.0,40.0,0.0,2939.0,4335.0,7314,0.0,367.0,0.7748057713651498,45050,Y,N,3.0,Columns,Arrow,Optech IIIP-Eagle/AVC Edge/Optech IV-C,Link,Y,,SanFrancisco_11022004_BoardofSupervisorsDistrict7_tab1,,3,10,0,0,1,1,0,3,8,0,5,13,1,5,0,0,1,1,0,1,3,0,3,6,1,0,0,1,0,0,1,0.0,11,1,0,local,yes
San Francisco,CA,2004,11/2/2004,Board of Supervisors District 11,Gerardo Sandoval,Incumbent,8,7,24902,23176,18307,7477,0.3226182,1,10679,0.5833288000000001,.5335692000000001,0.4607784,16395,18779,12366,1507.0,219.0,0.0087944743394105,340.0,51.0,0.0,2200.0,2618.0,4869,0.0,434.0,0.6782883447280255,36713,Y,N,3.0,Columns,Arrow,Optech IIIP-Eagle/AVC Edge/Optech IV-C,Link,Y,,SanFrancisco_11022004_BoardofSupervisorsDistrict11_tab1,,3,5,0,0,1,3,0,3,0,0,7,7,3,4,0,0,1,3,0,2,0,0,6,6,0,0,0,1,0,0,1,0.0,11,1,0,local,yes
San Francisco,CA,2004,11/5/2004,Board of Supervisors District 1,Jake McGoldrick,Incumbent,7,6,30721,28787,25940,11815,0.4104283,1,14011,0.5401311,.6033626000000001,0.4867128000000001,19860,23292,17369,1778.0,156.0,0.0050779597018326,242.0,19.0,0.0,1336.0,1492.0,2847,0.0,323.0,0.7219637149840196,42552,Y,N,3.0,Columns,Arrow,Optech IIIP-Eagle/AVC Edge/Optech IV-C,Link,Y,,SanFrancisco_11052004_BoardofSupervisorsDistrict1_tab1,,3,4,0,0,0,0,0,2,5,0,2,7,2,3,0,0,0,0,0,2,3,0,2,5,0,0,0,1,0,0,1,0.0,11,1,0,local,yes
San Francisco,CA,2005,11/8/2005,Assessor-Recorder,Phil Ting,Incumbent*,4,3,225370,199224,189314,94062,0.4721419,1,110053,0.5813252,.8119303,0.5524083000000001,101977,132293,161756,25398.0,748.0,0.0033189865554422,1288.0,66.0,0.0,9844.0,0.0,9910,0.0,5735.0,0.5259743139135691,428481,Y,N,3.0,Columns,Arrow,Optech IIIP-Eagle/AVC Edge/Optech IV-C,Link,Y,Incumbent appointed in 2005,SanFrancisco_11082005_AssessorRecorder_tab1,,0,4,0,0,0,1,0,2,0,0,3,3,0,3,0,0,0,1,0,2,0,0,3,3,0,1,0,0,1,0,0,1.0,11,1,0,local,yes
San Francisco,CA,2005,11/8/2005,Treasurer,Jose Cisneros,Incumbent*,4,1,225370,176491,176491,108155,0.6128075,1,108155,0.6128075,.7885388000000001,0.6128075,81831,104826,139170,48271.0,608.0,0.0026977858632471,1083.0,0.0,0.0,0.0,0.0,0,0.0,2456.0,0.5259743139135691,428481,Y,N,3.0,Columns,Arrow,Optech IIIP-Eagle/AVC Edge/Optech IV-C,Link,Y,Incumbent appointed in 2004,SanFrancisco_11082005_Treasurer_tab1,,0,4,0,0,0,1,0,3,0,0,4,4,0,3,0,0,0,1,0,2,0,0,3,3,0,1,0,0,1,0,0,0.0,11,1,0,local,yes
San Francisco,CA,2006,11/7/2006,Board of Supervisors District 4,Ed Jew,OpenSeat,6,6,21985,19814,15975,5184,0.2616332,1,8388,0.5250704,.5294741,0.423337,12343,14986,10491,1970.0,201.0,0.0091425972253809,301.0,42.0,0.0,2869.0,928.0,3839,0.0,512.0,0.5996999454446263,36660,Y,N,3.0,Columns,Arrow,Optech IIIP-Eagle/AVC Edge/Optech IV-C,Link,Y,,SanFrancisco_11072006_BoardofSupervisorsDistrict4_tab1,,1,5,0,1,0,0,0,4,2,0,4,6,1,4,0,0,0,0,0,3,2,0,3,5,1,0,0,1,0,0,1,0.0,11,1,0,local,yes
San Francisco,CA,2006,11/7/2006,Board of Supervisors District 6,Chris Daly,Incumbent,8,5,19915,17941,17646,8746,0.4874868,1,8968,0.5082172,.6071568000000001,0.4998607,7800,10106,10893,1809.0,165.0,0.0082852121516445,258.0,7.0,0.0,236.0,52.0,295,0.0,456.0,0.551371854148786,36119,Y,N,3.0,Columns,Arrow,Optech IIIP-Eagle/AVC Edge/Optech IV-C,Link,Y,,SanFrancisco_11072006_BoardofSupervisorsDistrict6_tab1,,0,8,0,0,1,2,0,0,4,0,3,7,0,2,0,0,0,0,0,0,2,0,0,2,0,1,0,0,1,0,0,0.0,11,1,0,local,yes
San Francisco,CA,2006,11/7/2006,Board of Supervisors District 10,Sophie Maxwell,Incumbent,7,1,16703,14322,14322,7997,0.5583717,1,7997,0.5583717,.7174276999999999,0.5583717,6765,8883,10275,2212.0,169.0,0.0101179428845118,246.0,0.0,0.0,0.0,0.0,0,0.0,464.0,0.4907306754414314,34037,Y,N,3.0,Columns,Arrow,Optech IIIP-Eagle/AVC Edge/Optech IV-C,Link,Y,,SanFrancisco_11072006_BoardofSupervisorsDistrict10_tab1,,4,3,0,0,6,0,0,0,1,0,6,7,3,2,0,0,4,0,0,0,1,0,4,5,0,0,0,1,0,0,1,0.0,11,1,0,local,yes
San Francisco,CA,2006,11/7/2006,Board of Supervisors District 8,Bevan Dufty,Incumbent,3,1,35117,31715,31715,20924,0.6597508999999999,1,20924,0.6597508999999999,.8449945,0.6597508999999999,8807,17096,26799,3359.0,43.0,0.0012244781729647,118.0,0.0,0.0,0.0,0.0,0,0.0,845.0,0.6978320052461101,50323,Y,N,3.0,Columns,Arrow,Optech IIIP-Eagle/AVC Edge/Optech IV-C,Link,Y,,SanFrancisco_11072006_BoardofSupervisorsDistrict8_tab1,,1,2,0,1,0,0,0,0,3,0,0,3,1,1,0,0,0,0,0,0,2,0,0,2,0,0,0,1,0,0,1,0.0,11,1,0,local,yes
San Francisco,CA,2006,11/7/2006,Board of Supervisors District 2,Michela Alioto-Pier,Incumbent,2,1,26186,20910,20910,16707,0.7989957,1,16707,0.7989957,.8678144000000001,0.7989957,4993,5169,18146,5248.0,28.0,0.0010692736576797,49.0,0.0,0.0,0.0,0.0,0,0.0,767.0,0.6119940170141162,42788,Y,N,3.0,Columns,Arrow,Optech IIIP-Eagle/AVC Edge/Optech IV-C,Link,Y,,SanFrancisco_11072006_BoardofSupervisorsDistrict2_tab1,,2,0,0,1,0,1,0,0,1,0,1,2,2,0,0,0,0,1,0,0,1,0,1,2,0,0,1,0,0,1,0,0.0,11,1,0,local,yes
San Francisco,CA,2007,11/6/2007,Mayor,Gavin Newsom,Incumbent,12,1,149465,144730,144730,106395,0.7351274999999999,1,106395,0.7351274999999999,.809763,0.7351274999999999,48481,65841,117197,4236.0,499.0,0.0033385742481517,866.0,0.0,0.0,0.0,0.0,0,0.0,2911.0,0.3562099914680242,419598,Y,N,3.0,Columns,Arrow,Optech IIIP-Eagle/AVC Edge/Optech IV-C,Link,Y,,SanFrancisco_11062007_Mayor_tab1,,2,9,1,1,2,0,0,1,9,0,3,12,1,3,0,0,0,0,0,1,3,0,1,4,0,0,0,1,0,0,1,0.0,11,1,0,local,yes
San Francisco,CA,2008,11/4/2008,Board of Supervisors District 7,Sean R Elsbernd,Incumbent,3,1,36669,31165,31165,22105,0.7092892999999999,1,22105,0.7092892999999999,.9112144999999999,0.7092892999999999,14545,17166,28398,5451.0,53.0,0.0014453625678366,102.0,0.0,0.0,0.0,0.0,0,4672.0,234.0,0.8088095815779606,45337,Y,N,3.0,Columns,Arrow,Optech IIIP-Eagle/AVC Edge/Optech IV-C,Link,Y,,SanFrancisco_11042008_BoardofSupervisorsDistrict7_tab1,,0,3,0,1,0,0,0,0,3,0,0,3,0,3,0,0,0,0,0,0,3,0,0,3,0,1,0,0,1,0,0,0.0,11,1,0,local,yes
San Francisco,CA,2008,11/4/2008,Board of Supervisors District 5,Ross Mirkarimi,Incumbent,3,1,41175,35659,35659,27564,0.7729886,1,27564,0.7729886,.9266945,0.7729886,17890,21612,33045,5412.0,104.0,0.0025258044930176,177.0,0.0,0.0,0.0,0.0,0,4424.0,224.0,0.7966836290463015,51683,Y,N,3.0,Columns,Arrow,Optech IIIP-Eagle/AVC Edge/Optech IV-C,Link,Y,,SanFrancisco_11042008_BoardofSupervisorsDistrict5_tab1,,0,3,0,1,0,0,0,0,2,1,1,3,0,3,0,0,0,0,0,0,2,1,1,3,0,1,0,0,1,0,0,0.0,11,1,0,local,yes
San Francisco,CA,2008,11/4/2008,Board of Supervisors District 9,David Campos,OpenSeat,7,7,28884,26486,23474,9468,0.3574719000000001,1,12637,0.5383403,.7314053,0.47712,19552,22521,19372,2085.0,313.0,0.0108364492452569,407.0,39.0,0.0,1234.0,1739.0,3012,2161.0,170.0,0.7927107061503417,36437,Y,N,3.0,Columns,Arrow,Optech IIIP-Eagle/AVC Edge/Optech IV-C,Link,Y,,SanFrancisco_11042008_BoardofSupervisorsDistrict9_tab1,,1,6,0,1,0,4,0,0,3,0,4,7,1,3,0,0,0,4,0,0,0,0,4,4,1,0,0,1,0,0,1,0.0,11,1,0,local,yes
San Francisco,CA,2008,11/4/2008,Board of Supervisors District 3,David Chiu,OpenSeat,9,9,30086,27198,22875,10270,0.3776013,1,13582,0.5937486,.5820649,0.499375,18954,22578,15831,2604.0,284.0,0.0094396064614771,370.0,32.0,0.0,1373.0,2918.0,4323,1892.0,209.0,0.7731010381334156,38916,Y,N,3.0,Columns,Arrow,Optech IIIP-Eagle/AVC Edge/Optech IV-C,Link,Y,,SanFrancisco_11042008_BoardofSupervisorsDistrict3_tab1,,4,5,0,1,0,0,0,3,6,0,3,9,2,2,0,0,0,0,0,2,2,0,2,4,1,0,0,1,0,0,1,0.0,11,1,0,local,yes
San Francisco,CA,2008,11/4/2008,Board of Supervisors District 11,John Avalos,OpenSeat,9,9,26909,24673,19317,6964,0.2822519,1,10225,0.5293265,.5164350000000001,0.4144206,16487,19538,12742,1826.0,410.0,0.0152365379612769,552.0,62.0,0.0,1742.0,3552.0,5356,3168.0,236.0,0.7457528476013635,36083,Y,N,3.0,Columns,Arrow,Optech IIIP-Eagle/AVC Edge/Optech IV-C,Link,Y,,SanFrancisco_11042008_BoardofSupervisorsDistrict11_tab1,,2,7,0,1,1,3,1,1,1,1,7,8,1,4,0,0,0,2,1,1,0,1,5,5,1,0,0,1,0,0,1,0.0,11,1,0,local,yes
San Francisco,CA,2008,11/4/2008,Board of Supervisors District 1,Eric Mar,OpenSeat,9,9,31694,28756,25957,11649,0.4050981,1,13152,0.5066841,.5998748,0.4573654,16762,21640,17250,2696.0,242.0,0.0076355146084432,332.0,18.0,0.0,861.0,1920.0,2799,2311.0,131.0,0.7839616107648165,40428,Y,N,3.0,Columns,Arrow,Optech IIIP-Eagle/AVC Edge/Optech IV-C,Link,Y,,SanFrancisco_11042008_BoardofSupervisorsDistrict1_tab1,,2,7,0,1,0,0,0,4,4,1,5,9,2,1,0,0,0,0,0,3,0,0,3,3,1,0,0,1,0,0,1,0.0,11,1,0,local,yes
San Francisco,CA,2008,11/4/2008,Board of Supervisors District 4,Carmen Chu,Incumbent*,3,1,31628,29439,29439,15405,0.5232854,1,15405,0.5232854,.8136146,0.5232854,15331,20079,23952,2106.0,83.0,0.0026242569874794,150.0,0.0,0.0,0.0,0.0,0,4160.0,191.0,0.7731684063852152,40907,Y,N,3.0,Columns,Arrow,Optech IIIP-Eagle/AVC Edge/Optech IV-C,Link,Y,"Incumbent appointed September, 2007",SanFrancisco_11042008_BoardofSupervisorsDistrict4_tab1,,1,2,0,1,0,0,0,1,2,0,1,3,1,2,0,0,0,0,0,1,2,0,1,3,0,0,0,1,0,0,1,0.0,11,1,0,local,yes
Oakland,CA,2010,11/2/2010,City Council District 6,Desley Brooks,Incumbent,3,1,14040,12911,12911,8282,0.6414685,1,8282,0.6414685,.8593447000000001,0.6414685,7187,9056,11095,1117.0,12.0,0.0008547008547009,64.0,0.0,0.0,0.0,0.0,0,2136.0,128.0,0.5456453305351522,25731,Y,N,3.0,Columns,Arrow,Optech Insight/AVC Edge/Optech 400C,Link,Y,,Oakland_11022010_CityCouncilDistrict6_tab1,,2,1,0,1,1,1,0,0,1,0,2,3,2,1,0,0,1,1,0,0,1,0,2,3,0,0,0,1,0,0,1,0.0,11,1,0,local,yes
Oakland,CA,2010,11/2/2010,School Director District 6,Christopher Dobbins,Incumbent,1,1,14040,10165,10165,9908,0.9747172,1,9908,0.9747172,.9810133000000001,0.9747172,9970,825,9972,3868.0,7.0,0.0004985754985755,15.0,0.0,0.0,0.0,0.0,0,3234.0,91.0,0.5456453305351522,25731,Y,N,3.0,Columns,Arrow,Optech Insight/AVC Edge/Optech 400C,Link,Y,,Oakland_11022010_SchoolDirectorDistrict6_tab1,,0,1,0,1,0,0,0,0,1,0,0,1,0,1,0,0,0,0,0,0,1,0,0,1,0,1,0,0,1,0,0,0.0,11,1,0,local,yes
San Francisco,CA,2010,11/2/2010,Board of Supervisors District 6,Jane Kim,OpenSeat,14,14,25057,21086,16393,6621,0.3139998,1,8865,0.5407796,.5703785,0.4204211,12714,15503,12027,3614.0,357.0,0.0142475156642854,438.0,29.0,0.0,1553.0,3111.0,4693,3024.0,158.0,0.5449306250271846,45982,Y,N,3.0,Columns,Arrow,Optech IIIP-Eagle/AVC Edge/Optech IV-C,Link,Y,,SanFrancisco_11022010_BoardofSupervisorsDistrict6_tab1,,4,10,0,1,2,1,0,2,8,0,5,13,3,0,0,0,0,0,0,1,2,0,1,3,1,0,0,1,0,1,0,0.0,11,1,0,local,yes
Oakland,CA,2010,11/2/2010,School Director District 4,Gary D. Yee,Incumbent,2,1,23884,18997,18997,13043,0.6865821,1,13043,0.6865821,.8733484,0.6865821,10483,10738,16591,4871.0,16.0,0.0006699045386032,40.0,0.0,0.0,0.0,0.0,0,2668.0,92.0,0.6859867306200994,34817,Y,N,3.0,Columns,Arrow,Optech Insight/AVC Edge/Optech 400C,Link,Y,,Oakland_11022010_SchoolDirectorDistrict4_tab1,,0,2,0,1,0,0,0,1,1,0,1,2,0,2,0,0,0,0,0,1,1,0,1,2,0,1,0,0,1,0,0,0.0,11,1,0,local,yes
Oakland,CA,2010,11/2/2010,City Council District 2,Patricia Kernighan,Incumbent,2,1,15243,13633,13633,8954,0.6567887,1,8954,0.6567887,.8299714,0.6567887,6946,7190,11315,1599.0,11.0,0.0007216427212491,38.0,0.0,0.0,0.0,0.0,0,2492.0,158.0,0.6022282801943819,25311,Y,N,3.0,Columns,Arrow,Optech Insight/AVC Edge/Optech 400C,Link,Y,,Oakland_11022010_CityCouncilDistrict2_tab1,,2,0,0,1,0,0,0,1,1,0,1,2,2,0,0,0,0,0,0,1,1,0,1,2,0,0,1,0,0,1,0,0.0,11,1,0,local,yes
San Leandro,CA,2010,11/2/2010,Mayor,Stephen H. Cassidy,Challenger,6,6,23494,22484,20322,7908,0.3517168000000001,2,10277,0.5057081,.6489059,0.4570806000000001,13636,16959,14590,955.0,55.0,0.0023410232399762,179.0,28.0,0.0,1229.0,905.0,2162,2667.0,137.0,0.5811031412317585,40430,Y,Y,3.0,Columns,Arrow,Optech IIIP-Eagle/AVC Edge/Optech IV-C,Link,Y,,SanLeandro_11022010_Mayor_tab1,,2,4,0,1,0,0,0,0,6,0,0,6,1,2,0,0,0,0,0,0,3,0,0,3,0,0,0,1,0,0,1,0.0,11,1,0,local,yes
San Francisco,CA,2010,11/2/2010,Board of Supervisors District 2,Mark E. Farrell,OpenSeat,6,6,28911,24094,22594,9700,0.4025899,2,11426,0.5057095,.6067486000000001,0.4742259,10211,14678,14619,4731.0,86.0,0.0029746463283871,151.0,11.0,0.0,693.0,796.0,1500,4217.0,111.0,0.6236329515304472,46359,Y,Y,3.0,Columns,Arrow,Optech IIIP-Eagle/AVC Edge/Optech IV-C,Link,Y,,SanFrancisco_11022010_BoardofSupervisorsDistrict2_tab1,,4,2,0,1,1,1,0,0,4,0,2,6,2,2,0,0,1,0,0,0,3,0,1,4,1,0,0,1,0,0,1,0.0,11,1,0,local,yes
San Leandro,CA,2010,11/2/2010,County Council District 3,Diana Souza,Incumbent,1,1,23494,17691,17691,17183,0.9712848,1,17183,0.9712848,.9793115,0.9712848,17323,1389,17325,5780.0,23.0,0.0009789733548991,33.0,0.0,0.0,0.0,0.0,0,5020.0,343.0,0.5811031412317585,40430,Y,N,3.0,Columns,Arrow,Optech IIIP-Eagle/AVC Edge/Optech IV-C,Link,Y,,SanLeandro_11022010_CountyCouncilDistrict3_tab1,,1,0,0,1,0,0,0,0,1,0,0,1,1,0,0,0,0,0,0,0,1,0,0,1,0,0,1,0,0,1,0,0.0,11,1,0,local,yes
Oakland,CA,2010,11/2/2010,City Auditor,Courtney Ruby,Incumbent,2,1,122268,97625,97625,65335,0.6692446,1,65335,0.6692446,.8773265000000001,0.6692446,56844,58495,85649,24521.0,122.0,0.0009978080936958,363.0,0.0,0.0,0.0,0.0,0,21148.0,1166.0,0.6009170930215414,203469,Y,N,3.0,Columns,Arrow,Optech Insight/AVC Edge/Optech 400C,Link,Y,,Oakland_11022010_CityAuditor_tab1,,1,1,0,1,0,0,0,0,2,0,0,2,1,1,0,0,0,0,0,0,2,0,0,2,0,0,0,1,0,0,1,0.0,11,1,0,local,yes
Berkeley,CA,2010,11/2/2010,City Council District 1,Linda Maio,Incumbent,4,1,6426,5700,5700,3735,0.6552632,1,3735,0.6552632,.8394737000000001,0.6552632,2651,3620,4785,719.0,7.0,0.0010893246187364,24.0,0.0,0.0,0.0,0.0,0,518.0,36.0,0.6804320203303685,9444,Y,N,3.0,Columns,Arrow,Optech Insight/AVC Edge/Optech 400C,Link,Y,,Berkeley_11022010_CityCouncilDistrict1_tab1,,2,2,0,1,0,0,0,0,4,0,0,4,2,1,0,0,0,0,0,0,3,0,0,3,0,0,0,1,0,0,1,0.0,11,1,0,local,yes
Berkeley,CA,2010,11/2/2010,City Auditor,Ann-Marie Hogan,Incumbent,1,1,45986,32145,32145,31428,0.9776948,1,31428,0.9776948,.9833878,0.9776948,31603,913,31611,13819.0,22.0,0.0004784064715348,40.0,0.0,0.0,0.0,0.0,0,9012.0,498.0,0.5848329539240249,78631,Y,N,3.0,Columns,Arrow,Optech Insight/AVC Edge/Optech 400C,Link,Y,,Berkeley_11022010_CityAuditor_tab1,,1,0,0,1,0,0,0,0,1,0,0,1,1,0,0,0,0,0,0,0,1,0,0,1,0,0,1,0,0,1,0,0.0,11,1,0,local,yes
Berkeley,CA,2010,11/2/2010,City Council District 4,Jesse Arreguin,Incumbent,4,1,5708,4759,4759,2544,0.5345661,1,2544,0.5345661,.7699096000000001,0.5345661,2510,3425,3664,940.0,9.0,0.0015767344078486,22.0,0.0,0.0,0.0,0.0,0,341.0,38.0,0.5774405665149216,9885,Y,N,3.0,Columns,Arrow,Optech Insight/AVC Edge/Optech 400C,Link,Y,,Berkeley_11022010_CityCouncilDistrict4_tab1,,0,4,0,1,0,1,0,0,3,0,1,4,0,3,0,0,0,1,0,0,2,0,1,3,0,1,0,0,1,0,0,0.0,11,1,0,local,yes
San Leandro,CA,2010,11/2/2010,County Council District 1,Michael J. Gregory,Incumbent,3,1,23494,20044,20044,13030,0.6500698,1,13030,0.6500698,.8369088000000001,0.6500698,1447,11641,16775,3416.0,34.0,0.0014471780028944,83.0,0.0,0.0,0.0,0.0,0,4237.0,208.0,0.5811031412317585,40430,Y,N,3.0,Columns,Arrow,Optech IIIP-Eagle/AVC Edge/Optech IV-C,Link,Y,,SanLeandro_11022010_CountyCouncilDistrict1_tab1,,1,2,0,1,1,0,0,0,2,0,1,3,0,2,0,0,1,0,0,0,1,0,1,2,0,0,0,1,1,0,0,0.0,11,1,0,local,yes
San Francisco,CA,2010,11/2/2010,Board of Supervisors District 8,Scott Wiener,OpenSeat,4,4,38551,34950,32926,14813,0.423834,1,18239,0.5539391,.7113019,0.5218598,16984,25310,24860,3522.0,79.0,0.0020492334829187,146.0,15.0,0.0,2009.0,0.0,2024,5050.0,111.0,0.7158827134129357,53851,Y,N,3.0,Columns,Arrow,Optech IIIP-Eagle/AVC Edge/Optech IV-C,Link,Y,,SanFrancisco_11022010_BoardofSupervisorsDistrict8_tab1,,1,3,0,1,0,1,0,0,3,0,1,4,1,3,0,0,0,1,0,0,3,0,1,4,1,0,0,1,0,0,1,0.0,11,1,0,local,yes
Oakland,CA,2010,11/2/2010,School Director District 2,David Kakishiba,Incumbent,1,1,15243,10124,10124,9892,0.9770842,1,9892,0.9770842,.9829119000000001,0.9770842,9951,776,9951,5114.0,5.0,0.0003280194187496,17.0,0.0,0.0,0.0,0.0,0,2309.0,81.0,0.6022282801943819,25311,Y,N,3.0,Columns,Arrow,Optech Insight/AVC Edge/Optech 400C,Link,Y,,Oakland_11022010_SchoolDirectorDistrict2_tab1,,0,1,0,1,0,0,0,1,0,0,1,1,0,1,0,0,0,0,0,1,0,0,1,1,0,1,0,0,1,0,0,0.0,11,1,0,local,yes
Oakland,CA,2010,11/2/2010,Mayor,Jean Quan,OpenSeat,10,10,122268,119607,105769,29266,0.2446847,2,53897,0.5095727,.6258831,0.4506174,86361,102560,74860,2306.0,355.0,0.0029034579775575,1067.0,171.0,0.0,4522.0,9145.0,13838,9862.0,481.0,0.6009170930215414,203469,Y,Y,3.0,Columns,Arrow,Optech Insight/AVC Edge/Optech 400C,Link,Y,,Oakland_11022010_Mayor_tab1,,3,7,0,1,3,0,0,1,6,0,4,10,2,2,0,0,0,0,0,1,3,0,1,4,1,0,0,1,0,0,1,0.0,11,1,0,local,yes
Berkeley,CA,2010,11/2/2010,City Council District 7,Kriss Worthington,Incumbent,3,2,4862,4184,4167,2078,0.4966539,1,2086,0.5006,.8613767,0.498566,2523,3330,3604,673.0,5.0,0.0010283833813246,18.0,0.0,0.0,17.0,0.0,17,262.0,16.0,0.4682654338823076,10383,Y,N,3.0,Columns,Arrow,Optech Insight/AVC Edge/Optech 400C,Link,Y,,Berkeley_11022010_CityCouncilDistrict7_tab1,,1,2,0,1,0,0,0,1,2,0,1,3,1,2,0,0,0,0,0,1,2,0,1,3,0,0,0,1,0,0,1,0.0,11,1,0,local,yes
San Francisco,CA,2010,11/2/2010,Board of Supervisors District 10,Malia Cohen,OpenSeat,21,21,20550,17808,8200,2097,0.1177561,3,4321,0.5269512000000001,.2597709,0.2426438,11063,13776,4626,2242.0,500.0,0.024330900243309,633.0,105.0,0.0,2682.0,6821.0,9608,2950.0,166.0,0.516383556136295,39796,Y,Y,3.0,Columns,Arrow,Optech IIIP-Eagle/AVC Edge/Optech IV-C,Link,Y,,SanFrancisco_11022010_BoardofSupervisorsDistrict10_tab1,,11,10,0,1,12,0,0,1,6,0,13,19,4,4,0,0,4,0,0,1,3,0,5,8,1,0,0,1,0,0,1,0.0,11,1,0,local,yes
San Leandro,CA,2010,11/2/2010,County Council District 5,Pauline Russo Cutter,OpenSeat,2,1,23494,20292,20292,10784,0.531441,1,10784,0.531441,.7825251,0.531441,11350,11617,15879,3161.0,41.0,0.001745126415255,86.0,0.0,0.0,0.0,0.0,0,4155.0,305.0,0.5811031412317585,40430,Y,N,3.0,Columns,Arrow,Optech IIIP-Eagle/AVC Edge/Optech IV-C,Link,Y,,SanLeandro_11022010_CountyCouncilDistrict5_tab1,,2,0,0,1,0,1,0,0,1,0,1,2,2,0,0,0,0,1,0,0,1,0,1,2,1,0,1,0,0,1,0,0.0,11,1,0,local,yes
Oakland,CA,2010,11/2/2010,City Council District 4,Libby Schaaf,OpenSeat,7,6,23884,20994,19671,8756,0.4170715,1,10439,0.5306797000000001,.6773364,0.4972373000000001,13499,16997,14220,2844.0,46.0,0.0019259755484843,113.0,14.0,0.0,738.0,571.0,1323,1320.0,111.0,0.6859867306200994,34817,Y,N,3.0,Columns,Arrow,Optech Insight/AVC Edge/Optech 400C,Link,Y,,Oakland_11022010_CityCouncilDistrict4_tab1,,4,3,0,1,3,0,0,0,4,0,3,7,3,2,0,0,2,0,0,0,3,0,2,5,1,0,0,1,0,0,1,0.0,11,1,0,local,yes
Berkeley,CA,2010,11/2/2010,City Council District 8,Gordon Wozniak,Incumbent,3,1,5333,4601,4601,2806,0.6098674,1,2806,0.6098674,.8448163,0.6098674,2361,3431,3887,726.0,6.0,0.0011250703168948,18.0,0.0,0.0,0.0,0.0,0,290.0,19.0,0.4985976065818998,10696,Y,N,3.0,Columns,Arrow,Optech Insight/AVC Edge/Optech 400C,Link,Y,,Berkeley_11022010_CityCouncilDistrict8_tab1,,1,2,0,1,0,0,0,0,3,0,0,3,1,2,0,0,0,0,0,0,3,0,0,3,0,0,0,1,0,0,1,0.0,11,1,0,local,yes
San Francisco,CA,2011,11/8/2011,Sheriff,Ross Mirkarmi,OpenSeat,4,3,197242,183233,161729,70457,0.3845213,1,86592,0.5354142000000001,.6292153,0.4725786,76997,113348,115293,13631.0,378.0,0.0019164275357175,657.0,93.0,0.0,21411.0,0.0,21504,12970.0,1174.0,0.4247426676428787,464380,Y,N,3.0,Columns,Arrow,Optech IIIP-Eagle/AVC Edge/Optech IV-C,Link,Y,,SanFrancisco_11082011_Sheriff_tab1,,0,4,0,0,0,0,0,2,1,1,3,4,0,4,0,0,0,0,0,2,1,1,3,4,1,1,0,0,1,0,0,0.0,11,1,0,local,yes
San Francisco,CA,2011,11/8/2011,Mayor,Ed Lee,Incumbent*,16,16,197242,194418,141617,59775,0.3074561,1,84457,0.5963761000000001,.4605798,0.4344094,141590,163919,89545,2004.0,820.0,0.004157329574837,1383.0,277.0,0.0,15811.0,36713.0,52801,10124.0,725.0,0.4247426676428787,464380,Y,N,3.0,Columns,Arrow,Optech IIIP-Eagle/AVC Edge/Optech IV-C,Link,Y,"Incumbent appointed January, 2011",SanFrancisco_11082011_Mayor_tab1,,4,12,0,1,0,3,0,6,7,0,9,16,0,6,0,0,0,2,0,4,0,0,6,6,0,0,0,1,1,0,0,0.0,11,1,0,local,yes
San Francisco,CA,2011,11/8/2011,District Attorney,George Gascon,Incumbent*,5,4,197242,183487,161001,76236,0.4154845,1,100245,0.6226359,.6197714,0.546333,95318,135011,113720,13196.0,559.0,0.0028340819906511,935.0,123.0,0.0,16017.0,6346.0,22486,11481.0,989.0,0.4247426676428787,464380,Y,N,3.0,Columns,Arrow,Optech IIIP-Eagle/AVC Edge/Optech IV-C,Link,Y,"Incumbent appointed January, 2011",SanFrancisco_11082011_DistrictAttorney_tab1,,1,4,0,0,0,1,1,1,2,0,3,5,1,3,0,0,0,1,1,0,2,0,2,4,0,0,0,1,0,0,1,0.0,11,1,0,local,yes
Oakland,CA,2012,11/6/2012,School Director District 3,Jumoke Hinton Hodge,Incumbent,3,3,26761,20716,19211,9694,0.4679475,1,11725,0.6103274,.7891485,0.5659876,10481,14006,16348,6008.0,37.0,0.0013826090205897,90.0,10.0,0.0,1495.0,0.0,1505,5238.0,140.0,0.7135695811001787,37503,Y,N,3.0,Columns,Arrow,Optech Insight/AVC Edge/Optech 400C,Link,Y,,Oakland_11062012_SchoolDirectorDistrict3_tab1,,1,2,0,1,1,1,0,0,1,0,2,3,1,2,0,0,1,1,0,0,1,0,2,3,0,0,0,1,0,0,1,0.0,11,1,0,local,yes
Oakland,CA,2012,11/6/2012,City Council District 5,Noel Gallo,OpenSeat,4,4,13482,11292,10460,4633,0.4102905,1,5716,0.5464627000000001,.6822529000000001,0.5061991,5737,7628,7704,2124.0,66.0,0.0048954161103694,123.0,17.0,0.0,815.0,0.0,832,2967.0,54.0,0.6841918294849023,19705,Y,N,3.0,Columns,Arrow,Optech Insight/AVC Edge/Optech 400C,Link,Y,,Oakland_11062012_CityCouncilDistrict5_tab1,,2,2,0,1,0,3,0,0,1,0,3,4,2,2,0,0,0,3,0,0,1,0,3,4,1,0,0,1,0,0,1,0.0,11,1,0,local,yes
Oakland,CA,2012,11/6/2012,School Director District 1,Jody London,Incumbent,2,1,34180,26314,26314,19840,0.7539713,1,19840,0.7539713,.8634187,0.7539713,11447,11774,22720,7837.0,29.0,0.0008484493856056,50.0,0.0,0.0,0.0,0.0,0,8342.0,195.0,0.7828138240615624,43663,Y,N,3.0,Columns,Arrow,Optech Insight/AVC Edge/Optech 400C,Link,Y,,Oakland_11062012_SchoolDirectorDistrict1_tab1,,2,0,0,1,1,0,0,0,1,0,1,2,2,0,0,0,1,0,0,0,1,0,1,2,0,0,1,0,0,1,0,0.0,11,1,0,local,yes
Berkeley,CA,2012,11/6/2012,City Council District 3,Max Anderson,Incumbent,2,1,6524,5186,5186,3130,0.603548,1,3130,0.603548,.7601234,0.603548,2102,2168,3942,1332.0,6.0,0.0009196811771919,13.0,0.0,0.0,0.0,0.0,0,1993.0,38.0,0.6814288698558596,9574,Y,N,3.0,Columns,Arrow,Optech Insight/AVC Edge/Optech 400C,Link,Y,,Berkeley_11062012_CityCouncilDistrict3_tab1,,0,2,0,1,1,0,0,0,1,0,1,2,0,2,0,0,1,0,0,0,1,0,1,2,0,1,0,0,1,0,0,0.0,11,1,0,local,yes
San Francisco,CA,2012,11/6/2012,Board of Supervisors District 7,Norman Yee,OpenSeat,9,8,35351,31385,24878,9182,0.2925601,1,12505,0.5026529,.5335351,0.3984387,20756,25338,16745,3785.0,181.0,0.0051200814686996,251.0,24.0,0.0,2593.0,3890.0,6507,1737.0,174.0,0.7490253411306043,47196,Y,N,3.0,Columns,Arrow,Optech IIIP-Eagle/AVC Edge/Optech IV-C,Link,Y,,SanFrancisco_11062012_BoardofSupervisorsDistrict7_tab1,,1,8,0,0,0,1,0,1,6,0,2,8,0,4,0,0,0,1,0,1,2,0,2,4,1,0,0,1,1,0,0,0.0,11,1,0,local,yes
Berkeley,CA,2012,11/6/2012,City Council District 6,Susan Wengraf,Incumbent,2,1,7943,5977,5977,5601,0.9370922,1,5601,0.9370922,.9471307,0.9370922,81,172,5661,1957.0,9.0,0.0011330731461664,10.0,0.0,0.0,0.0,0.0,0,2220.0,38.0,0.7767455505574027,10226,Y,N,3.0,Columns,Arrow,Optech Insight/AVC Edge/Optech 400C,Link,Y,,Berkeley_11062012_CityCouncilDistrict6_tab1,,2,0,0,1,0,0,0,0,2,0,0,2,1,0,0,0,0,0,0,0,1,0,0,1,0,0,1,0,0,1,0,0.0,11,1,0,local,yes
Oakland,CA,2012,11/6/2012,City Council AL,Rebecca Kaplan,Incumbent,5,5,156832,144520,130057,65041,0.4500484,1,78941,0.6069723,.6805494000000001,0.5462289,79572,101809,98353,11389.0,923.0,0.0058852785145889,1583.0,148.0,0.0,2982.0,11333.0,14463,32430.0,694.0,0.7332058588399197,213899,Y,N,3.0,Columns,Arrow,Optech Insight/AVC Edge/Optech 400C,Link,Y,,Oakland_11062012_CityCouncilAtLarge_tab1,,3,2,0,1,2,1,0,0,2,0,3,5,3,1,0,0,2,1,0,0,1,0,3,4,0,0,0,1,0,0,1,0.0,11,1,0,local,yes
San Leandro,CA,2012,11/6/2012,County Council District 2,Ursula Reed,Incumbent,3,3,28703,25436,23928,10734,0.4220003,1,12057,0.5038867,.8237144000000001,0.4740132,15295,19129,20952,3139.0,128.0,0.0044594641675086,248.0,19.0,0.0,1489.0,0.0,1508,6259.0,105.0,0.6735263750703961,42616,Y,N,3.0,Columns,Arrow,Optech IIIP-Eagle/AVC Edge/Optech IV-C,Link,Y,,SanLeandro_11062012_CountyCouncilDistrict2_tab1,,2,1,0,1,1,0,0,0,2,0,1,3,2,1,0,0,1,0,0,0,2,0,1,3,0,0,0,1,0,0,1,0.0,11,1,0,local,yes
Oakland,CA,2012,11/6/2012,School Director District 5,Rosie Torres,OpenSeat,2,1,13482,11038,11038,6005,0.5440297000000001,1,6005,0.5440297000000001,.7800326,0.5440297000000001,5323,5481,8610,2416.0,28.0,0.0020768431983385,47.0,0.0,0.0,0.0,0.0,0,4972.0,117.0,0.6841918294849023,19705,Y,N,3.0,Columns,Arrow,Optech Insight/AVC Edge/Optech 400C,Link,Y,,Oakland_11062012_SchoolDirectorDistrict5_tab1,,1,1,0,1,1,1,0,0,0,0,2,2,1,1,0,0,1,1,0,0,0,0,2,2,1,0,0,1,0,0,1,0.0,11,1,0,local,yes
Oakland,CA,2012,11/6/2012,City Council District 1,Dan Kalb,OpenSeat,7,7,34180,28659,23741,8259,0.2881817,1,12293,0.5177962,.6126522,0.4289403,18246,22438,17558,5414.0,107.0,0.0031304856641311,214.0,42.0,0.0,1489.0,3387.0,4918,3843.0,97.0,0.7828138240615624,43663,Y,N,3.0,Columns,Arrow,Optech Insight/AVC Edge/Optech 400C,Link,Y,,Oakland_11062012_CityCouncilDistrict1_tab1,,1,6,0,1,0,1,0,0,6,0,1,7,1,5,0,0,0,1,0,0,5,0,1,6,1,0,0,1,0,0,1,0.0,11,1,0,local,yes
Oakland,CA,2012,11/6/2012,City Council District 3,Lynette Gibson-McElhaney,OpenSeat,6,6,26761,22095,17427,5207,0.2356642,2,9397,0.5392207,.5733424,0.4252998,14846,17436,12668,4568.0,98.0,0.0036620455139942,203.0,48.0,0.0,1026.0,3594.0,4668,3991.0,107.0,0.7135695811001787,37503,Y,Y,3.0,Columns,Arrow,Optech Insight/AVC Edge/Optech 400C,Link,Y,,Oakland_11062012_CityCouncilDistrict3_tab1,,2,4,0,1,4,0,0,0,2,0,4,6,2,4,0,0,4,0,0,0,2,0,4,6,1,0,0,1,0,0,1,0.0,11,1,0,local,yes
Oakland,CA,2012,11/6/2012,City Attorney,Barbara J. Parker,Incumbent*,2,1,156832,131609,131609,90055,0.6842617,1,90055,0.6842617,.8593713,0.6842617,61192,63255,113101,24980.0,243.0,0.0015494286880229,427.0,0.0,0.0,0.0,0.0,0,56696.0,1060.0,0.7332058588399197,213899,Y,N,3.0,Columns,Arrow,Optech Insight/AVC Edge/Optech 400C,Link,Y,"Incumbent appointed June, 2011",Oakland_11062012_CityAttorney_tab1,,2,0,0,1,1,0,0,0,1,0,1,2,2,0,0,0,1,0,0,0,1,0,1,2,0,0,1,0,0,1,0,0.0,11,1,0,local,yes
San Francisco,CA,2012,11/6/2012,Board of Supervisors District 5,London Breed,Challenger,8,7,40253,35147,26613,9842,0.2800239,1,14945,0.5615677,.5115942,0.4252141,23641,29030,17981,4897.0,209.0,0.0051921595905895,304.0,33.0,0.0,3604.0,4897.0,8534,1981.0,210.0,0.7242223061837678,55581,Y,N,3.0,Columns,Arrow,Optech IIIP-Eagle/AVC Edge/Optech IV-C,Link,Y,,SanFrancisco_11062012_BoardofSupervisorsDistrict5_tab1,,4,4,0,0,3,1,0,0,4,0,4,8,3,2,0,0,2,1,0,0,2,0,3,5,0,0,0,1,0,0,1,0.0,11,1,0,local,yes
Berkeley,CA,2012,11/6/2012,City Council District 2,Darryl Moore,Incumbent,3,1,6839,5804,5804,3407,0.587009,1,3407,0.587009,.8156444000000001,0.587009,2641,3827,4734,1020.0,15.0,0.0021933031144904,25.0,0.0,0.0,0.0,0.0,0,1274.0,26.0,0.7311310669232414,9354,Y,N,3.0,Columns,Arrow,Optech Insight/AVC Edge/Optech 400C,Link,Y,,Berkeley_11062012_CityCouncilDistrict2_tab1,,1,2,0,1,2,1,0,0,0,0,3,3,1,2,0,0,2,1,0,0,0,0,3,3,0,0,0,1,0,0,1,0.0,11,1,0,local,yes
Oakland,CA,2012,11/6/2012,School Director District 7,James Harris,Challenger,2,1,16440,14106,14106,7986,0.5661421,1,7986,0.5661421,.7900893000000001,0.5661421,7103,7320,11145,2299.0,35.0,0.0021289537712895,59.0,0.0,0.0,0.0,0.0,0,7960.0,197.0,0.6795354028024635,24193,Y,N,3.0,Columns,Arrow,Optech Insight/AVC Edge/Optech 400C,Link,Y,,Oakland_11062012_SchoolDirectorDistrict7_tab1,,1,1,0,1,2,0,0,0,0,0,2,2,1,1,0,0,2,0,0,0,0,0,2,2,0,0,0,1,0,0,1,0.0,11,1,0,local,yes
Oakland,CA,2012,11/6/2012,City Council District 7,Larry E. Reid,Incumbent,3,1,17014,15065,15065,8725,0.579157,1,8725,0.579157,.8132094,0.579157,7211,9362,12251,1910.0,39.0,0.0022922299282943,91.0,0.0,0.0,0.0,0.0,0,5326.0,114.0,0.7032612739222089,24193,Y,N,3.0,Columns,Arrow,Optech Insight/AVC Edge/Optech 400C,Link,Y,,Oakland_11062012_CityCouncilDistrict7_tab1,,2,1,0,1,3,0,0,0,0,0,3,3,2,1,0,0,3,0,0,0,0,0,3,3,0,0,0,1,0,0,1,0.0,11,1,0,local,yes
Berkeley,CA,2012,11/6/2012,Mayor,ToMBates,Incumbent,7,1,57492,53067,53067,28692,0.540675,1,28692,0.540675,.7244804,0.540675,27671,37031,38446,4269.0,156.0,0.002713420997704,291.0,0.0,0.0,0.0,0.0,0,7849.0,229.0,0.6994671143879115,82194,Y,N,3.0,Columns,Arrow,Optech Insight/AVC Edge/Optech 400C,Link,Y,,Berkeley_11062012_Mayor_tab1,,1,6,0,1,0,1,0,0,5,1,2,7,1,2,0,0,0,0,0,0,3,0,0,3,0,0,0,1,0,0,1,0.0,11,1,0,local,yes
Berkeley,CA,2012,11/6/2012,City Council District 5,Laurie Capitelli,Incumbent,2,1,8767,7984,7984,4333,0.5427104,1,4333,0.5427104,.7114228,0.5427104,2959,3031,5680,778.0,5.0,0.0005703205201323,12.0,0.0,0.0,0.0,0.0,0,2216.0,35.0,0.8076462459695992,10855,Y,N,3.0,Columns,Arrow,Optech Insight/AVC Edge/Optech 400C,Link,Y,,Berkeley_11062012_CityCouncilDistrict5_tab1,,1,1,0,1,0,0,0,0,2,0,0,2,1,1,0,0,0,0,0,0,2,0,0,2,0,0,0,1,0,0,1,0.0,11,1,0,local,yes
San Leandro,CA,2012,11/6/2012,County Council District 4,Benny Lee,OpenSeat,4,4,28703,23275,21226,10271,0.4412889,1,12945,0.6098653,.7157035000000001,0.5561762,14663,17228,16658,5344.0,84.0,0.0029265233599275,183.0,31.0,0.0,2018.0,0.0,2049,4978.0,115.0,0.6735263750703961,42616,Y,N,3.0,Columns,Arrow,Optech IIIP-Eagle/AVC Edge/Optech IV-C,Link,Y,,SanLeandro_11062012_CountyCouncilDistrict4_tab1,,1,3,0,1,1,0,0,1,2,0,2,4,1,3,0,0,1,0,0,1,2,0,2,4,1,0,0,1,0,0,1,0.0,11,1,0,local,yes
San Leandro,CA,2012,11/6/2012,County Council District 6,JiMProla,Incumbent,2,1,28703,23697,23697,12873,0.5432333,1,12873,0.5432333,.8432291,0.5432333,14812,15056,19982,4946.0,60.0,0.0020903738285197,118.0,0.0,0.0,0.0,0.0,0,10955.0,187.0,0.6735263750703961,42616,Y,N,3.0,Columns,Arrow,Optech IIIP-Eagle/AVC Edge/Optech IV-C,Link,Y,,SanLeandro_11062012_CountyCouncilDistrict6_tab1,,0,2,0,1,0,0,0,1,1,0,1,2,0,2,0,0,0,0,0,1,1,0,1,2,0,1,0,0,1,0,0,0.0,11,1,0,local,yes
Oakland,CA,2014,11/4/2014,School Director District 6,Shanthi Gonzales,OpenSeat,2,1,12377,10384,10384,6078,0.5853235999999999,1,6078,0.5853235999999999,.8109592000000001,0.5853235999999999,5359,5362,8421,1973.0,20.0,0.0016159004605316,38.0,0.0,0.0,0.0,0.0,0,4886.0,191.0,0.4197015937605968,29490,Y,N,3.0,Columns,Arrow,Optech Insight/AVC Edge/Optech 400C,Link,Y,,Oakland_11042014_SchoolDirectorDistrict6_tab1,,1,1,0,0,0,1,0,1,0,0,2,2,1,1,0,0,0,1,0,1,0,0,2,2,1,0,0,1,0,0,1,0.0,11,1,0,local,yes
Oakland,CA,2014,11/4/2014,School Director District 2,Aimee Eng,OpenSeat,2,1,15293,11710,11710,8907,0.7606319,1,8907,0.7606319,.8909479,0.7606319,5355,5358,10433,3566.0,17.0,0.0011116196952854,28.0,0.0,0.0,0.0,0.0,0,3772.0,185.0,0.4873952258023393,31377,Y,N,3.0,Columns,Arrow,Optech Insight/AVC Edge/Optech 400C,Link,Y,,Oakland_11042014_SchoolDirectorDistrict2_tab1,,1,1,0,0,0,0,0,1,1,0,1,2,1,1,0,0,0,0,0,1,1,0,1,2,1,0,0,1,0,0,1,0.0,11,1,0,local,yes
Oakland,CA,2014,11/4/2014,City Auditor,Brenda Roberts,OpenSeat,2,1,104834,79287,79287,60970,0.7689785000000001,1,60970,0.7689785000000001,.8957584000000001,0.7689785000000001,41126,41141,71022,25448.0,99.0,0.0009443501154206,196.0,0.0,0.0,0.0,0.0,0,30285.0,1025.0,0.4742053529829514,221073,Y,N,3.0,Columns,Arrow,Optech Insight/AVC Edge/Optech 400C,Link,Y,,Oakland_11042014_CityAuditor_tab1,,1,1,0,0,0,0,0,0,2,0,0,2,1,1,0,0,0,0,0,0,2,0,0,2,1,0,0,1,0,0,1,0.0,11,1,0,local,yes
Oakland,CA,2014,11/4/2014,City Council District 2,Abel Guillen,OpenSeat,5,4,15293,13555,12347,4886,0.3604574,1,6547,0.5302503000000001,.6548875,0.4829952,7790,10255,8877,1697.0,41.0,0.0026809651474531,96.0,18.0,0.0,529.0,661.0,1208,2090.0,94.0,0.4873952258023393,31377,Y,N,3.0,Columns,Arrow,Optech Insight/AVC Edge/Optech 400C,Link,Y,,Oakland_11042014_CityCouncilDistrict2_tab1,,1,4,0,0,2,1,0,1,1,0,4,5,1,3,0,0,1,1,0,1,1,0,3,4,1,0,0,1,0,0,1,0.0,11,1,0,local,yes
Oakland,CA,2014,11/4/2014,City Council District 4,Annie Campbell Washington,OpenSeat,3,1,20018,17704,17704,11358,0.6415499,1,11358,0.6415499,.8813827000000001,0.6415499,7885,11991,15604,2294.0,20.0,0.0009991008092717,56.0,0.0,0.0,0.0,0.0,0,2730.0,119.0,0.5668091853781465,35317,Y,N,3.0,Columns,Arrow,Optech Insight/AVC Edge/Optech 400C,Link,Y,,Oakland_11042014_CityCouncilDistrict4_tab1,,2,1,0,0,0,0,0,1,2,0,1,3,2,1,0,0,0,0,0,1,2,0,1,3,1,0,0,1,0,0,1,0.0,11,1,0,local,yes
San Francisco,CA,2014,11/4/2014,Board of Supervisors District 10,Malia Cohen,Incumbent,5,3,16342,15406,14925,7176,0.4657925000000001,1,7719,0.5171859,.6894716,0.5010386,7559,10265,10622,825.0,111.0,0.0067923142822176,145.0,11.0,0.0,198.0,272.0,481,2468.0,146.0,0.4630117580393823,35295,Y,N,3.0,Columns,Arrow,Optech IIIP-Eagle/AVC Edge/Optech IV-C,Link,Y,,SanFrancisco_11042014_BoardofSupervisorsDistrict10_tab1,,2,3,0,0,3,0,0,1,1,0,4,5,2,3,0,0,3,0,0,1,1,0,4,5,0,0,0,1,0,0,1,0.0,11,1,0,local,yes
Oakland,CA,2014,11/4/2014,School Director District 4,Nina Senn,OpenSeat,4,3,20018,16120,14886,6183,0.3835608,1,7802,0.5241165999999999,.7092432,0.4839950000000001,8491,11975,11433,3866.0,32.0,0.0015985612948346,61.0,9.0,0.0,1225.0,0.0,1234,2310.0,119.0,0.5668091853781465,35317,Y,N,3.0,Columns,Arrow,Optech Insight/AVC Edge/Optech 400C,Link,Y,,Oakland_11042014_SchoolDirectorDistrict4_tab1,,2,2,0,0,3,0,0,0,0,1,4,4,2,2,0,0,3,0,0,0,0,1,4,4,1,0,0,1,0,0,1,0.0,11,1,0,local,yes
San Leandro,CA,2014,11/4/2014,County Council District 3,Lee Thomas,OpenSeat,3,1,17200,14194,14194,7671,0.5404396,1,7671,0.5404396,.841905,0.5404396,8161,9964,11950,2978.0,28.0,0.0016279069767442,58.0,0.0,0.0,0.0,0.0,0,2954.0,129.0,0.4046582754970003,42505,Y,N,3.0,Columns,Arrow,Optech IIIP-Eagle/AVC Edge/Optech IV-C,Link,Y,,SanLeandro_11042014_CountyCouncilDistrict3_tab1,,0,3,0,0,1,1,0,0,1,0,2,3,0,3,0,0,1,1,0,0,1,0,2,3,1,1,0,0,1,0,0,0.0,11,1,0,local,yes
San Leandro,CA,2014,11/4/2014,Mayor,Pauline Russo Cutter,OpenSeat,4,3,17200,16209,15367,7889,0.4867049,1,8801,0.5727208,.8266395,0.54297,8425,11493,13399,951.0,40.0,0.0023255813953488,104.0,9.0,0.0,833.0,0.0,842,3881.0,129.0,0.4046582754970003,42505,Y,N,3.0,Columns,Arrow,Optech IIIP-Eagle/AVC Edge/Optech IV-C,Link,Y,,SanLeandro_11042014_Mayor_tab1,,2,2,0,0,0,0,0,0,4,0,0,4,2,1,0,0,0,0,0,0,3,0,0,3,1,0,0,1,0,0,1,0.0,11,1,0,local,yes
Berkeley,CA,2014,11/4/2014,City Council District 7,Kriss Worthington,Incumbent,2,1,1786,1503,1503,833,0.5542249,1,833,0.5542249,.7631404000000001,0.5542249,677,678,1147,281.0,2.0,0.0011198208286674,5.0,0.0,0.0,0.0,0.0,0,410.0,43.0,0.2085230589608873,8565,Y,N,3.0,Columns,Arrow,Optech Insight/AVC Edge/Optech 400C,Link,Y,,Berkeley_11042014_CityCouncilDistrict7_tab1,,0,2,0,0,0,0,0,0,2,0,0,2,0,2,0,0,0,0,0,0,2,0,0,2,0,1,0,0,1,0,0,0.0,11,1,0,local,yes
Berkeley,CA,2014,11/4/2014,City Auditor,Ann-Marie Hogan,Incumbent,1,1,39092,27390,27390,27390,1.0,1,27390,1.0,1.00011,1.0,27390,0,27393,11682.0,20.0,0.0005116136293871,30.0,0.0,0.0,0.0,0.0,0,10359.0,855.0,0.4890901811630468,79928,Y,N,3.0,Columns,Arrow,Optech Insight/AVC Edge/Optech 400C,Link,Y,,Berkeley_11042014_CityAuditor_tab1,,1,0,0,0,0,0,0,0,1,0,0,1,1,0,0,0,0,0,0,0,1,0,0,1,0,0,1,0,0,1,0,0.0,11,1,0,local,yes
Oakland,CA,2014,11/4/2014,City Council District 6,Desley Brooks,Incumbent,5,4,12383,11162,10376,4772,0.4275219,1,5430,0.5233231,.6036553,0.486472,5989,7712,6738,1178.0,43.0,0.0034725026245659,88.0,12.0,0.0,274.0,500.0,786,2996.0,107.0,0.4197911722828666,29498,Y,N,3.0,Columns,Arrow,Optech Insight/AVC Edge/Optech 400C,Link,Y,,Oakland_11042014_CityCouncilDistrict6_tab1,,2,3,0,0,4,1,0,0,0,0,5,5,2,2,0,0,4,0,0,0,0,0,4,4,0,0,0,1,0,0,1,0.0,11,1,0,local,yes
Oakland,CA,2014,11/4/2014,Mayor,Libby Schaaf,Challenger,16,15,104834,101888,77227,30041,0.2948434,1,48806,0.631981,.56621,0.4790162,75390,87226,57690,2152.0,794.0,0.0075738787034741,1251.0,256.0,0.0,4746.0,19659.0,24661,13602.0,763.0,0.4742053529829514,221073,Y,N,3.0,Columns,Arrow,Optech Insight/AVC Edge/Optech 400C,Link,Y,,Oakland_11042014_Mayor_tab1,,5,11,0,0,6,0,1,2,7,0,9,16,3,3,0,0,1,0,0,1,4,0,2,6,0,0,0,1,0,0,1,0.0,11,1,0,local,yes
Berkeley,CA,2014,11/4/2014,City Council District 8,Lori Droste,OpenSeat,4,3,4964,4518,4128,1318,0.291722,1,2072,0.501938,.7080567000000001,0.45861,2898,3793,3199,429.0,17.0,0.0034246575342466,38.0,7.0,0.0,383.0,0.0,390,415.0,31.0,0.4753878567324267,10442,Y,N,3.0,Columns,Arrow,Optech Insight/AVC Edge/Optech 400C,Link,Y,,Berkeley_11042014_CityCouncilDistrict8_tab1,,2,2,0,0,0,0,0,0,4,0,0,4,2,2,0,0,0,0,0,0,4,0,0,4,1,0,0,1,0,0,1,0.0,11,1,0,local,yes
San Leandro,CA,2014,11/4/2014,County Council District 5,Corina Lopez,OpenSeat,3,1,17200,14684,14684,7906,0.5384092,1,7906,0.5384092,.8469763,0.5384092,8630,10411,12437,2481.0,35.0,0.0020348837209302,75.0,0.0,0.0,0.0,0.0,0,3045.0,95.0,0.4046582754970003,42505,Y,N,3.0,Columns,Arrow,Optech IIIP-Eagle/AVC Edge/Optech IV-C,Link,Y,,SanLeandro_11042014_CountyCouncilDistrict5_tab1,,3,0,0,0,0,1,0,0,2,0,1,3,3,0,0,0,0,1,0,0,2,0,1,3,1,0,1,0,0,1,0,0.0,11,1,0,local,yes
Berkeley,CA,2014,11/4/2014,City Council District 1,Linda Maio,Incumbent,3,1,6109,5564,5564,3038,0.5460101,1,3038,0.5460101,.8314162000000001,0.5460101,2273,3614,4626,530.0,15.0,0.0024553936814536,30.0,0.0,0.0,0.0,0.0,0,1031.0,53.0,0.5852653765089098,10438,Y,N,3.0,Columns,Arrow,Optech Insight/AVC Edge/Optech 400C,Link,Y,,Berkeley_11042014_CityCouncilDistrict1_tab1,,2,1,0,0,0,1,0,0,2,0,1,3,1,1,0,0,0,1,0,0,1,0,1,2,0,0,0,1,0,0,1,0.0,11,1,0,local,yes
San Leandro,CA,2014,11/4/2014,County Council District 1,Deborah Cox,OpenSeat,4,3,17200,15445,13697,6552,0.424215,1,8898,0.6496313000000001,.7497572,0.5761088,9193,11256,11580,1681.0,74.0,0.0043023255813953,132.0,17.0,0.0,1731.0,0.0,1748,3340.0,97.0,0.4046582754970003,42505,Y,N,3.0,Columns,Arrow,Optech IIIP-Eagle/AVC Edge/Optech IV-C,Link,Y,,SanLeandro_11042014_CountyCouncilDistrict1_tab1,,1,3,0,0,1,0,0,1,2,0,2,4,1,3,0,0,1,0,0,1,2,0,2,4,1,0,0,1,0,0,1,0.0,11,1,0,local,yes
San Francisco,CA,2015,11/3/2015,Board of Supervisors District 3,Aaron Peskin,Challenger,3,1,17554,16694,16694,8767,0.5251587,1,8767,0.5251587,.6698814000000001,0.5251587,4478,7988,11183,819.0,41.0,0.0023356499943033,63.0,0.0,0.0,0.0,0.0,0,2083.0,136.0,0.50794293816372,34559,Y,N,3.0,Columns,Arrow,Optech IIIP-Eagle/AVC Edge/Optech IV-C,Link,Y,,SanFrancisco_11032015_BoardofSupervisorsDistrict3_tab1,,2,1,0,0,0,0,0,1,2,0,1,3,1,1,0,0,0,0,0,0,2,0,0,2,0,0,0,1,0,0,1,1.0,11,1,0,local,yes
San Francisco,CA,2015,11/3/2015,Mayor,Ed Lee,Incumbent,6,1,203069,189707,189707,105771,0.5575493,1,105771,0.5575493,.6240149,0.5575493,84870,103133,118380,12741.0,621.0,0.0030580738566694,1043.0,0.0,0.0,0.0,0.0,0,22398.0,1438.0,0.4544679384461135,446828,Y,N,3.0,Columns,Arrow,Optech IIIP-Eagle/AVC Edge/Optech IV-C,Link,Y,,SanFrancisco_11032015_Mayor_tab1,,1,5,0,1,0,1,0,1,4,0,2,6,1,3,0,0,0,1,0,1,2,0,2,4,0,0,0,1,0,0,1,0.0,11,1,0,local,yes
San Francisco,CA,2015,11/3/2015,Sheriff,Vicki Hennessy,Challenger,3,1,203069,185831,185831,113349,0.6099574,1,113349,0.6099574,.7968315,0.6099574,53191,90911,148076,17001.0,237.0,0.0011670909887772,469.0,0.0,0.0,0.0,0.0,0,26727.0,996.0,0.4544679384461135,446828,Y,N,3.0,Columns,Arrow,Optech IIIP-Eagle/AVC Edge/Optech IV-C,Link,Y,,SanFrancisco_11032015_Sheriff_tab1,,1,2,0,0,1,0,0,0,1,1,2,3,1,2,0,0,1,0,0,0,1,1,2,3,0,0,0,1,0,0,1,0.0,11,1,0,local,yes
San Francisco,CA,2016,11/8/2016,Board of Supervisors District 3,Aaron Peskin,Incumbent,2,1,31521,26658,26658,19211,0.7206467000000001,1,19211,0.7206467000000001,.8448121000000001,0.7206467000000001,10765,10769,22521,4839.0,24.0,0.0007613971637956,56.0,0.0,0.0,0.0,0.0,0,5897.0,483.0,0.7555369127516779,41720,Y,N,3.0,Columns,Arrow,Optech IIIP-Eagle/AVC Edge/Optech IV-C,Link,Y,,SanFrancisco_11082016_BoardofSupervisorsDistrict3_tab1,,0,2,0,0,0,0,0,0,2,0,0,2,0,2,0,0,0,0,0,0,2,0,0,2,0,1,0,0,1,0,0,0.0,11,1,0,local,yes
San Francisco,CA,2016,11/8/2016,Board of Supervisors District 1,Sandra Lee Fewer,OpenSeat,10,9,35109,31681,28496,12568,0.3967046,1,15037,0.5276881,.6633313,0.4746378,19667,24656,21015,3236.0,192.0,0.0054686832436127,255.0,18.0,0.0,936.0,2231.0,3185,1889.0,134.0,0.8012460632616732,43818,Y,N,3.0,Columns,Arrow,Optech IIIP-Eagle/AVC Edge/Optech IV-C,Link,Y,,SanFrancisco_11082016_BoardofSupervisorsDistrict1_tab1,,2,8,0,0,0,0,0,4,6,0,4,10,2,1,0,0,0,0,0,3,0,0,3,3,1,0,0,1,0,0,1,0.0,11,1,0,local,yes
San Francisco,CA,2016,11/8/2016,Board of Supervisors District 11,Ahsha Safai,OpenSeat,5,4,28010,25380,22031,9466,0.3729708,1,11222,0.5093732,.5795508,0.4421592,16006,19509,14709,2457.0,173.0,0.0061763655837201,257.0,32.0,0.0,748.0,2569.0,3349,2572.0,190.0,0.7324407719261545,38242,Y,N,3.0,Columns,Arrow,Optech IIIP-Eagle/AVC Edge/Optech IV-C,Link,Y,,SanFrancisco_11082016_BoardofSupervisorsDistrict11_tab1,,3,2,0,0,0,3,1,1,0,0,5,5,3,2,0,0,0,3,1,1,0,0,5,5,1,0,0,1,0,0,1,0.0,11,1,0,local,yes
Oakland,CA,2016,11/8/2016,City Attorney,Barbara J. Parker,Incumbent*,1,1,177631,128029,128029,128029,1.0,1,128029,1.0,1.00018,1.0,128029,0,128052,49454.0,148.0,0.0008331879007606,185.0,0.0,0.0,0.0,0.0,0,58230.0,3924.0,0.7158556932029758,248138,Y,N,3.0,Columns,Arrow,Optech Insight/AVC Edge/Optech 400C,Link,Y,,Oakland_11082016_CityAttorney_tab1,,1,0,0,0,1,0,0,0,0,0,1,1,1,0,0,0,1,0,0,0,0,0,1,1,0,0,1,0,0,1,0,0.0,11,1,0,local,yes
Berkeley,CA,2016,11/8/2016,City Council District 3,Ben Bartlett,OpenSeat,4,1,8276,7118,7118,4060,0.5703849000000001,1,4060,0.5703849000000001,.8288845,0.5703849000000001,3823,5174,5900,1143.0,15.0,0.0018124697921701,22.0,0.0,0.0,0.0,0.0,0,961.0,46.0,0.7423087272401112,11149,Y,N,3.0,Columns,Arrow,Optech Insight/AVC Edge/Optech 400C,Link,Y,,Berkeley_11082016_CityCouncilDistrict3_tab1,,1,3,0,0,3,0,0,0,1,0,3,4,1,2,0,0,2,0,0,0,1,0,2,3,1,0,0,1,0,0,1,0.0,11,1,0,local,yes
Oakland,CA,2016,11/8/2016,School Director District 3,Jumoke Hinton Hodge,Incumbent,5,4,28936,22351,20606,8905,0.3984162,1,10796,0.5239251,.6941971,0.4830209,11915,16091,15516,6478.0,107.0,0.0036978158695051,163.0,18.0,0.0,781.0,946.0,1745,4498.0,422.0,0.6864191673585577,42155,Y,N,3.0,Columns,Arrow,Optech Insight/AVC Edge/Optech 400C,Link,Y,,Oakland_11082016_SchoolDirectorDistrict3_tab1,,3,2,0,0,3,0,0,1,1,0,4,5,2,2,0,0,2,0,0,1,1,0,3,4,0,0,0,1,0,0,1,0.0,11,1,0,local,yes
Oakland,CA,2016,11/8/2016,School Director District 5,Roseann Torres,Incumbent,4,3,16317,13305,12286,4786,0.3597144000000001,2,6277,0.5109067,.6807215,0.4717775,5981,8985,9057,2922.0,90.0,0.0055157198014341,118.0,10.0,0.0,1009.0,0.0,1019,3637.0,339.0,0.6614642451759364,24668,Y,Y,3.0,Columns,Arrow,Optech Insight/AVC Edge/Optech 400C,Link,Y,,Oakland_11082016_SchoolDirectorDistrict5_tab1,,1,3,0,0,1,2,0,0,1,0,3,4,1,3,0,0,1,2,0,0,1,0,3,4,0,0,0,1,0,0,1,0.0,11,1,0,local,yes
Oakland,CA,2016,11/8/2016,School Director District 7,James Harris,Incumbent,2,1,17469,14930,14930,9965,0.6674481,1,9965,0.6674481,.8345613000000001,0.6674481,7450,7458,12460,2468.0,71.0,0.0040643425496594,96.0,0.0,0.0,0.0,0.0,0,8574.0,533.0,0.6305360043313482,27705,Y,N,3.0,Columns,Arrow,Optech Insight/AVC Edge/Optech 400C,Link,Y,,Oakland_11082016_SchoolDirectorDistrict7_tab1,,0,2,0,0,2,0,0,0,0,0,2,2,0,2,0,0,2,0,0,0,0,0,2,2,0,1,0,0,1,0,0,0.0,11,1,0,local,yes
San Leandro,CA,2016,11/8/2016,County Council District 2,Ed Hernandez,OpenSeat,2,1,31790,26930,26930,14648,0.5439287,1,14648,0.5439287,.7735240000000001,0.5439287,14654,14658,20831,4755.0,105.0,0.0033029254482542,160.0,0.0,0.0,0.0,0.0,0,11996.0,1143.0,0.6865794134162672,46302,Y,N,3.0,Columns,Arrow,Optech IIIP-Eagle/AVC Edge/Optech IV-C,Link,Y,,SanLeandro_11082016_CountyCouncilDistrict2_tab1,,0,2,0,0,0,2,0,0,0,0,2,2,0,2,0,0,0,2,0,0,0,0,2,2,1,1,0,0,1,0,0,0.0,11,1,0,local,yes
Berkeley,CA,2016,11/8/2016,City Council District 5,Sophie Hahn,OpenSeat,2,1,10247,9323,9323,5821,0.6243698,1,5821,0.6243698,.7627373000000001,0.6243698,3633,3636,7111,920.0,4.0,0.0003903581536059,11.0,0.0,0.0,0.0,0.0,0,2522.0,62.0,0.8482615894039736,12080,Y,N,3.0,Columns,Arrow,Optech Insight/AVC Edge/Optech 400C,Link,Y,,Berkeley_11082016_CityCouncilDistrict5_tab1,,1,1,0,0,0,0,0,0,2,0,0,2,1,1,0,0,0,0,0,0,2,0,0,2,1,0,0,1,0,0,1,0.0,11,1,0,local,yes
Oakland,CA,2016,11/8/2016,City Council District 1,Dan Kalb,Incumbent,2,1,37139,31019,31019,25102,0.8092459,1,25102,0.8092459,.896515,0.8092459,11020,11023,27809,6098.0,22.0,0.0005923692075716,49.0,0.0,0.0,0.0,0.0,0,9357.0,434.0,0.789485991241869,47042,Y,N,3.0,Columns,Arrow,Optech Insight/AVC Edge/Optech 400C,Link,Y,,Oakland_11082016_CityCouncilDistrict1_tab1,,0,2,0,0,0,0,0,0,2,0,0,2,0,2,0,0,0,0,0,0,2,0,0,2,0,1,0,0,1,0,0,0.0,11,1,0,local,yes
San Francisco,CA,2016,11/8/2016,Board of Supervisors District 5,London Breed,Incumbent,2,1,45531,41009,41009,21399,0.5218123,1,21399,0.5218123,.7469824000000001,0.5218123,18924,18932,30633,4472.0,50.0,0.0010981529068107,117.0,0.0,0.0,0.0,0.0,0,8404.0,598.0,0.8092817404596434,56261,Y,N,3.0,Columns,Arrow,Optech IIIP-Eagle/AVC Edge/Optech IV-C,Link,Y,,SanFrancisco_11082016_BoardofSupervisorsDistrict5_tab1,,1,1,0,0,1,0,0,0,1,0,1,2,1,1,0,0,1,0,0,0,1,0,1,2,0,0,0,1,0,0,1,0.0,11,1,0,local,yes
Oakland,CA,2016,11/8/2016,City Council District 7,Larry E. Reid,Incumbent,3,1,18069,15735,15735,8464,0.5379091,1,8464,0.5379091,.8275183,0.5379091,7592,10285,13021,2271.0,63.0,0.0034866345674913,116.0,0.0,0.0,0.0,0.0,0,5248.0,267.0,0.6350919124108115,28451,Y,N,3.0,Columns,Arrow,Optech Insight/AVC Edge/Optech 400C,Link,Y,,Oakland_11082016_CityCouncilDistrict7_tab1,,2,1,0,0,3,0,0,0,0,0,3,3,2,1,0,0,3,0,0,0,0,0,3,3,0,0,0,1,0,0,1,0.0,11,1,0,local,yes
Oakland,CA,2016,11/8/2016,School Director District 1,Jody London,Incumbent,2,1,37139,28842,28842,21746,0.7539699000000001,1,21746,0.7539699000000001,.8438734999999999,0.7539699000000001,10392,10394,24339,8269.0,28.0,0.0007539244460002,39.0,0.0,0.0,0.0,0.0,0,8581.0,735.0,0.789485991241869,47042,Y,N,3.0,Columns,Arrow,Optech Insight/AVC Edge/Optech 400C,Link,Y,,Oakland_11082016_SchoolDirectorDistrict1_tab1,,1,1,0,0,0,0,0,0,2,0,0,2,1,1,0,0,0,0,0,0,2,0,0,2,0,0,0,1,0,0,1,0.0,11,1,0,local,yes
Oakland,CA,2016,11/8/2016,City Council District 5,Noel Gallo,Incumbent,2,1,16317,13891,13891,7838,0.5642502,1,7838,0.5642502,.7936794,0.5642502,6506,6511,11025,2378.0,48.0,0.0029417172274315,71.0,0.0,0.0,0.0,0.0,0,6142.0,284.0,0.6614642451759364,24668,Y,N,3.0,Columns,Arrow,Optech Insight/AVC Edge/Optech 400C,Link,Y,,Oakland_11082016_CityCouncilDistrict5_tab1,,1,1,0,0,0,2,0,0,0,0,2,2,1,1,0,0,0,2,0,0,0,0,2,2,0,0,0,1,0,0,1,0.0,11,1,0,local,yes
Oakland,CA,2016,11/8/2016,City Council District 3,Lynette Gibson-McElhaney,Incumbent,2,1,28936,23255,23255,13147,0.5653408000000001,1,13147,0.5653408000000001,.7466781,0.5653408000000001,11657,11664,17364,5625.0,56.0,0.0019353055017971,97.0,0.0,0.0,0.0,0.0,0,8509.0,392.0,0.6864191673585577,42155,Y,N,3.0,Columns,Arrow,Optech Insight/AVC Edge/Optech 400C,Link,Y,,Oakland_11082016_CityCouncilDistrict3_tab1,,2,0,0,0,2,0,0,0,0,0,2,2,2,0,0,0,2,0,0,0,0,0,2,2,0,0,1,0,0,1,0,0.0,11,1,0,local,yes
Berkeley,CA,2016,11/8/2016,City Council District 6,Susan Wengraf,Incumbent,3,1,8478,7462,7462,4358,0.5840257,1,4358,0.5840257,.826052,0.5840257,3107,4723,6164,1011.0,5.0,0.0005897617362586,13.0,0.0,0.0,0.0,0.0,0,952.0,45.0,0.7968045112781955,10640,Y,N,3.0,Columns,Arrow,Optech Insight/AVC Edge/Optech 400C,Link,Y,,Berkeley_11082016_CityCouncilDistrict6_tab1,,2,1,0,0,0,0,0,0,3,0,0,3,2,1,0,0,0,0,0,0,3,0,0,3,0,0,0,1,0,0,1,0.0,11,1,0,local,yes
San Leandro,CA,2016,11/8/2016,County Council District 6,Pete Ballew,OpenSeat,1,1,31790,21338,21338,21338,1.0,1,21338,1.0,1.000281,1.0,21338,0,21344,10418.0,34.0,0.0010695187165775,42.0,0.0,0.0,0.0,0.0,0,9646.0,616.0,0.6865794134162672,46302,Y,N,3.0,Columns,Arrow,Optech IIIP-Eagle/AVC Edge/Optech IV-C,Link,Y,,SanLeandro_11082016_CountyCouncilDistrict6_tab1,,0,1,0,0,0,0,0,0,1,0,0,1,0,1,0,0,0,0,0,0,1,0,0,1,1,1,0,0,1,0,0,0.0,11,1,0,local,yes
Berkeley,CA,2016,11/8/2016,City Council District 2,Cheryl Davila,Challenger,3,2,8123,7138,6734,2215,0.310311,2,3451,0.512474,.7643598,0.4834688,3584,5272,5456,968.0,17.0,0.0020928228487012,29.0,1.0,0.0,403.0,0.0,404,1252.0,36.0,0.7352461984069515,11048,Y,Y,3.0,Columns,Arrow,Optech Insight/AVC Edge/Optech 400C,Link,Y,,Berkeley_11082016_CityCouncilDistrict2_tab1,,2,1,0,0,3,0,0,0,0,0,3,3,2,1,0,0,3,0,0,0,0,0,3,3,0,0,0,1,0,0,1,0.0,11,1,0,local,yes
Oakland,CA,2016,11/8/2016,City Council AL,Rebecca Kaplan,Incumbent,5,1,177631,160024,160024,83365,0.5209531,1,83365,0.5209531,.7844636,0.5209531,96039,121386,125533,16353.0,1254.0,0.0070595785645524,1880.0,0.0,0.0,0.0,0.0,0,29512.0,1693.0,0.7158556932029758,248138,Y,N,3.0,Columns,Arrow,Optech Insight/AVC Edge/Optech 400C,Link,Y,,Oakland_11082016_CouncilAtLrg_tab1,,3,2,0,0,1,0,0,1,3,0,2,5,2,2,0,0,1,0,0,1,2,0,2,4,0,0,0,1,0,0,1,0.0,11,1,0,local,yes
San Francisco,CA,2016,11/8/2016,Board of Supervisors District 7,Norman Yee,Incumbent,5,4,39486,35274,30507,14179,0.4019675,1,17692,0.5799325000000001,.6029654,0.5015592,22105,27074,21269,4084.0,128.0,0.0032416552702224,185.0,25.0,0.0,1975.0,2767.0,4767,2316.0,163.0,0.8153379173635632,48429,Y,N,3.0,Columns,Arrow,Optech IIIP-Eagle/AVC Edge/Optech IV-C,Link,Y,,SanFrancisco_11082016_BoardofSupervisorsDistrict7_tab1,,0,5,0,0,0,0,0,2,3,0,2,5,0,5,0,0,0,0,0,2,3,0,2,5,0,1,0,0,1,0,0,0.0,11,1,0,local,yes
San Francisco,CA,2016,11/8/2016,Board of Supervisors District 9,Hillary Ronen,OpenSeat,4,1,34945,32054,32054,18396,0.5739065,1,18396,0.5739065,.8258564000000001,0.5739065,17026,24097,26472,2764.0,127.0,0.0036342824438403,195.0,0.0,0.0,0.0,0.0,0,2963.0,200.0,0.7854220983547604,44492,Y,N,3.0,Columns,Arrow,Optech IIIP-Eagle/AVC Edge/Optech IV-C,Link,Y,,SanFrancisco_11082016_BoardofSupervisorsDistrict9_tab1,,2,2,0,0,0,3,0,0,1,0,3,4,2,1,0,0,0,2,0,0,1,0,2,3,1,0,0,1,0,0,1,0.0,11,1,0,local,yes
Berkeley,CA,2016,11/8/2016,Mayor,Jesse Arreguin,OpenSeat,8,4,63744,59144,58545,29039,0.4909881,1,29499,0.5038688,.7257710000000001,0.4987657,32923,45351,42925,4399.0,201.0,0.0031532379518072,378.0,9.0,0.0,267.0,323.0,599,6632.0,275.0,0.7608680083076703,83778,Y,N,3.0,Columns,Arrow,Optech Insight/AVC Edge/Optech 400C,Link,Y,,Berkeley_11082016_Mayor_tab1,,1,7,0,0,1,1,0,1,4,1,4,8,0,3,0,0,0,1,0,0,2,0,1,3,1,0,0,1,1,0,0,0.0,11,1,0,local,yes
San Leandro,CA,2016,11/8/2016,County Council District 4,Benny Lee,Incumbent,1,1,31790,23293,23293,23293,1.0,1,23293,1.0,1.000129,1.0,23293,0,23296,8456.0,41.0,0.0012897137464612,54.0,0.0,0.0,0.0,0.0,0,10628.0,1818.0,0.6865794134162672,46302,Y,N,3.0,Columns,Arrow,Optech IIIP-Eagle/AVC Edge/Optech IV-C,Link,Y,,SanLeandro_11082016_CountyCouncilDistrict4_tab1,,0,1,0,0,0,0,0,1,0,0,1,1,0,1,0,0,0,0,0,1,0,0,1,1,0,1,0,0,1,0,0,0.0,11,1,0,local,yes
Berkeley,CA,2017,3/7/2017,City Council District 4,Kate Harrison,OpenSeat,2,1,2620,2602,2602,1608,0.6179862,1,1608,0.6179862,.783628,0.6179862,1143,1144,2039,14.0,4.0,0.0015267175572519,5.0,0.0,0.0,0.0,0.0,0,644.0,27.0,0.2771606897281286,9453,Y,N,3.0,Columns,Arrow,Optech Insight/AVC Edge/Optech 400C,Link,Y,,Berkeley_03072017_CityCouncilDistrict4_tab1,,1,1,0,0,0,0,0,0,2,0,0,2,1,1,0,0,0,0,0,0,2,0,0,2,1,0,0,1,0,0,1,1.0,3,0,0,local,yes
Oakland,CA,2018,11/6/2018,School Director District 2,Aimee Eng,Incumbent,1,1,23677,16607,16607,16607,1.0,1,16607,1.0,1.000422,1.0,16607,0,16614,7045.0,25.0,0.0010558770114457,28.0,0.0,0.0,0.0,0.0,0,5309.0,333.0,0.677899619205772,34927,Y,N,3.0,Columns,Arrow,Optech Insight/AVC Edge/Optech 400C,Link,Y,,Oakland_11062018_SchoolDirectorDistrict2_tab1,,1,0,0,0,0,0,0,1,0,0,1,1,1,0,0,0,0,0,0,1,0,0,1,1,0,0,1,0,0,1,0,0.0,11,1,0,local,yes
San Francisco,CA,2018,11/6/2018,Board of Supervisors District 8,Rafael Mandelman,Incumbent*,2,1,48049,42004,42004,38406,0.9143415,1,38406,0.9143415,.9638844000000001,0.9143415,11912,11915,40487,6007.0,38.0,0.0007908593310995,64.0,0.0,0.0,0.0,0.0,0,7783.0,541.0,0.8517061065319507,56415,Y,N,3.0,Columns,Arrow,Optech IIIP-Eagle/AVC Edge/Optech IV-C,Link,Y,,SanFrancisco_11062018_BoardofSupervisorsDistrict8_tab1,,0,2,0,0,0,1,0,0,1,0,1,2,0,2,0,0,0,1,0,0,1,0,1,2,0,1,0,0,1,0,0,0.0,11,1,0,local,yes
Oakland,CA,2018,11/6/2018,City Council District 6,Loren Taylor,Challenger,5,4,19547,17845,15341,7158,0.4011208,1,9858,0.6425917,.6508266,0.5524236,11567,13900,11614,1566.0,136.0,0.0069575893999079,236.0,30.0,0.0,524.0,1950.0,2504,3790.0,137.0,0.6071062521352921,32197,Y,N,3.0,Columns,Arrow,Optech Insight/AVC Edge/Optech 400C,Link,Y,,Oakland_11062018_CityCouncilDistrict6_tab1,,4,1,0,0,4,1,0,0,0,0,5,5,4,1,0,0,4,1,0,0,0,0,5,5,0,0,0,1,0,0,1,0.0,11,1,0,local,yes
San Francisco,CA,2018,11/6/2018,Assessor-Recorder,Carmen Chu,Incumbent,2,1,368578,317176,317176,236697,0.7462639,1,236697,0.7462639,.8551057000000001,0.7462639,133161,133230,271219,50974.0,428.0,0.0011612196061621,956.0,0.0,0.0,0.0,0.0,0,70113.0,6299.0,0.7363960392874553,500516,Y,N,3.0,Columns,Arrow,Optech IIIP-Eagle/AVC Edge/Optech IV-C,Link,Y,,SanFrancisco_11062018_AssessorRecorder_tab1,,1,1,0,0,0,0,0,1,1,0,1,2,1,1,0,0,0,0,0,1,1,0,1,2,0,0,0,1,0,0,1,0.0,11,1,0,local,yes
Berkeley,CA,2018,11/6/2018,City Council District 1,Rashi Kesarwani,OpenSeat,4,3,8466,7872,7559,3500,0.4446138,1,4120,0.5450456,.7416159000000001,0.523374,4792,6551,5838,568.0,26.0,0.0030711079612568,42.0,2.0,0.0,311.0,0.0,313,894.0,45.0,0.7647696476964769,11070,Y,N,3.0,Columns,Arrow,Optech Insight/AVC Edge/Optech 400C,Link,Y,,Berkeley_11062018_CityCouncilDistrict1_tab1,,3,1,0,0,0,0,0,1,3,0,1,4,2,1,0,0,0,0,0,1,2,0,1,3,1,0,0,1,0,0,1,0.0,11,1,0,local,yes
Oakland,CA,2018,11/6/2018,Mayor,Libby Schaaf,Incumbent,10,1,164775,158618,158618,84502,0.532739,1,84502,0.532739,.7058783,0.532739,89688,115433,111965,4935.0,1222.0,0.0074161735700197,1937.0,0.0,0.0,0.0,0.0,0,27502.0,1046.0,0.674122137716883,244429,Y,N,3.0,Columns,Arrow,Optech Insight/AVC Edge/Optech 400C,Link,Y,,Oakland_11062018_Mayor_tab1,,4,6,0,0,4,0,1,1,4,0,6,10,3,0,0,0,2,0,0,0,1,0,2,3,0,0,0,1,0,1,0,0.0,11,1,0,local,yes
Berkeley,CA,2018,11/6/2018,City Council District 4,Kate Harrison,Incumbent,3,1,6037,5473,5473,2892,0.5284122,1,2892,0.5284122,.8414033000000001,0.5284122,2969,4234,4605,547.0,17.0,0.0028159681961239,30.0,0.0,0.0,0.0,0.0,0,592.0,40.0,0.6944668123777752,8693,Y,N,3.0,Columns,Arrow,Optech Insight/AVC Edge/Optech 400C,Link,Y,,Berkeley_11062018_CityCouncilDistrict4_tab1,,1,2,0,0,0,1,0,0,2,0,1,3,1,2,0,0,0,1,0,0,2,0,1,3,0,0,0,1,0,0,1,0.0,11,1,0,local,yes
San Francisco,CA,2018,11/6/2018,Board of Supervisors District 10,Shamann Walton,OpenSeat,6,6,26257,23194,20647,9585,0.4132534,1,13023,0.6307454,.6867724,0.5614814,12818,17999,15929,2907.0,156.0,0.0059412728034429,238.0,21.0,0.0,1022.0,1504.0,2547,2952.0,203.0,0.6272275572117911,41862,Y,N,3.0,Columns,Arrow,Optech IIIP-Eagle/AVC Edge/Optech IV-C,Link,Y,,SanFrancisco_11062018_BoardofSupervisorsDistrict10_tab1,,3,3,0,1,5,0,0,0,1,0,5,6,1,3,0,0,3,0,0,0,1,0,3,4,1,0,0,1,0,0,1,0.0,11,1,0,local,yes
San Francisco,CA,2018,6/5/2018,Board of Supervisors District 8 special,Rafael Mandelman,Challenger,3,1,36067,33262,33262,19996,0.6011665,1,19996,0.6011665,.8679274,0.6011665,12835,22349,28869,2780.0,25.0,0.0006931544070757,38.0,0.0,0.0,0.0,0.0,0,1944.0,165.0,0.6205395547297065,58122,Y,N,3.0,Columns,Arrow,Optech IIIP-Eagle/AVC Edge/Optech IV-C,Link,Y,Incumbent appointed in 2017,SanFrancisco_06052018_BoardofSupervisorsDistrict8_tab1,,0,3,0,0,0,1,0,0,2,0,1,3,0,2,0,0,0,1,0,0,1,0,1,2,0,1,0,0,1,0,0,1.0,6,0,0,local,yes
San Francisco,CA,2018,6/5/2018,Mayor Special Election,London Breed,OpenSeat,8,8,254016,251032,229408,92121,0.3669692,1,115977,0.5055491,.6272627000000001,0.4620009000000001,173291,214734,157463,2350.0,634.0,0.0024959057697153,1035.0,114.0,0.0,8606.0,12904.0,21624,16406.0,1219.0,0.527013989887778,481991,Y,N,3.0,Columns,Arrow,Optech IIIP-Eagle/AVC Edge/Optech IV-C,Link,Y,,SanFrancisco_06052018_Mayor_tab1,,5,2,1,1,1,0,0,2,5,0,3,8,3,1,0,0,1,0,0,1,2,0,2,4,1,0,0,1,0,0,1,1.0,6,0,0,local,yes
Oakland,CA,2018,11/6/2018,City Auditor,Courtney Ruby,Challenger,2,1,164775,134291,134291,87759,0.6534987,1,87759,0.6534987,.8582854000000001,0.6534987,59634,59657,115260,30218.0,266.0,0.0016143225610681,438.0,0.0,0.0,0.0,0.0,0,47578.0,1911.0,674.122137716883,244.429,Y,N,3.0,Columns,Arrow,Optech Insight/AVC Edge/Optech 400C,Link,Y,,Oakland_11062018_CityAuditor_tab1,,2,0,0,0,0,0,0,0,2,0,0,2,2,0,0,0,0,0,0,0,2,0,0,2,0,0,1,0,0,1,0,0.0,11,1,0,local,yes
San Leandro,CA,2018,11/6/2018,County Council District 1,Deborah Cox,Incumbent,3,1,27767,24849,24849,16190,0.6515353,1,16190,0.6515353,.8791903000000001,0.6515353,13625,17495,21847,2824.0,94.0,0.0033853135016386,183.0,0.0,0.0,0.0,0.0,0,5588.0,290.0,0.608072004204625,45664,Y,N,3.0,Columns,Arrow,Optech IIIP-Eagle/AVC Edge/Optech IV-C,Link,Y,,SanLeandro_11062018_CountyCouncilDistrict1_tab1,,2,1,0,0,0,0,0,1,2,0,1,3,2,1,0,0,0,0,0,1,2,0,1,3,0,0,0,1,0,0,1,0.0,11,1,0,local,yes
Berkeley,CA,2018,11/6/2018,City Council District 8,Lori Droste,Incumbent,4,1,7119,6545,6545,3677,0.5618029,1,3677,0.5618029,.8146677,0.5618029,3476,5175,5332,559.0,15.0,0.0021070375052676,41.0,0.0,0.0,0.0,0.0,0,675.0,38.0,0.815277141548328,8732,Y,N,3.0,Columns,Arrow,Optech Insight/AVC Edge/Optech 400C,Link,Y,,Berkeley_11062018_CityCouncilDistrict8_tab1,,1,2,1,0,0,0,0,1,3,0,1,4,1,1,1,0,0,0,0,1,2,0,1,3,0,0,0,1,0,0,1,0.0,11,1,0,local,yes
San Francisco,CA,2018,11/6/2018,Board of Supervisors District 4,Gordon Mar,OpenSeat,8,7,31412,28422,23320,10314,0.3628879,1,13255,0.5683962,.5827528000000001,0.4663641,17369,21788,16563,2814.0,176.0,0.0056029542849866,249.0,24.0,0.0,1801.0,3277.0,5102,2417.0,175.0,0.7313109678020162,42953,Y,N,3.0,Columns,Arrow,Optech IIIP-Eagle/AVC Edge/Optech IV-C,Link,Y,,SanFrancisco_11062018_BoardofSupervisorsDistrict4_tab1,,2,6,0,0,0,0,0,5,3,0,5,8,2,3,0,0,0,0,0,3,2,0,3,5,1,0,0,1,0,0,1,0.0,11,1,0,local,yes
San Francisco,CA,2018,11/6/2018,Public Defender,Jeff Adachi,Incumbent,1,1,368578,292864,292864,292864,1.0,1,292864,1.0,1.000089,1.0,292864,0,292890,75631.0,83.0,0.000225189783438,210.0,0.0,0.0,0.0,0.0,0,68500.0,7420.0,0.7363960392874553,500516,Y,N,3.0,Columns,Arrow,Optech IIIP-Eagle/AVC Edge/Optech IV-C,Link,Y,,SanFrancisco_11062018_PublicDefender_tab1,,0,1,0,0,0,0,0,1,0,0,1,1,0,1,0,0,0,0,0,1,0,0,1,1,0,1,0,0,1,0,0,0.0,11,1,0,local,yes
Berkeley,CA,2018,11/6/2018,City Auditor,Jenny Wong,OpenSeat,2,1,57217,50345,50345,46337,0.9203893,1,46337,0.9203893,.9707022000000001,0.9203893,17797,17804,48870,6762.0,110.0,0.0019225055490501,177.0,0.0,0.0,0.0,0.0,0,14657.0,715.0,0.7228567097051317,79154,Y,N,3.0,Columns,Arrow,Optech Insight/AVC Edge/Optech 400C,Link,Y,,Berkeley_11062018_CityAuditor_tab1,,1,1,0,0,0,0,0,1,1,0,1,2,1,1,0,0,0,0,0,1,1,0,1,2,1,0,0,1,0,0,1,0.0,11,1,0,local,yes
San Leandro,CA,2018,11/6/2018,County Council District 3,"Victor Aguilar, Jr.",Challenger,2,1,27767,23260,23260,11902,0.5116939,1,11902,0.5116939,.7881341000000001,0.5116939,13992,13994,18332,4451.0,56.0,0.0020167825116145,86.0,0.0,0.0,0.0,0.0,0,8992.0,274.0,0.608072004204625,45664,Y,N,3.0,Columns,Arrow,Optech IIIP-Eagle/AVC Edge/Optech IV-C,Link,Y,,SanLeandro_11062018_CountyCouncilDistrict3_tab1,,0,2,0,0,1,1,0,0,0,0,2,2,0,2,0,0,1,1,0,0,0,0,2,2,0,1,0,0,1,0,0,0.0,11,1,0,local,yes
San Leandro,CA,2018,11/6/2018,Mayor,Pauline Russo Cutter,Incumbent,4,1,27767,25791,25791,13355,0.5178163,1,13355,0.5178163,.7710054,0.5178163,14660,18793,19885,1852.0,124.0,0.0044657327042893,210.0,0.0,0.0,0.0,0.0,0,5693.0,211.0,0.608072004204625,45664,Y,N,3.0,Columns,Arrow,Optech IIIP-Eagle/AVC Edge/Optech IV-C,Link,Y,,SanLeandro_11062018_Mayor_tab1,,1,3,0,0,0,0,0,1,3,0,1,4,1,3,0,0,0,0,0,1,3,0,1,4,0,0,0,1,0,0,1,0.0,11,1,0,local,yes
Oakland,CA,2018,11/6/2018,City Council District 4,Sheng Thao,OpenSeat,7,6,28244,25219,21696,8750,0.3469606,1,11736,0.5409292,.6339665,0.4653634,16182,20138,15988,2927.0,98.0,0.0034697634895907,191.0,23.0,0.0,1488.0,2012.0,3523,3348.0,127.0,0.7478090497497948,37769,Y,N,3.0,Columns,Arrow,Optech Insight/AVC Edge/Optech 400C,Link,Y,,Oakland_11062018_CityCouncilDistrict4_tab1,,3,4,0,0,2,1,1,1,2,0,5,7,3,1,0,0,1,1,0,1,1,0,3,4,1,0,0,1,0,0,1,0.0,11,1,0,local,yes
San Leandro,CA,2018,11/6/2018,County Council District 5,Corina Lopez,Incumbent,2,1,27767,23290,23290,16415,0.7048089000000001,1,16415,0.7048089000000001,.8801202000000001,0.7048089000000001,13175,13183,20498,4430.0,47.0,0.0016926567508193,77.0,0.0,0.0,0.0,0.0,0,9046.0,346.0,0.608072004204625,45664,Y,N,3.0,Columns,Arrow,Optech IIIP-Eagle/AVC Edge/Optech IV-C,Link,Y,,SanLeandro_11062018_CountyCouncilDistrict5_tab1,,2,0,0,0,1,1,0,0,0,0,2,2,2,0,0,0,1,1,0,0,0,0,2,2,0,0,1,0,0,1,0,0.0,11,1,0,local,yes
Oakland,CA,2018,11/6/2018,City Council District 2,Nikki Fortunato Bas,Challenger,3,1,23677,20982,20982,11310,0.5390335,1,11310,0.5390335,.8105519,0.5390335,8493,14100,17007,2638.0,57.0,0.0024073995860962,113.0,0.0,0.0,0.0,0.0,0,3586.0,173.0,0.677899619205772,34927,Y,N,3.0,Columns,Arrow,Optech Insight/AVC Edge/Optech 400C,Link,Y,,Oakland_11062018_CityCouncilDistrict2_tab1,,1,2,0,0,1,1,0,1,0,0,3,3,1,2,0,0,1,1,0,1,0,0,3,3,0,0,0,1,0,0,1,0.0,11,1,0,local,yes
Oakland,CA,2018,11/6/2018,School Director District 6,Shanthi Gonzales,Incumbent,2,1,19539,14191,14191,13964,0.9840039,1,13964,0.9840039,.9887252,0.9840039,92,92,14031,5326.0,22.0,0.0011259532217616,28.0,0.0,0.0,0.0,0.0,0,6713.0,569.0,0.6070463230496784,32187,Y,N,3.0,Columns,Arrow,Optech Insight/AVC Edge/Optech 400C,Link,Y,,Oakland_11062018_SchoolDirectorDistrict6_tab1,,1,1,0,0,1,1,0,0,0,0,2,2,1,0,0,0,0,1,0,0,0,0,1,1,0,0,0,1,0,1,0,0.0,11,1,0,local,yes
Oakland,CA,2018,11/6/2018,School Director District 4,Gary D. Yee,OpenSeat,2,1,28244,24638,24638,14534,0.5899018,1,14534,0.5899018,.7474227000000001,0.5899018,10168,10174,18415,3559.0,47.0,0.0016640702450078,80.0,0.0,0.0,0.0,0.0,0,7764.0,322.0,0.7478090497497948,37769,Y,N,3.0,Columns,Arrow,Optech Insight/AVC Edge/Optech 400C,Link,Y,,Oakland_11062018_SchoolDirectorDistrict4_tab1,,1,1,0,0,1,0,0,1,0,0,2,2,1,1,0,0,1,0,0,1,0,0,2,2,1,0,0,1,0,0,1,0.0,11,1,0,local,yes
San Francisco,CA,2018,11/6/2018,Board of Supervisors District 2,Catherine Stefani,OpenSeat,4,3,39906,35312,33401,14415,0.4082182,1,17340,0.5191461,.7495186,0.4910512,18420,25780,26467,4515.0,79.0,0.0019796521826292,165.0,18.0,0.0,1893.0,0.0,1911,3353.0,177.0,0.7918799857125848,50394,Y,N,3.0,Columns,Arrow,Optech IIIP-Eagle/AVC Edge/Optech IV-C,Link,Y,,SanFrancisco_11062018_BoardofSupervisorsDistrict2_tab1,,2,2,0,0,0,0,0,0,4,0,0,4,2,2,0,0,0,0,0,0,4,0,0,4,1,0,0,1,0,0,1,0.0,11,1,0,local,yes
Berkeley,CA,2018,11/6/2018,City Council District 7,Rigel Robinson,OpenSeat,3,1,3206,2808,2808,1587,0.5651709,1,1587,0.5651709,.9148860000000001,0.5651709,1666,2291,2569,389.0,9.0,0.0028072364316906,20.0,0.0,0.0,0.0,0.0,0,211.0,28.0,0.5330894579314932,6014,Y,N,3.0,Columns,Arrow,Optech Insight/AVC Edge/Optech 400C,Link,Y,,Berkeley_11062018_CityCouncilDistrict7_tab1,,1,1,1,0,1,0,0,2,0,0,3,3,1,1,1,0,1,0,0,2,0,0,3,3,1,0,0,1,0,0,1,0.0,11,1,0,local,yes
San Francisco,CA,2018,11/6/2018,Board of Supervisors District 6,Matt Haney,OpenSeat,3,1,28872,25330,25330,14288,0.5640742000000001,1,14288,0.5640742000000001,.8597315000000001,0.5640742000000001,13763,17724,21777,3467.0,75.0,0.002597672485453,122.0,0.0,0.0,0.0,0.0,0,2957.0,158.0,0.6664666097273839,43321,Y,N,3.0,Columns,Arrow,Optech IIIP-Eagle/AVC Edge/Optech IV-C,Link,Y,,SanFrancisco_11062018_BoardofSupervisorsDistrict6_tab1,,2,1,0,0,1,0,0,0,2,0,1,3,2,1,0,0,1,0,0,0,2,0,1,3,1,0,0,1,0,0,1,0.0,11,1,0,local,yes
San Francisco,CA,2019,11/5/2019,Sheriff,Paul Miyamoto,OpenSeat,1,1,206117,149051,149051,149045,0.9999597,1,149045,0.9999597,.9999866000000001,0.9999597,149047,9,149049,57017.0,49.0,0.0002377290567978,50.0,0.0,0.0,0.0,0.0,0,2959.0,2458.0,0.4163559236440764,495050,Y,N,10.0,Grid,Oval,Dominion ImageCast,Link,Y,,SanFrancisco_11052019_Sheriff_tab1,,0,1,0,1,0,0,0,1,0,0,1,1,0,1,0,0,0,0,0,1,0,0,1,1,1,1,0,0,1,0,0,0.0,11,1,0,local,yes
San Francisco,CA,2019,11/5/2019,Mayor,London Breed,Incumbent,7,1,206117,179587,179587,126221,0.7028404,1,126221,0.7028404,.7876739,0.7028404,39539,88212,153984,25927.0,603.0,0.0029255228826346,1692.0,0.0,0.0,0.0,0.0,0,7340.0,6594.0,0.4163559236440764,495050,Y,N,10.0,Grid,Oval,Dominion ImageCast,Link,Y,,SanFrancisco_11052019_Mayor_tab1,,3,4,0,0,2,1,0,2,2,0,5,7,2,1,0,0,1,0,0,1,1,0,2,3,0,0,0,1,0,0,1,0.0,11,1,0,local,yes
San Francisco,CA,2019,11/5/2019,City Attorney,Dennis Herrera,Incumbent,1,1,206117,163883,163883,163874,0.9999451,1,163874,0.9999451,.9999572999999999,0.9999451,163874,7,163876,42172.0,62.0,0.0003008000310503,69.0,0.0,0.0,0.0,0.0,0,3728.0,2552.0,0.4163559236440764,495050,Y,N,10.0,Grid,Oval,Optech IIIP-Eagle/AVC Edge/Optech IV-C,Link,Y,,SanFrancisco_11052019_CityAttorney_tab1,,0,1,0,1,0,0,0,0,1,0,0,1,0,1,0,0,0,0,0,0,1,0,0,1,0,1,0,0,1,0,0,0.0,11,1,0,local,yes
San Francisco,CA,2019,11/5/2019,Public Defender,Manohar Raju,Incumbent*,1,1,206117,161323,161323,161318,0.999969,1,161318,0.999969,.999969,0.999969,161318,7,161318,44747.0,47.0,0.0002280258299898,51.0,0.0,0.0,0.0,0.0,0,3114.0,2799.0,0.4163559236440764,495050,Y,N,10.0,Grid,Oval,Dominion ImageCast,Link,Y,,SanFrancisco_11052019_PublicDefender_tab1,,0,1,0,1,0,0,0,1,0,0,1,1,0,1,0,0,0,0,0,1,0,0,1,1,0,1,0,0,1,0,0,0.0,11,1,0,local,yes
San Francisco,CA,2019,11/5/2019,District Attorney,Chesa Boudin,OpenSeat,4,4,206117,193197,170584,68805,0.3561391,1,86712,0.5083243000000001,.5495686,0.4488268,59705,116300,124343,12395.0,525.0,0.0025470970371197,1117.0,192.0,0.0,22421.0,0.0,22613,4965.0,2912.0,0.4163559236440764,495050,Y,N,10.0,Grid,Oval,Dominion ImageCast,Link,Y,,SanFrancisco_11052019_DistrictAttorney_tab1,,2,2,0,1,0,0,0,1,3,0,1,4,2,2,0,0,0,0,0,1,3,0,1,4,1,0,0,1,0,0,1,0.0,11,1,0,local,yes
San Francisco,CA,2019,11/5/2019,Treasurer,Jose Cisneros,Incumbent,1,1,206117,154873,154873,154867,0.9999613,1,154867,0.9999613,.9999806,0.9999613,154870,7,154870,51198.0,46.0,0.0002231742165857,48.0,0.0,0.0,0.0,0.0,0,3052.0,2206.0,0.4163559236440764,495050,Y,N,10.0,Grid,Oval,Dominion ImageCast,Link,Y,,SanFrancisco_11052019_Treasurer_tab1,,0,1,0,1,0,1,0,0,0,0,1,1,0,1,0,0,0,1,0,0,0,0,1,1,0,1,0,0,1,0,0,0.0,11,1,0,local,yes
San Francisco,CA,2019,11/5/2019,Board of Supervisors District 5,Dean Preston,Challenger,4,4,24765,23675,23261,11239,0.4747202,1,11723,0.5039766,.6823231,0.4951637,5512,12335,16944,1050.0,40.0,0.0016151827175449,127.0,8.0,0.0,406.0,0.0,414,609.0,437.0,0.4764699091888564,51976,Y,N,10.0,Grid,Oval,Dominion ImageCast,Link,Y,,SanFrancisco_11052019_MemberBoardofSupervisorsDistrict5_tab1,,2,2,0,0,1,0,0,1,1,1,3,4,1,1,0,0,0,0,0,0,1,1,1,2,0,0,0,1,0,0,1,0.0,11,1,0,local,yes
Oakland,CA,2020,11/3/2020,City Attorney,Barbara Parker,Incumbent,2,1,204976,175866,175866,141175,0.802741860279986,1,141175,0.802741860279986,.9249940295452219,0.802741860279986,111812,112571,163438,27822.0,798.0,0.003893138708922,983.0,0.0,0.0,0.0,0.0,0,6307.0,3362.0,,254365,Y,N,5.0,Grid,Oval,Dominion ImageCast,,Y,,Oakland_11032020_CityAttorneyOaklandRCV_tab1,,1,1,0,1,2,0,0,0,0,0,2,2,1,1,0,0,2,0,0,0,0,0,2,2,0,0,0,1,0,0,1,0.0,11,1,0,local,yes
Oakland,CA,2020,11/3/2020,School Director District 7,Clifford Thompson,OpenSeat,5,4,20748,18247,16134,5443,0.2982956102372993,1,8603,0.5332217676955497,.612210226338576,0.4714747629747356,9658,14075,13952,2196.0,244.0,0.0117601696549065,546.0,100.0,0.0,2013.0,0.0,2113,1030.0,297.0,,30123,Y,N,5.0,Grid,Oval,Dominion ImageCast,,Y,,Oakland_11032020_SchoolDirectorDist7OaklandRCV_tab1,,1,4,0,1,3,2,0,0,0,0,5,5,1,4,0,0,3,2,0,0,0,0,5,5,1,0,0,1,0,0,1,0.0,11,1,0,local,yes
San Leandro,CA,2020,11/3/2020,County Council District 6,Pete Ballew,Incumbent,1,1,39821,29431,29431,29431,1.0,1,29431,1.0,.9699,1.0,29431,592,29433,9892.0,43.0,0.0010798322493157,46.0,0.0,0.0,0.0,0.0,0,887.0,2196.0,,8273,Y,N,5.0,Grid,Oval,Dominion ImageCast,,Y,,SanLeandro_11032020_MemberCityCouncilDist6SanLeandroRCV_tab1,,0,1,0,1,0,0,0,0,1,0,0,1,0,1,0,0,0,0,0,0,1,0,0,1,0,1,0,0,1,0,0,0.0,11,1,0,local,yes
San Francisco,CA,2020,11/3/2020,Board of Supervisors District 5,Dean Preston,Incumbent,4,1,46417,41764,41764,21484,0.5144,1,21484,0.5144,.7606000000000001,0.5144,20766,33369,35609,4555.0,98.0,0.0021112954305535,204.0,0.0,0.0,0.0,0.0,0,1001.0,1121.0,,50850,Y,N,10.0,Grid,Oval,Dominion ImageCast,Link,Y,,SanFrancisco_11032020_BOARDOFSUPERVISORSDISTRICT5_tab1,,2,2,0,1,2,0,0,0,1,1,3,4,1,2,0,0,1,0,0,0,1,1,2,3,0,0,0,1,0,0,1,0.0,11,1,0,local,yes
Berkeley,CA,2020,11/3/2020,City Council District 5,Sophie Hahn,Incumbent,3,1,10970,10012,10012,7682,0.7672792648821414,1,7682,0.7672792648821414,.8950259688373951,0.7672792648821414,2477,4889,9013,932.0,11.0,0.0010027347310848,22.0,0.0,0.0,0.0,0.0,0,209.0,139.0,,,Y,N,5.0,Grid,Oval,Dominion ImageCast,Link,Y,,Berkeley_11032020_MemberCityCouncilDist5BerkeleyRCV_tab1,,1,2,0,1,0,0,0,0,3,0,0,3,1,1,0,0,0,0,0,0,2,0,0,2,0,0,0,1,0,0,1,0.0,11,1,0,local,yes
Oakland,CA,2020,11/3/2020,City Council District 7,Treva Reid,OpenSeat,5,4,21404,19458,17603,6947,0.3570253880152123,1,10574,0.6006930636823269,.611727824031246,0.5434268681262205,9966,15224,15212,1573.0,275.0,0.0128480657820968,642.0,116.0,0.0,1739.0,0.0,1855,1280.0,440.0,,30123,Y,N,5.0,Grid,Oval,Dominion ImageCast,,Y,,Oakland_11032020_MemberCityCouncilDist7OaklandRCV_tab1,,2,3,0,1,5,0,0,0,0,0,5,5,2,3,0,0,5,0,0,0,0,0,5,5,1,0,0,1,0,0,1,0.0,11,1,0,local,yes
Oakland,CA,2020,11/3/2020,School Director District 1,SaMDavis,OpenSeat,3,2,41006,34439,33575,16400,0.476204303260838,1,20994,0.6252866716306776,.883533203635413,0.6095995818693922,17876,26683,30527,6436.0,68.0,0.0016582939082086,147.0,9.0,0.0,855.0,0.0,864,790.0,351.0,,46197,Y,N,5.0,Grid,Oval,Dominion ImageCast,,Y,,Oakland_11032020_SchoolDirectorDist1OaklandRCV_tab1,,1,2,0,1,0,0,0,0,3,0,0,3,1,2,0,0,0,0,0,0,3,0,0,3,1,0,0,1,0,0,1,0.0,11,1,0,local,yes
San Francisco,CA,2020,11/3/2020,Board of Supervisors District 1,Connie Chan,OpenSeat,7,6,39909,36076,34159,13508,0.3744,1,17142,0.5018,.6158,0.4752,12138,27970,27262,3726.0,107.0,0.0026810995013656,261.0,44.0,0.0,1873.0,0.0,1917,924.0,1736.0,,43833,Y,N,10.0,Grid,Oval,Dominion ImageCast,Link,Y,,SanFrancisco_11032020_BOARDOFSUPERVISORSDISTRICT1_tab1,,4,3,0,1,1,0,0,4,1,1,6,7,2,1,0,0,0,0,0,3,0,0,3,3,1,0,0,1,0,0,1,0.0,11,1,0,local,yes
San Francisco,CA,2020,11/3/2020,Board of Supervisors District 9,Hillary Ronen,Incumbent,2,1,36969,29275,29275,29212,0.9978,1,29212,0.9978,.9978,0.9978,6,6,29216,7692.0,2.0,5.40993805621e-05,3.0,0.0,0.0,0.0,0.0,0,1597.0,1777.0,,43041,Y,N,10.0,Grid,Oval,Dominion ImageCast,Link,Y,,SanFrancisco_11032020_BOARDOFSUPERVISORSDISTRICT9_tab1,,1,1,0,1,0,0,0,0,2,0,0,2,1,0,0,0,0,0,0,0,1,0,0,1,0,0,0,1,0,1,0,0.0,11,1,0,local,yes
Berkeley,CA,2020,11/3/2020,City Council District 3,Ben Bartlett,Incumbent,3,1,8669,7696,7696,5350,0.6951663201663202,1,5350,0.6951663201663202,.8902027027027021,0.6951663201663202,3162,4609,6883,923.0,26.0,0.0029991925250894,44.0,0.0,0.0,0.0,0.0,0,183.0,132.0,,,Y,N,5.0,Grid,Oval,Dominion ImageCast,Link,Y,,Berkeley_11032020_MemberCityCouncilDist3BerkeleyRCV_tab1,,1,2,0,1,2,1,0,0,0,0,3,3,1,2,0,0,2,1,0,0,0,0,3,3,0,0,0,1,0,0,1,0.0,11,1,0,local,yes
San Leandro,CA,2020,11/3/2020,County Council District 2,Bryan Azevedo,Challenger,2,1,39821,34358,34358,18518,0.5389720006985272,1,18518,0.5389720006985272,.8282000000000001,0.5389720006985272,22397,22608,28844,5046.0,225.0,0.0056502850254891,286.0,0.0,0.0,0.0,0.0,0,1424.0,1512.0,,7671,Y,N,5.0,Grid,Oval,Dominion ImageCast,,Y,,SanLeandro_11032020_MemberCityCouncilDist2SanLeandroRCV_tab1,,0,2,0,1,0,2,0,0,0,0,2,2,0,2,0,0,0,2,0,0,0,0,2,2,0,1,0,0,1,0,0,0.0,11,1,0,local,yes
Oakland,CA,2020,11/3/2020,School Director District 3,Vancedric Williams,OpenSeat,5,4,34417,28483,26790,10948,0.3843696239862374,1,16374,0.6111982082866741,.7664571849875359,0.5748692202366323,11928,23272,23657,5659.0,217.0,0.0063050236801581,504.0,39.0,0.0,1654.0,0.0,1693,847.0,281.0,,42605,Y,N,5.0,Grid,Oval,Dominion ImageCast,,Y,,Oakland_11032020_SchoolDirectorDist3OaklandRCV_tab1,,2,3,0,1,3,1,0,0,1,0,4,5,2,3,0,0,3,1,0,0,1,0,4,5,1,0,0,1,0,0,1,0.0,11,1,0,local,yes
San Francisco,CA,2020,11/3/2020,Board of Supervisors District 7,Myrna Melgar,OpenSeat,7,6,43426,39332,34931,7881,0.2004,3,18561,0.5313,.5305,0.4719,13443,35077,27981,3970.0,124.0,0.0028554322295399,295.0,35.0,0.0,4366.0,0.0,4401,1106.0,1431.0,,47893,Y,Y,10.0,Grid,Oval,Dominion ImageCast,Link,Y,,SanFrancisco_11032020_BOARDOFSUPERVISORSDISTRICT7_tab1,,2,5,0,1,0,2,0,2,3,0,4,7,2,4,0,0,0,2,0,2,2,0,4,6,1,0,0,1,0,0,1,0.0,11,1,0,local,yes
Oakland,CA,2020,11/3/2020,School Director District 5,Mike Hutchinson,OpenSeat,4,3,19777,17062,15979,6909,0.4049349431485172,1,9033,0.5653044621065147,.7257648575782441,0.5294221076075489,9127,12484,14192,2526.0,157.0,0.007938514435961,331.0,30.0,0.0,1053.0,0.0,1083,700.0,352.0,,26226,Y,N,5.0,Grid,Oval,Dominion ImageCast,,Y,,Oakland_11032020_SchoolDirectorDist5OaklandRCV_tab1,,1,3,0,1,3,1,0,0,0,0,4,4,1,3,0,0,3,1,0,0,0,0,4,4,1,0,0,1,0,0,1,0.0,11,1,0,local,yes
Oakland,CA,2020,11/3/2020,City Council District 1,Dan Kalb,Incumbent,3,1,41006,36823,36823,19872,0.5396627108057465,1,19872,0.5396627108057465,.875539744181625,0.5396627108057465,19683,27180,32532,3875.0,110.0,0.0026825342632785,185.0,0.0,0.0,0.0,0.0,0,1008.0,525.0,,46197,Y,N,5.0,Grid,Oval,Dominion ImageCast,,Y,,Oakland_11032020_MemberCityCouncilDist1OaklandRCV_tab1,,1,2,0,1,0,0,0,1,2,0,1,3,1,2,0,0,0,0,0,1,2,0,1,3,0,0,0,1,0,0,1,0.0,11,1,0,local,yes
Oakland,CA,2020,11/3/2020,City Council AL,Rebecca Kaplan,Incumbent,3,2,204976,184875,182032,91111,0.4928248816768087,1,95334,0.5237211039817175,.832146044624746,0.5156673427991887,101934,134375,156615,17370.0,1357.0,0.0066202872531418,2281.0,112.0,0.0,2731.0,0.0,2843,8433.0,4983.0,,254365,Y,N,5.0,Grid,Oval,Dominion ImageCast,,Y,,Oakland_11032020_MemberCityCouncilAtLargeOaklandRCV_tab1,,2,1,0,1,1,0,0,0,2,0,1,3,2,1,0,0,1,0,0,0,2,0,1,3,0,0,0,1,0,0,1,0.0,11,1,0,local,yes
Berkeley,CA,2020,11/3/2020,City Council District 2,Terry Taplin,Challenger,4,3,8984,8181,7641,3222,0.3938393839383939,1,4756,0.62243161889805,.7766776677667759,0.581347023591248,3235,6504,6660,725.0,65.0,0.0072350845948353,94.0,5.0,0.0,535.0,0.0,540,241.0,141.0,,,Y,N,5.0,Grid,Oval,Dominion ImageCast,Link,Y,,Berkeley_11032020_MemberCityCouncilDist2BerkeleyRCV_tab1,,1,3,0,1,3,0,0,0,1,0,3,4,1,3,0,0,3,0,0,0,1,0,3,4,0,0,0,1,0,0,1,0.0,11,1,0,local,yes
Berkeley,CA,2020,11/3/2020,Mayor,Jesse Arreguin,Incumbent,4,1,64074,58281,58281,36708,0.6298450609975806,1,36708,0.6298450609975806,.84137197371356,0.6298450609975806,18070,37694,51222,5428.0,146.0,0.0022786153510004,349.0,0.0,0.0,0.0,0.0,0,1719.0,1285.0,0.8126474393120767,78846,Y,N,5.0,Grid,Oval,Dominion ImageCast,Link,Y,,Berkeley_11032020_MayorBerkeleyRCV_tab1,,1,3,0,1,2,1,0,1,0,0,4,4,0,3,0,0,1,1,0,1,0,0,3,3,0,0,0,1,1,0,0,0.0,11,1,0,local,yes
Berkeley,CA,2020,11/3/2020,City Council District 6,Susan Wengraf,Incumbent,2,1,8579,7751,7751,5631,0.7264869049154947,1,5631,0.7264869049154947,.8611792026835241,0.7264869049154947,3224,3293,6704,800.0,6.0,0.0006993822123791,11.0,0.0,0.0,0.0,0.0,0,186.0,83.0,,,Y,N,5.0,Grid,Oval,Dominion ImageCast,Link,Y,,Berkeley_11032020_MemberCityCouncilDist6BerkeleyRCV_tab1,,1,1,0,1,0,0,0,0,2,0,0,2,1,1,0,0,0,0,0,0,2,0,0,2,0,0,0,1,0,0,1,0.0,11,1,0,local,yes
Oakland,CA,2020,11/3/2020,City Council District 5,Noel Gallo,Incumbent,3,1,19777,17667,17667,8976,0.5080658855493293,1,8976,0.5080658855493293,.818644931227712,0.5080658855493293,10526,13201,14697,1901.0,160.0,0.0080902057946099,252.0,0.0,0.0,0.0,0.0,0,758.0,523.0,,26226,Y,N,5.0,Grid,Oval,Dominion ImageCast,,Y,,Oakland_11032020_MemberCityCouncilDist5OaklandRCV_tab1,,1,2,0,1,0,3,0,0,0,0,3,3,1,2,0,0,0,3,0,0,0,0,3,3,0,0,0,1,0,0,1,0.0,11,1,0,local,yes
Oakland,CA,2020,11/3/2020,City Council District 3,Carroll Fife,Challenger,6,3,34417,30641,30194,15067,0.4917267713194739,1,15429,0.5109955620321919,.706308540843967,0.5035410071472863,12030,22270,24354,3427.0,294.0,0.0085422901473109,1113.0,51.0,0.0,396.0,0.0,447,1097.0,399.0,,42605,Y,N,5.0,Grid,Oval,Dominion ImageCast,,Y,,Oakland_11032020_MemberCityCouncilDist3OaklandRCV_tab1,,4,2,0,1,5,0,0,0,0,0,5,5,2,2,0,0,4,0,0,0,0,0,4,4,0,0,0,1,0,0,1,0.0,11,1,0,local,yes
San Leandro,CA,2020,11/3/2020,County Council District 4,Fred Simon,OpenSeat,2,1,39821,32691,32691,22999,0.7035269646079961,1,22999,0.7035269646079961,.8772,0.7035269646079961,20497,20692,29200,6748.0,172.0,0.0043193289972628,204.0,0.0,0.0,0.0,0.0,0,1202.0,2139.0,,8877,Y,N,5.0,Grid,Oval,Dominion ImageCast,,Y,,SanLeandro_11032020_MemberCityCouncilDist4SanLeandroRCV_tab1,,0,2,0,1,1,0,0,0,1,0,1,2,0,2,0,0,1,0,0,0,1,0,1,2,1,1,0,0,1,0,0,0.0,11,1,0,local,yes
San Francisco,CA,2020,11/3/2020,Board of Supervisors District 3,Aaron Peskin,Incumbent,4,1,32889,28893,28893,15412,0.5334,1,15412,0.5334,.7658,0.5334,15531,22098,25708,3904.0,92.0,0.0027972878470005,181.0,0.0,0.0,0.0,0.0,0,664.0,1201.0,,37649,Y,N,10.0,Grid,Oval,Dominion ImageCast,Link,Y,,SanFrancisco_11032020_BOARDOFSUPERVISORSDISTRICT3_tab1,,0,4,0,1,0,0,0,0,4,0,0,4,0,3,0,0,0,0,0,0,3,0,0,3,0,1,0,0,1,0,0,0.0,11,1,0,local,yes
San Francisco,CA,2020,11/3/2020,Board of Supervisors District 11,Ahsha Safai,Incumbent,4,3,34262,31350,30837,15135,0.4828,1,16367,0.5307,.8837,0.5221,20905,25184,27709,2795.0,117.0,0.0034148619461794,190.0,10.0,0.0,503.0,0.0,513,1201.0,581.0,,41122,Y,N,10.0,Grid,Oval,Dominion ImageCast,Link,Y,,SanFrancisco_11032020_BOARDOFSUPERVISORSDISTRICT11_tab1,,0,4,0,1,0,2,1,1,0,0,4,4,0,3,0,0,0,2,1,0,0,0,3,3,0,1,0,0,1,0,0,0.0,11,1,0,local,yes
Oakland,CA,2022,11/8/2022,School board district 6,VALARIE BACHELOR,,3,2,16898,14455,13948,6970,0.48219,1,7564,0.5423,.81695,0.52328,7095,10255,11809,2252.0,149.0,0.0088176115516629,270.0,14.0,0.0,493.0,0.0,507,660.0,335.0,,,Y,N,5.0,Grid,Oval,Dominion ImageCast,Link,Y,,Oakland_11082022_Schoolboarddistrict6,,2,1,0,0,0,2,0,0,0,1,3,3,2,1,0,0,0,2,0,0,0,1,3,3,0,0,0,1,0,0,1,0.0,11,1,0,local,yes
San Francisco,CA,2022,2/15/2022,Assessor Recorder,JOAQUIN TORRES,OpenSeat,1,1,308340,224579,224579,224579,1.0,1,224579,1.0,1,1.0,224580,1,224579,83754.0,7.0,2.27022118441e-05,9.0,0.0,0.0,0.0,0.0,0,9208.0,6742.0,,,Y,N,10.0,Grid,Oval,Dominion ImageCast,Link,Y,,SanFrancisco_11082022_AssessorRecorder,,0,1,0,0,0,1,0,0,0,0,1,1,0,1,0,0,0,1,0,0,0,0,1,1,1,1,0,0,1,0,0,1.0,2,0,0,local,yes
San Francisco,CA,2022,11/8/2022,"Board of Supervisors, District 2",CATHERINE STEFANI,,1,1,31877,22541,22541,22541,1.0,1,22541,1.0,1,1.0,22541,0,22541,9336.0,0.0,0.0,0.0,0.0,0.0,0.0,0.0,0,765.0,427.0,,,Y,N,10.0,Grid,Oval,Dominion ImageCast,Link,Y,,SanFrancisco_11082022_BoardofSupervisorsD2,,1,0,0,0,0,0,0,0,1,0,0,1,1,0,0,0,0,0,0,0,1,0,0,1,0,0,1,0,0,1,0,,11,1,0,local,yes
San Francisco,CA,2022,11/8/2022,"Board of Supervisors, District 10",SHAMANN WALTON,Incumbent,2,1,20674,16825,16825,12220,0.7263,1,12220,0.7263,.8773800000000001,0.7263,8002,8002,14762,3783.0,66.0,0.0031924155944665,75.0,0.0,0.0,0.0,0.0,0,872.0,606.0,,,Y,N,10.0,Grid,Oval,Dominion ImageCast,Link,Y,,SanFrancisco_11082022_BoardofSupervisorsD10,,0,2,0,0,1,0,1,0,0,0,2,2,0,2,0,0,1,0,1,0,0,0,2,2,0,1,0,0,1,0,0,0.0,11,1,0,local,yes
Oakland,CA,2022,11/8/2022,School board district 2,JENNIFER BROUHARD,,3,2,17851,15048,14672,7509,0.499,1,9372,0.63877,.84583,0.62281,6757,10625,12728,2649.0,97.0,0.0054338692510224,180.0,17.0,0.0,359.0,0.0,376,379.0,230.0,,,Y,N,5.0,Grid,Oval,Dominion ImageCast,Link,Y,,Oakland_11082022_Schoolboarddistrict2,,1,2,0,0,0,1,0,1,1,0,2,3,1,2,0,0,0,1,0,1,1,0,2,3,0,0,0,1,0,0,1,0.0,11,1,0,local,yes
San Francisco,CA,2022,11/8/2022,"Board of Supervisors, District 6",MATT DORSEY,Incumbent,4,1,18663,16274,16274,8267,0.50799,1,8267,0.50799,.73424,0.50799,6150,10807,13049,2299.0,90.0,0.0048223758238225,142.0,0.0,0.0,0.0,0.0,0,516.0,308.0,,,Y,N,10.0,Grid,Oval,Dominion ImageCast,Link,Y,Incumbent appointed,SanFrancisco_11082022_BoardofSupervisorsD6,,3,1,0,0,3,0,0,0,1,0,3,4,1,1,0,0,1,0,0,0,1,0,1,2,0,0,0,1,0,0,1,0.0,11,1,0,local,yes
Oakland,CA,2022,11/8/2022,City Councilmember District 6,KEVIN JENKINS,OpenSeat,4,1,16903,14748,14748,10484,0.71088,1,10484,0.71088,.87971,0.71088,5470,9724,13341,1968.0,137.0,0.0081050701058984,360.0,0.0,0.0,0.0,0.0,0,830.0,430.0,,,Y,N,5.0,Grid,Oval,Dominion ImageCast,Link,Y,,Oakland_11082022_CityCouncilmemberDistrict6,,1,3,0,0,3,0,0,0,1,0,3,4,1,3,0,0,3,0,0,0,1,0,3,4,1,0,0,1,0,0,1,0.0,11,1,0,local,yes
Oakland,CA,2022,11/8/2022,School board district 4,MIKE HUTCHINSON,,3,3,30983,26569,24586,8147,0.30664,3,12421,0.50521,.7211,0.4675,11665,18664,19183,4269.0,145.0,0.0046799857986638,254.0,28.0,0.0,1955.0,0.0,1983,603.0,304.0,,,N - no Condorcet winner,N,5.0,Grid,Oval,Dominion ImageCast,Link,Y,No Condorcet winner,Oakland_11082022_Schoolboarddistrict4,,1,2,0,1,2,0,0,0,1,0,2,3,1,2,0,0,2,0,0,0,1,0,2,3,0,0,0,1,0,0,1,0.0,11,1,0,local,yes
San Francisco,CA,2022,11/8/2022,"Board of Supervisors, District 4",JOEL ENGARDIO,Challenger,2,1,30085,27029,27029,13749,0.50868,1,13749,0.50868,.70114,0.50868,10655,10655,18951,3003.0,53.0,0.0017616752534486,57.0,0.0,0.0,0.0,0.0,0,1302.0,848.0,,,Y,N,10.0,Grid,Oval,Dominion ImageCast,Link,Y,,SanFrancisco_11082022_BoardofSupervisorsD4,,0,2,0,0,0,0,0,1,1,0,1,2,0,2,0,0,0,0,0,1,1,0,1,2,0,1,0,0,1,0,0,0.0,11,1,0,local,yes
Oakland,CA,2022,11/8/2022,City Councilmember District 4,JANANI RAMACHANDRAN,OpenSeat,2,1,30983,27722,27722,18953,0.68368,1,18953,0.68368,.85221,0.68368,14177,14389,23625,3090.0,89.0,0.0028725430074557,120.0,0.0,0.0,0.0,0.0,0,747.0,428.0,,,Y,N,5.0,Grid,Oval,Dominion ImageCast,Link,Y,,Oakland_11082022_CityCouncilmemberDistrict4,,1,0,1,0,1,0,0,1,0,0,2,2,1,0,1,0,1,0,0,1,0,0,2,2,1,0,0,1,0,0,1,0.0,11,1,0,local,yes
San Francisco,CA,2022,11/8/2022,Public Defender,MANO RAJU,OpenSeat,2,1,308340,255300,255300,183378,0.71828,1,183378,0.71828,.88996,0.71828,116471,116471,227206,52554.0,486.0,0.0015761821366025,537.0,0.0,0.0,0.0,0.0,0,9493.0,5482.0,,,Y,N,10.0,Grid,Oval,Dominion ImageCast,Link,Y,,SanFrancisco_11082022_PublicDefender,,1,1,0,0,0,0,0,2,0,0,2,2,1,1,0,0,0,0,0,2,0,0,2,2,1,0,0,1,0,0,1,0.0,11,1,0,local,yes
San Francisco,CA,2022,11/8/2022,"Board of Supervisors, District 8",RAFAEL MANDELMAN,Incumbent,2,1,42258,35370,35370,27395,0.77453,1,27395,0.77453,.89644,0.77453,14134,14134,31707,6852.0,36.0,0.0008519096975721,42.0,0.0,0.0,0.0,0.0,0,1325.0,572.0,,,Y,N,10.0,Grid,Oval,Dominion ImageCast,Link,Y,,SanFrancisco_11082022_BoardofSupervisorsD8,,1,1,0,0,0,1,0,0,1,0,1,2,1,1,0,0,0,1,0,0,1,0,1,2,0,0,0,1,0,0,1,0.0,11,1,0,local,yes
San Francisco,CA,2022,11/8/2022,District Attorney,BROOKE JENKINS,Incumbent,4,3,308340,275931,265318,126505,0.45847,1,142412,0.53676,.6614600000000001,0.51611,94727,174802,202121,31130.0,1279.0,0.0041480184212233,2368.0,284.0,0.0,10329.0,0.0,10613,10578.0,7389.0,,,Y,N,10.0,Grid,Oval,Dominion ImageCast,Link,Y,Incumbent appointed,SanFrancisco_11082022_DistrictAttorney,,1,3,0,0,1,0,0,1,1,1,3,4,1,2,0,0,1,0,0,1,1,0,2,3,0,0,0,1,0,0,1,0.0,11,1,0,local,yes
Oakland,CA,2022,11/8/2022,Mayor,SHENG THAO,OpenSeat,10,9,133527,126187,113735,40031,0.31724,2,57206,0.50298,.5694900000000001,0.45334,43740,109344,80552,4949.0,2241.0,0.0167831225145476,4658.0,834.0,0.0,8094.0,3524.0,12452,5356.0,1353.0,,,Y,Y,5.0,Grid,Oval,Dominion ImageCast,Link,Y,,Oakland_11082022_Mayor,,3,7,0,0,6,1,0,2,1,0,9,10,3,2,0,0,3,1,0,1,0,0,5,5,1,0,0,1,0,0,1,0.0,11,1,0,local,yes
Boulder,CO,2023,11/7/2023,Mayor,Aaron Brockett,Incumbent,4,2,32893,32893,32415,11504,0.3497,2,16823,0.519,.73651,0.51095,13174,25926,25278,0.0,0.0,0.0,0.0,0.0,12.0,472.0,0.0,511,305.0,148.0,,,Y,Y,4.0,,,Dominion,Link,Y,,Boulder_11072023_Mayor,,1,3,0,0,0,0,0,0,4,0,0,4,1,2,0,0,0,0,0,0,3,0,0,3,0,0,0,1,0,0,1,0.0,11,1,0,local,no
Takoma Park,MD,2022,11/8/2022,City Council Ward 2,Cindy Dyballa,Incumbent,1,1,1072,1072,1072,1010,0.94216,1,1010,0.94216,.95802,0.94216,1027,45,1027,0.0,0.0,0.0,0.0,0.0,0.0,0.0,0.0,0,14.0,0.0,,,Y,N,,,,,Link,Y,,TakomaPark_11082022_CityCouncilWard2,,1,0,0,1,0,0,0,0,1,0,0,1,1,0,0,1,0,0,0,0,1,0,0,1,0,0,1,0,0,1,0,0.0,11,1,0,local,yes
Takoma Park,MD,2022,11/8/2022,City Council Ward 6,Jason Small,OpenSeat,7,4,652,652,607,268,0.41104,1,315,0.51895,.70399,0.48313,11,479,513,0.0,0.0,0.0,0.0,0.0,0.0,45.0,0.0,45,14.0,6.0,,,Y,N,,,,,Link,Y,,TakomaPark_11082022_CityCouncilWard6,,0,4,0,1,3,0,0,0,1,0,3,4,0,4,0,0,3,0,0,0,1,0,3,4,1,1,0,0,1,0,0,0.0,11,1,0,local,yes
Takoma Park,MD,2022,11/8/2022,City Council Ward 4,Terry Seamens,Incumbent,1,1,576,576,576,559,0.97049,1,559,0.97049,.98958,0.97049,570,29,570,0.0,0.0,0.0,0.0,0.0,0.0,0.0,0.0,0,18.0,0.0,,,Y,N,,,,,Link,Y,,TakomaPark_11082022_CityCouncilWard4,,0,1,0,1,0,0,0,0,1,0,0,1,0,1,0,0,0,0,0,0,1,0,0,1,0,1,0,0,1,0,0,0.0,11,1,0,local,yes
Takoma Park,MD,2022,11/8/2022,City Council Ward 3,Randy Gibson,OpenSeat,5,3,1373,1373,1348,601,0.43773,1,726,0.53858,.82374,0.52877,10,1086,1133,0.0,0.0,0.0,0.0,0.0,0.0,25.0,0.0,25,9.0,5.0,,,Y,N,,,,,Link,Y,,TakomaPark_11082022_CityCouncilWard3,,1,2,0,1,0,1,0,0,2,0,1,3,1,2,0,0,0,1,0,0,2,0,1,3,1,0,0,1,0,0,1,0.0,11,1,0,local,yes
Takoma Park,MD,2022,11/8/2022,Mayor,Talisha Searcy,OpenSeat,6,1,5712,5712,5712,2974,0.52066,1,2974,0.52066,.85014,0.52066,106,4591,4866,0.0,0.0,0.0,0.0,0.0,0.0,0.0,0.0,0,75.0,31.0,,,Y,N,,,,,Link,Y,,TakomaPark_11082022_Mayor,,1,2,0,1,2,0,0,0,1,0,2,3,1,2,0,0,2,0,0,0,1,0,2,3,1,0,0,1,0,0,1,0.0,11,1,0,local,yes
Takoma Park,MD,2022,11/8/2022,City Council Ward 1,Shana Fulcher,OpenSeat,3,1,1364,1364,1364,792,0.58065,1,792,0.58065,.84531,0.58065,628,967,1154,0.0,0.0,0.0,0.0,0.0,0.0,0.0,0.0,0,8.0,7.0,,,Y,N,,,,,Link,Y,,TakomaPark_11082022_CityCouncilWard1,,2,1,0,1,0,0,0,0,3,0,0,3,2,1,0,0,0,0,0,0,3,0,0,3,1,0,0,1,0,0,1,0.0,11,1,0,local,yes
Takoma Park,MD,2022,11/8/2022,City Council Ward 5,Cara Honzak,OpenSeat,3,2,487,487,453,236,0.4846,1,265,0.58499,.82136,0.54415,255,348,401,0.0,0.0,0.0,0.0,0.0,0.0,34.0,0.0,34,15.0,6.0,,,Y,N,,,,,Link,Y,,TakomaPark_11082022_CityCouncilWard5,,2,1,0,0,1,0,0,0,2,0,1,3,2,1,0,0,1,0,0,0,2,0,1,3,1,0,0,1,0,0,1,0.0,11,1,0,local,yes
Maine,ME,2018,11/6/2018,Congressional District 2,Jared Golden,Challenger,4,3,296077,289624,281371,132013,0.4558082000000001,2,142440,0.5062355000000001,.5397067,0.4918101,76900,142226,180457,5711.0,462.0,0.0015604048946727,1994.0,98.0,135.0,8020.0,0.0,8253,12625.0,14626.0,0.5845559418676048,506499,Y,Y,12.0,Grid,Oval,DS200/DS450/ExpressVote,Link,Y,,Maine_11062018_CongressionalDistrict2_tab1,,1,3,0,0,0,0,0,0,4,0,0,4,1,2,0,0,0,0,0,0,3,0,0,3,0,0,0,1,0,0,1,0.0,11,1,0,federal,yes
Maine,ME,2018,6/12/2018,"CD 2, Democratic Primary",Jared Golden,OpenSeat,4,3,50845,45211,43464,20987,0.4642012,1,23611,0.5432312,.7819336,0.5222402,15534,33308,37166,5408.0,132.0,0.0025961254793982,341.0,26.0,20.0,1701.0,0.0,1747,1024.0,1336.0,0.1008687268261812,504071,Y,N,12.0,Grid,Oval,DS200/DS450/ExpressVote,Link,Y,,Maine_06122018_DemocraticPrimaryforCD2_tab1,,0,4,0,0,0,0,0,0,4,0,0,4,0,4,0,0,0,0,0,0,4,0,0,4,1,1,0,0,1,0,0,0.0,6,0,1,federal,yes
Maine,ME,2018,6/12/2018,"Governor, Democratic Primary",Janet Mills,OpenSeat,7,7,132250,126139,117253,41735,0.3308652,1,63387,0.5406002,.6344112,0.5025171,40921,110621,100599,5535.0,468.0,0.003538752362949,1843.0,150.0,151.0,8585.0,0.0,8886,4365.0,5856.0,0.1245381025384114,1061924,Y,N,12.0,Grid,Oval,DS200/DS450/ExpressVote,Link,Y,,Maine_06122018_DemocraticPrimaryforGovernor_tab1,,4,3,0,1,0,0,0,0,7,0,0,7,2,2,0,0,0,0,0,0,4,0,0,4,1,0,0,1,0,0,1,0.0,6,0,1,state,yes
Maine,ME,2020,7/14/2020,State House District 49 Democratic Primary,Poppy Arford,OpenSeat,3,2,2358,2169,2075,899,0.4144767,1,1189,0.5730120000000001,.8644537,0.5481789,1493,1761,1875,185.0,3.0,0.0012722646310433,5.0,1.0,0.0,93.0,0.0,94,23.0,4.0,,7966,Y,N,12.0,Grid,Oval,DS200/DS450/ExpressVote,Link,Y,,Maine_07142020_DemocraticCandidateforMaineStateHouseDistrict49_tab1,,3,0,0,0,0,0,0,0,3,0,0,3,3,0,0,0,0,0,0,0,3,0,0,3,1,0,1,0,0,1,0,0.0,7,0,1,state,yes
Maine,ME,2020,7/14/2020,State Senate District 11 Democratic Primary,Glenn Chip Curry,OpenSeat,3,2,5723,5279,5019,2294,0.434552,1,2807,0.5592748000000001,.8939193000000001,0.5317295,3824,4342,4719,427.0,13.0,0.0022715359077407,42.0,7.0,0.0,253.0,0.0,260,88.0,27.0,,29561,Y,N,12.0,Grid,Oval,DS200/DS450/ExpressVote,Link,Y,,Maine_07142020_DemocraticCandidateforMaineStateSenateDistrict11_tab1,,0,2,1,0,0,0,0,0,3,0,0,3,0,2,1,0,0,0,0,0,3,0,0,3,1,0,0,1,0,0,1,0.0,7,0,1,state,yes
Maine,ME,2020,7/14/2020,State House District 90 Democratic Primary,Lydia V. Crafts,OpenSeat,3,2,2083,2024,1981,1010,0.4990119,1,1143,0.5769813,.8759881000000001,0.5647233,1441,1671,1773,53.0,5.0,0.0024003840614498,12.0,3.0,0.0,40.0,0.0,43,22.0,9.0,,7197,Y,N,12.0,Grid,Oval,DS200/DS450/ExpressVote,Link,Y,,Maine_07142020_DemocraticCandidateforMaineStateHouseDistrict90_tab1,,2,1,0,0,0,0,0,0,3,0,0,3,2,1,0,0,0,0,0,0,3,0,0,3,1,0,0,1,0,0,1,0.0,7,0,1,state,yes
Maine,ME,2020,7/14/2020,State House District 47 Democratic Primary,Arthur L. Bell,OpenSeat,3,2,2624,2493,2413,978,0.3922984000000001,1,1274,0.5279735,.8820698,0.5110309000000001,1833,2073,2199,125.0,5.0,0.001905487804878,20.0,2.0,0.0,78.0,0.0,80,28.0,8.0,,7911,Y,N,12.0,Grid,Oval,DS200/DS450/ExpressVote,Link,Y,,Maine_07142020_DemocraticCandidateforMaineStateHouseDistrict47_tab1,,1,2,0,0,0,0,0,0,3,0,0,3,1,2,0,0,0,0,0,0,3,0,0,3,1,0,0,1,0,0,1,0.0,7,0,1,state,yes
Maine,ME,2020,7/14/2020,State House District 41 Democratic Primary,Samuel Lewis Zager,OpenSeat,3,2,2638,2519,2464,1239,0.4918618,1,1397,0.5669643,.9086938999999999,0.5545852,1818,2134,2289,114.0,4.0,0.001516300227445,10.0,0.0,0.0,55.0,0.0,55,12.0,7.0,,6739,Y,N,12.0,Grid,Oval,DS200/DS450/ExpressVote,Link,Y,,Maine_07142020_DemocraticCandidateforMaineStateHouseDistrict41_tab1,,1,2,0,0,0,0,0,0,3,0,0,3,1,2,0,0,0,0,0,0,3,0,0,3,1,0,0,1,0,0,1,0.0,7,0,1,state,yes
Maine,ME,2020,7/14/2020,"CD2, Republican Primary",Dale Crafts,Challenger,3,2,58506,52561,48314,23665,0.4502388,1,28019,0.5799354,.8082989,0.5330758999999999,28287,33958,42485,5518.0,315.0,0.0053840631730079,574.0,57.0,0.0,4190.0,0.0,4247,4096.0,456.0,,464085,Y,N,12.0,Grid,Oval,DS200/DS450/ExpressVote,Link,Y,,Maine_07142020_RepublicanCandidateforUSHouseofRepresentativesDistrict2_tab1,,1,2,0,0,0,0,0,0,3,0,0,3,1,2,0,0,0,0,0,0,3,0,0,3,0,0,0,1,0,0,1,0.0,7,0,1,federal,yes
Portland,ME,2021,11/2/2021,City Council At-Large,Roberto Rodriguez,OpenSeat,4,3,21322,19188,17063,5580,0.2908067542213884,1,8549,0.5010256109711071,Unknown,0.4455388784657077,Unknown,Unknown,Unknown,,,,,,,,,4259,,,,,Unknown,N,15.0,Grid,Oval,ES&S DS200/AutoMARK,Link,Y,Recount after final-round tie. This database reflects results of the recount.,Portland_11022021_CityCouncilAL,,0,4,0,0,0,1,0,0,3,0,1,4,0,4,0,0,0,1,0,0,3,0,1,4,1,1,0,0,1,0,0,0.0,11,1,0,local,no
Maine,ME,2022,11/8/2022,"US House, District ME-02",Jared Golden,Incumbent,3,3,322778,316777,311667,153209,0.48365,1,165296,0.53036,.6259900000000001,0.52181,80711,160112,200805,4944.0,1057.0,0.0032746965406564,2297.0,173.0,0.0,4937.0,0.0,5110,66619.0,9741.0,,,Y,N,12.0,Grid,Oval,DS200/DS450/ExpressVote,Link,Y,,Maine_11082022_CongressionalDistrict2,,1,2,0,1,0,0,0,0,3,0,0,3,1,2,0,0,0,0,0,0,3,0,0,3,0,0,0,1,0,0,1,0.0,11,1,0,federal,yes
Portland,ME,2022,6/14/2022,School board district 5,"Brydon, Sarah M.",OpenSeat,5,5,2131,1949,1737,945,0.4848640328373525,1,1195,0.6879677605066206,.64872,0.6131349409953822,383,1238,1349,175.0,8.0,0.003754106053496,13.0,0.0,0.0,48.0,5.0,53,36.0,15.0,,,Y,N,15.0,Grid,Oval,ES&S DS200/AutoMARK,Link,Y,,Portland_06142022_SchoolBoardDistrict5,,4,1,0,0,0,0,0,0,5,0,0,5,4,1,0,0,0,0,0,0,5,0,0,5,1,0,0,1,0,0,1,0.0,6,0,1,local,yes
Portland,ME,2022,11/8/2022,School Board District 3,"Opperman, Julianne R.",Incumbent,3,2,7518,6217,5911,2872,0.46196,1,3232,0.54678,.78076,0.51986,2758,3885,4854,1296.0,13.0,0.0017291832934291,41.0,0.0,0.0,306.0,0.0,306,153.0,27.0,,,Y,N,15.0,Grid,Oval,ES&S DS200/AutoMARK,Link,Y,,Portland_11082022_SchoolBoardDistrict3,,1,2,0,0,0,0,0,0,3,0,0,3,1,2,0,0,0,0,0,0,3,0,0,3,0,0,0,1,0,0,1,0.0,11,1,0,local,yes
Eastpointe,MI,2020,11/3/2020,City council special election (single seat),Sylvia Moore,OpenSeat,3,2,18093,13922,13176,5177,0.3719,1,7525,0.5711,.8391,0.5405,9835,11015,11682,4139.0,20.0,0.001105399878406,139.0,32.0,0.0,391.0,0.0,746,1402.0,77.0,,26231,Y,N,4.0,Columns,Oval,DS200/DS450/AutoMARK,Link,Y,,Eastpointe_11032020_CityCouncil,,2,1,0,0,3,0,0,0,0,0,3,3,2,1,0,0,3,0,0,0,0,0,3,3,1,0,0,1,0,0,1,0.0,11,1,0,local,no
Minneapolis,MN,2009,11/6/2009,City Council Ward 11,John Quincy,OpenSeat,3,1,4235,4010,4010,2551,0.6361596,1,2551,0.6361596,.8122195000000001,0.6361596,510,2143,3257,225.0,0.0,0.0,0.0,0.0,0.0,0.0,0.0,0,12.0,1.0,0.2120362489360637,19973,Y,N,3.0,Columns,Oval,ES&S: DS200s/DS850/AutoMARK,Link,Y,,Minneapolis_11062009_Ward11CityCouncil_tab1,,0,3,0,1,0,0,0,0,2,0,0,2,0,3,0,0,0,0,0,0,2,0,0,2,1,1,0,0,1,0,0,0.0,11,1,0,local,yes
Minneapolis,MN,2009,11/6/2009,City Council Ward 9,Gary Schiff,Incumbent,4,1,3035,2995,2995,1818,0.6070117,1,1818,0.6070117,.8086811,0.6070117,958,1913,2422,40.0,0.0,0.0,0.0,0.0,0.0,0.0,0.0,0,8.0,1.0,0.2145027917167291,14149,Y,N,3.0,Columns,Oval,ES&S: DS200s/DS850/AutoMARK,Link,Y,,Minneapolis_11062009_Ward9CityCouncil_tab1,,0,4,0,1,0,0,1,0,2,0,1,3,0,3,0,0,0,0,0,0,2,0,0,2,0,1,0,0,1,0,0,0.0,11,1,0,local,yes
Minneapolis,MN,2009,11/6/2009,City Council Ward 4,"Barbara A. ""Barb"" Johnson",Incumbent,4,3,3322,3299,3106,1546,0.4686269,1,1618,0.5209272,.667475,0.4904517,1250,1883,2202,23.0,0.0,0.0,0.0,0.0,0.0,193.0,0.0,193,2.0,0.0,0.2144470983151507,15491,Y,N,3.0,Columns,Oval,ES&S: DS200s/DS850/AutoMARK,Link,Y,,Minneapolis_11062009_Ward4CityCouncil_tab1,,1,3,0,1,2,0,0,0,2,0,2,4,1,3,0,0,2,0,0,0,2,0,2,4,0,0,0,1,0,0,1,0.0,11,1,0,local,yes
Minneapolis,MN,2009,11/6/2009,Park and Recreation Board District 1,Liz Wielinski,OpenSeat,3,1,6907,5842,5842,4335,0.7420404,1,4335,0.7420404,.8464567,0.7420404,1356,1990,4945,1065.0,0.0,0.0,0.0,0.0,0.0,0.0,0.0,0,17.0,0.0,,Unknown,Y,N,3.0,Columns,Oval,ES&S: DS200s/DS850/AutoMARK,Link,Y,,Minneapolis_11062009_PRBoardDistrict1_tab1,,1,2,0,1,0,0,0,0,2,0,0,2,1,2,0,0,0,0,0,0,2,0,0,2,1,0,0,1,0,0,1,0.0,11,1,0,local,yes
Minneapolis,MN,2009,11/6/2009,City Council Ward 7,Lisa Goodman,Incumbent,3,1,4532,4392,4392,2997,0.682377,1,2997,0.682377,.7704918000000001,0.682377,753,1519,3384,140.0,0.0,0.0,0.0,0.0,0.0,0.0,0.0,0,15.0,0.0,0.1917170777105631,23639,Y,N,3.0,Columns,Oval,ES&S: DS200s/DS850/AutoMARK,Link,Y,,Minneapolis_11062009_Ward7CityCouncil_tab1,,1,2,0,1,0,0,0,0,3,0,0,3,1,2,0,0,0,0,0,0,3,0,0,3,0,0,0,1,0,0,1,0.0,11,1,0,local,yes
Minneapolis,MN,2009,11/6/2009,Park and Recreation Board District 3,Scott Vreeland,Incumbent,2,1,6160,4736,4736,3430,0.7242399,1,3430,0.7242399,.8291807,0.7242399,1215,1280,3927,1424.0,0.0,0.0,0.0,0.0,0.0,0.0,0.0,0,25.0,0.0,,Unknown,Y,N,3.0,Columns,Oval,ES&S: DS200s/DS850/AutoMARK,Link,Y,,Minneapolis_11062009_PRBoardDistrict3_tab1,,0,2,0,1,0,0,0,0,2,0,0,2,0,2,0,0,0,0,0,0,2,0,0,2,0,1,0,0,1,0,0,0.0,11,1,0,local,yes
Minneapolis,MN,2009,11/6/2009,City Council Ward 3,Diane Hofstede,Incumbent,4,1,2257,2222,2222,1465,0.6593159000000001,1,1465,0.6593159000000001,.7952294999999999,0.6593159000000001,641,1160,1767,35.0,0.0,0.0,0.0,0.0,0.0,0.0,0.0,0,7.0,0.0,0.1413363391571169,15969,Y,N,3.0,Columns,Oval,ES&S: DS200s/DS850/AutoMARK,Link,Y,,Minneapolis_11062009_Ward3CityCouncil_tab1,,1,3,0,1,0,0,0,1,3,0,1,4,1,2,0,1,0,0,0,1,2,0,1,3,0,0,0,1,0,0,1,0.0,11,1,0,local,yes
Minneapolis,MN,2009,11/6/2009,City Council Ward 2,CaMGordon,Incumbent,2,1,2842,2689,2689,2260,0.8404611,1,2260,0.8404611,.8858311999999999,0.8404611,437,475,2382,153.0,0.0,0.0,0.0,0.0,0.0,0.0,0.0,0,16.0,0.0,0.1420644838790302,20005,Y,N,3.0,Columns,Oval,ES&S: DS200s/DS850/AutoMARK,Link,Y,,Minneapolis_11062009_Ward2CityCouncil_tab1,,0,2,0,1,1,0,0,0,1,0,1,2,0,2,0,0,1,0,0,0,1,0,1,2,0,1,0,0,1,0,0,0.0,11,1,0,local,yes
Minneapolis,MN,2009,11/6/2009,City Council Ward 12,Sandy Colvin Roy,Incumbent,4,1,4818,4718,4718,3035,0.6432810999999999,1,3035,0.6432810999999999,.7774481,0.6432810999999999,1224,2357,3668,100.0,0.0,0.0,0.0,0.0,0.0,0.0,0.0,0,9.0,0.0,0.231868713605082,20779,Y,N,3.0,Columns,Oval,ES&S: DS200s/DS850/AutoMARK,Link,Y,,Minneapolis_11062009_Ward12CityCouncil_tab1,,1,3,0,1,0,0,0,0,4,0,0,4,1,2,0,0,0,0,0,0,3,0,0,3,0,0,0,1,0,0,1,0.0,11,1,0,local,yes
Minneapolis,MN,2009,11/6/2009,City Council Ward 1,Kevin Reich,OpenSeat,5,1,4016,3969,3969,1997,0.5031494,1,1997,0.5031494,.7029478,0.5031494,1455,2500,2790,47.0,0.0,0.0,0.0,0.0,0.0,0.0,0.0,0,8.0,0.0,0.2269311182686331,17697,Y,N,3.0,Columns,Oval,ES&S: DS200s/DS850/AutoMARK,Link,Y,,Minneapolis_11062009_Ward1CityCouncil_tab1,,1,4,0,1,0,0,0,0,5,0,0,5,1,3,0,0,0,0,0,0,4,0,0,4,1,0,0,1,0,0,1,0.0,11,1,0,local,yes
Minneapolis,MN,2009,11/6/2009,Park and Recreation Board District 5,Carol Kummer,Incumbent,5,5,9382,7848,6891,2964,0.3776758,1,3620,0.5253229,.6156983,0.461264,2513,4383,4832,1534.0,0.0,0.0,0.0,0.0,0.0,893.0,64.0,957,16.0,0.0,,Unknown,Y,N,3.0,Columns,Oval,ES&S: DS200s/DS850/AutoMARK,Link,Y,,Minneapolis_11062009_PRBoardDistrict5_tab1,,1,4,0,1,0,0,0,0,3,0,0,3,1,2,0,0,0,0,0,0,3,0,0,3,0,0,0,1,0,0,1,0.0,11,1,0,local,yes
Minneapolis,MN,2009,11/6/2009,Park and Recreation Board District 6,Brad Bourn,OpenSeat,4,4,10186,8354,7806,4023,0.4815657,1,4300,0.5508583,.6371798,0.5147235,2124,4131,5323,1832.0,0.0,0.0,0.0,0.0,0.0,548.0,0.0,548,18.0,0.0,,Unknown,Y,N,3.0,Columns,Oval,ES&S: DS200s/DS850/AutoMARK,Link,Y,,Minneapolis_11062009_PRBoardDistrict6_tab1,,2,2,0,1,0,0,0,0,3,0,0,3,1,2,0,0,0,0,0,0,3,0,0,3,1,0,0,1,0,0,1,0.0,11,1,0,local,yes
Minneapolis,MN,2009,11/6/2009,Mayor,R.T. Rybak,Incumbent,11,1,45968,45157,45157,33234,0.7359656,1,33234,0.7359656,.8187435000000001,0.7359656,14152,20921,36972,811.0,0.0,0.0,0.0,0.0,0.0,0.0,0.0,0,72.0,0.0,0.1964209410839728,234028,Y,N,3.0,Columns,Oval,ES&S: DS200s/DS850/AutoMARK,Link,Y,,Minneapolis_11062009_Mayor_tab1,,0,11,0,1,2,0,0,0,8,0,2,10,0,2,0,0,0,0,0,0,2,0,0,2,0,1,0,0,1,0,0,0.0,11,1,0,local,yes
Minneapolis,MN,2009,11/6/2009,City Council Ward 13,Betsy Hodges,Incumbent,3,1,6059,5981,5981,4141,0.6923591,1,4141,0.6923591,.7896673,0.6923591,1001,2554,4723,78.0,0.0,0.0,0.0,0.0,0.0,0.0,0.0,0,18.0,0.0,0.2654312875104044,22827,Y,N,3.0,Columns,Oval,ES&S: DS200s/DS850/AutoMARK,Link,Y,,Minneapolis_11062009_Ward13CityCouncil_tab1,,1,2,0,1,0,0,0,0,3,0,0,3,1,1,0,0,0,0,0,0,2,0,0,2,0,0,0,1,0,0,1,0.0,11,1,0,local,yes
Minneapolis,MN,2009,11/6/2009,City Council Ward 5,Don Samuels,Incumbent,5,5,2200,2170,2024,1020,0.4700461,1,1131,0.5587945,.6387097000000001,0.5211982,981,1342,1386,30.0,0.0,0.0,0.0,0.0,0.0,129.0,17.0,146,6.0,0.0,0.1705426356589147,12900,Y,N,3.0,Columns,Oval,ES&S: DS200s/DS850/AutoMARK,Link,Y,,Minneapolis_11062009_Ward5CityCouncil_tab1,,2,3,0,1,4,0,0,0,1,0,4,5,2,1,0,0,3,0,0,0,0,0,3,3,0,0,0,1,0,0,1,0.0,11,1,0,local,yes
Minneapolis,MN,2009,11/6/2009,Park and Recreation Board District 4,Anita Tabb,OpenSeat,1,1,7389,5143,5143,5012,0.9745285,1,5012,0.9745285,.9782228000000001,0.9745285,5031,76,5031,2246.0,0.0,0.0,0.0,0.0,0.0,0.0,0.0,0,45.0,0.0,,Unknown,Y,N,3.0,Columns,Oval,ES&S: DS200s/DS850/AutoMARK,Link,Y,,Minneapolis_11062009_PRBoardDistrict4_tab1,,1,0,0,1,0,0,0,0,1,0,0,1,1,0,0,0,0,0,0,0,1,0,0,1,1,0,1,0,0,1,0,0.0,11,1,0,local,yes
Minneapolis,MN,2009,11/6/2009,City Council Ward 8,Elizabeth Glidden,Incumbent,5,1,3239,3096,3096,2291,0.7399871,1,2291,0.7399871,.880814,0.7399871,938,1834,2727,143.0,0.0,0.0,0.0,0.0,0.0,0.0,0.0,0,4.0,0.0,0.1951087283898561,16601,Y,N,3.0,Columns,Oval,ES&S: DS200s/DS850/AutoMARK,Link,Y,,Minneapolis_11062009_Ward8CityCouncil_tab1,,2,3,0,1,1,0,0,0,4,0,1,5,2,1,0,0,1,0,0,0,2,0,1,3,0,0,0,1,0,0,1,0.0,11,1,0,local,yes
Minneapolis,MN,2009,11/6/2009,Park and Recreation Board District 2,Jon Olson,Incumbent,2,1,5944,5100,5100,2874,0.5635294,1,2874,0.5635294,.727451,0.5635294,1767,1802,3710,844.0,0.0,0.0,0.0,0.0,0.0,0.0,0.0,0,14.0,0.0,,Unknown,Y,N,3.0,Columns,Oval,ES&S: DS200s/DS850/AutoMARK,Link,Y,,Minneapolis_11062009_PRBoardDistrict2_tab1,,0,2,0,1,0,0,0,0,2,0,0,2,0,2,0,0,0,0,0,0,2,0,0,2,0,1,0,0,1,0,0,0.0,11,1,0,local,yes
Minneapolis,MN,2009,11/6/2009,City Council Ward 6,Robert Lilligren,Incumbent,6,1,1982,1930,1930,1020,0.5284974,1,1020,0.5284974,.6803109000000001,0.5284974,930,1259,1313,52.0,0.0,0.0,0.0,0.0,0.0,0.0,0.0,0,4.0,0.0,0.1352439440464006,14655,Y,N,3.0,Columns,Oval,ES&S: DS200s/DS850/AutoMARK,Link,Y,,Minneapolis_11062009_Ward6CityCouncil_tab1,,2,4,0,1,0,0,1,0,4,1,2,6,2,3,0,0,0,0,1,0,3,1,2,5,0,0,0,1,0,0,1,0.0,11,1,0,local,yes
Minneapolis,MN,2009,11/6/2009,City Council Ward 10,Meg Tuthill,OpenSeat,4,1,3431,3329,3329,2405,0.7224392000000001,1,2405,0.7224392000000001,.8534094000000001,0.7224392000000001,975,1847,2841,102.0,0.0,0.0,0.0,0.0,0.0,0.0,0.0,0,4.0,0.0,0.1773768288269658,19343,Y,N,3.0,Columns,Oval,ES&S: DS200s/DS850/AutoMARK,Link,Y,,Minneapolis_11062009_Ward10CityCouncil_tab1,,2,2,0,1,0,0,0,0,4,0,0,4,2,2,0,0,0,0,0,0,4,0,0,4,1,0,0,1,0,0,1,0.0,11,1,0,local,yes
Minneapolis,MN,2013,11/5/2013,City Council Ward 9,Alondra Cano,OpenSeat,6,6,4310,4179,3745,1698,0.4063173,1,1987,0.5305740999999999,.7329505000000001,0.4754726,2343,3259,3063,130.0,1.0,0.0002320185614849,5.0,0.0,0.0,281.0,153.0,434,198.0,13.0,0.3404961289303207,12658,Y,N,3.0,Columns,Oval,ES&S: DS200s/DS850/AutoMARK,Link,Y,,Minneapolis_11052013_Ward9CityCouncil_tab1,,1,5,0,1,0,1,1,0,4,0,2,6,1,3,0,0,0,1,1,0,2,0,2,4,1,0,0,1,0,0,1,0.0,11,1,0,local,yes
Minneapolis,MN,2013,11/5/2013,City Council Ward 13,Linea Palmisano,OpenSeat,5,5,10742,10459,9764,4452,0.4256621,1,5059,0.5181278,.7785639000000001,0.4836983,6464,8627,8143,282.0,2.0,0.0001861850679575,13.0,0.0,0.0,583.0,112.0,695,150.0,17.0,0.4619817650094615,23252,Y,N,3.0,Columns,Oval,ES&S: DS200s/DS850/AutoMARK,Link,Y,,Minneapolis_11052013_Ward13CityCouncil_tab1,,2,3,0,1,0,0,0,0,5,0,0,5,2,2,0,0,0,0,0,0,4,0,0,4,1,0,0,1,0,0,1,0.0,11,1,0,local,yes
Minneapolis,MN,2013,11/5/2013,Mayor,Betsy Hodges,OpenSeat,35,35,80101,79415,63842,28962,0.3646918,1,38870,0.6088468,.6248568,0.4894541000000001,58944,68371,49623,639.0,104.0,0.0012983608194654,189.0,0.0,0.0,5424.0,10149.0,15573,1742.0,292.0,0.3337750276058921,239985,Y,N,3.0,Columns,Oval,ES&S: DS200s/DS850/AutoMARK,Link,Y,,Minneapolis_11052013_Mayor_tab1,,6,29,0,1,6,0,1,0,26,0,7,33,1,3,0,0,1,0,0,0,3,0,1,4,1,0,0,1,0,0,1,0.0,11,1,0,local,yes
Minneapolis,MN,2013,11/5/2013,Park and Recreation Board District 2,Jon Olson,Incumbent,2,1,8458,6054,6054,4070,0.6722828,1,4070,0.6722828,.8463826000000001,0.6722828,2702,2756,5124,2404.0,0.0,0.0,1.0,0.0,0.0,0.0,0.0,0,499.0,42.0,,Unknown,Y,N,3.0,Columns,Oval,ES&S: DS200s/DS850/AutoMARK,Link,Y,,Minneapolis_11052013_PRBoardDistrict2_tab1,,0,2,0,1,0,0,0,0,2,0,0,2,0,2,0,0,0,0,0,0,2,0,0,2,0,1,0,0,1,0,0,0.0,11,1,0,local,yes
Minneapolis,MN,2013,11/5/2013,City Council Ward 5,Blong Yang,OpenSeat,4,4,3622,3499,3236,1475,0.421549,1,1842,0.5692213,.7819377000000001,0.5264361000000001,1914,2429,2736,123.0,2.0,0.0005521811154059,5.0,0.0,0.0,263.0,0.0,263,255.0,27.0,0.2353782167923057,15388,Y,N,3.0,Columns,Oval,ES&S: DS200s/DS850/AutoMARK,Link,Y,,Minneapolis_11052013_Ward5CityCouncil_tab1,,0,4,0,1,1,0,0,1,1,1,3,4,0,4,0,0,1,0,0,1,1,1,3,4,1,1,0,0,1,0,0,0.0,11,1,0,local,yes
Minneapolis,MN,2013,11/5/2013,Park and Recreation Board District 6,Brad Bourn,Incumbent,2,1,18523,13739,13739,8903,0.6480092999999999,1,8903,0.6480092999999999,.824223,0.6480092999999999,6305,6397,11324,4782.0,2.0,0.0001079738703234,7.0,0.0,0.0,0.0,0.0,0,473.0,14.0,,Unknown,Y,N,3.0,Columns,Oval,ES&S: DS200s/DS850/AutoMARK,Link,Y,,Minneapolis_11052013_PRBoardDistrict6_tab1,,0,2,0,1,0,0,0,0,2,0,0,2,0,2,0,0,0,0,0,0,2,0,0,2,0,1,0,0,1,0,0,0.0,11,1,0,local,yes
Minneapolis,MN,2017,11/7/2017,Mayor,Jacob Frey,Challenger,18,18,105928,104522,81687,26116,0.2498613,1,46716,0.5718903000000001,.5239949,0.446949,75459,90564,54769,1369.0,101.0,0.0009534778340005,226.0,0.0,0.0,10919.0,11916.0,22835,2668.0,260.0,0.4245407034531405,249512,Y,N,3.0,Columns,Oval,ES&S: DS200s/DS850/AutoMARK,Link,Y,,Minneapolis_11072017_Mayor_tab1,,1,16,0,1,2,0,1,0,14,0,3,17,1,4,0,0,1,0,0,0,4,0,1,5,0,0,0,1,0,0,1,0.0,11,1,0,local,yes
Minneapolis,MN,2017,11/7/2017,Park and Recreation Board District 2,Kale Severson,OpenSeat,2,1,11162,8934,8934,5089,0.5696217,1,5089,0.5696217,.7843071,0.5696217,4558,4653,7007,2227.0,5.0,0.0004479483963447,16.0,0.0,0.0,0.0,0.0,0,843.0,57.0,,Unknown,Y,N,3.0,Columns,Oval,ES&S: DS200s/DS850/AutoMARK,Link,Y,,Minneapolis_11072017_PRBoardDistrict2_tab1,,0,2,0,1,1,0,0,0,1,0,1,2,0,2,0,0,1,0,0,0,1,0,1,2,1,1,0,0,1,0,0,0.0,11,1,0,local,yes
Minneapolis,MN,2017,11/7/2017,City Council Ward 13,Linea Palmisano,Incumbent,2,1,11742,11315,11315,9411,0.8317278,1,9411,0.8317278,.8816615,0.8317278,2739,2964,9976,427.0,2.0,0.0001703287344575,19.0,0.0,0.0,0.0,0.0,0,698.0,23.0,0.5006822445846836,23452,Y,N,3.0,Columns,Oval,ES&S: DS200s/DS850/AutoMARK,Link,Y,,Minneapolis_11072017_Ward13CityCouncil_tab1,,1,1,0,1,0,0,0,0,2,0,0,2,1,1,0,0,0,0,0,0,2,0,0,2,0,0,0,1,0,0,1,0.0,11,1,0,local,yes
Minneapolis,MN,2017,11/7/2017,City Council Ward 3,Steve Fletcher,OpenSeat,4,4,9877,9592,8705,2709,0.2824229,2,4861,0.5584147,.721643,0.5067765,5198,7613,6922,285.0,2.0,0.0002024906348081,15.0,0.0,0.0,887.0,0.0,887,249.0,20.0,0.4027811760867792,24522,Y,Y,3.0,Columns,Oval,ES&S: DS200s/DS850/AutoMARK,Link,Y,,Minneapolis_11072017_Ward3CityCouncil_tab1,,2,2,0,1,1,0,0,0,3,0,1,4,2,2,0,0,1,0,0,0,3,0,1,4,1,0,0,1,0,0,1,0.0,11,1,0,local,yes
Minneapolis,MN,2017,11/7/2017,City Council Ward 2,CaMGordon,Incumbent,1,1,7034,6090,6090,5923,0.972578,1,5923,0.972578,.9771757,0.972578,5951,156,5951,943.0,1.0,0.0001421666192778,3.0,0.0,0.0,0.0,0.0,0,1028.0,13.0,0.3973562309343577,17702,Y,N,3.0,Columns,Oval,ES&S: DS200s/DS850/AutoMARK,Link,Y,,Minneapolis_11072017_Ward2CityCouncil_tab1,,0,1,0,1,0,0,0,0,1,0,0,1,0,1,0,0,0,0,0,0,1,0,0,1,0,1,0,0,1,0,0,0.0,11,1,0,local,yes
Minneapolis,MN,2017,11/7/2017,City Council Ward 9,Alondra Cano,Incumbent,4,4,5650,5519,4916,2623,0.4752673,1,2982,0.6065907,.7265809,0.5403152999999999,2680,3951,4010,131.0,3.0,0.0005309734513274,7.0,0.0,0.0,603.0,0.0,603,322.0,20.0,0.2207721162863395,25592,Y,N,3.0,Columns,Oval,ES&S: DS200s/DS850/AutoMARK,Link,Y,,Minneapolis_11072017_Ward9CityCouncil_tab1,,1,3,0,1,0,1,1,0,2,0,2,4,1,2,0,0,0,1,1,0,1,0,2,3,0,0,0,1,0,0,1,0.0,11,1,0,local,yes
Minneapolis,MN,2017,11/7/2017,Park and Recreation Board District 6,Brad Bourn,Incumbent,4,4,21598,18488,17256,8084,0.4372566,1,8785,0.5090983,.6266768,0.4751731,5617,10073,11586,3110.0,3.0,0.0001389017501621,9.0,0.0,0.0,1232.0,0.0,1232,388.0,27.0,,Unknown,Y,N,3.0,Columns,Oval,ES&S: DS200s/DS850/AutoMARK,Link,Y,,Minneapolis_11072017_PRBoardDistrict6_tab1,,1,3,0,1,0,0,0,0,4,0,0,4,1,2,0,0,0,0,0,0,3,0,0,3,0,0,0,1,0,0,1,0.0,11,1,0,local,yes
Minneapolis,MN,2017,11/7/2017,City Council Ward 12,Andrew Johnson,Incumbent,3,1,10704,10184,10184,8875,0.871465,1,8875,0.871465,.9417713999999999,0.871465,2757,3945,9591,520.0,0.0,0.0,14.0,0.0,0.0,0.0,0.0,0,357.0,9.0,0.4708159225863207,22735,Y,N,3.0,Columns,Oval,ES&S: DS200s/DS850/AutoMARK,Link,Y,,Minneapolis_11072017_Ward12CityCouncil_tab1,,0,3,0,1,1,0,0,0,2,0,1,3,0,2,0,0,0,0,0,0,2,0,0,2,0,1,0,0,1,0,0,0.0,11,1,0,local,yes
Minneapolis,MN,2017,11/7/2017,Park and Recreation Board District 1,Chris Meyer,OpenSeat,3,3,17785,14303,13041,6358,0.4445221,1,7210,0.5528717000000001,.7457177,0.5040901,6020,8931,10666,3479.0,6.0,0.0003373629463031,20.0,0.0,0.0,1262.0,0.0,1262,381.0,20.0,,Unknown,Y,N,3.0,Columns,Oval,ES&S: DS200s/DS850/AutoMARK,Link,Y,,Minneapolis_11072017_PRBoardDistrict1_tab1,,0,3,0,1,0,0,1,0,2,0,1,3,0,3,0,0,0,0,1,0,2,0,1,3,1,1,0,0,1,0,0,0.0,11,1,0,local,yes
Minneapolis,MN,2017,11/7/2017,City Council Ward 8,Andrea Jenkins,Challenger,4,1,8275,7898,7898,5766,0.7300582,1,5766,0.7300582,.8988351,0.7300582,3418,5686,7099,377.0,1.0,0.0001208459214502,9.0,0.0,0.0,0.0,0.0,0,223.0,26.0,0.4574350469872858,18090,Y,N,3.0,Columns,Oval,ES&S: DS200s/DS850/AutoMARK,Link,Y,,Minneapolis_11072017_Ward8CityCouncil_tab1,,2,2,0,1,1,0,0,0,3,0,1,4,2,1,0,0,1,0,0,0,2,0,1,3,0,0,0,1,0,0,1,0.0,11,1,0,local,yes
Minneapolis,MN,2017,11/7/2017,City Council Ward 7,Lisa Goodman,Incumbent,4,1,9255,9090,9090,4751,0.5226623,1,4751,0.5226623,.7964796,0.5226623,4067,6264,7240,165.0,3.0,0.00032414910859,14.0,0.0,0.0,0.0,0.0,0,255.0,28.0,0.4451873586993121,20789,Y,N,3.0,Columns,Oval,ES&S: DS200s/DS850/AutoMARK,Link,Y,,Minneapolis_11072017_Ward7CityCouncil_tab1,,2,2,0,1,0,1,0,0,3,0,1,4,2,2,0,0,0,1,0,0,3,0,1,4,0,0,0,1,0,0,1,0.0,11,1,0,local,yes
Minneapolis,MN,2017,11/7/2017,Park and Recreation Board District 5,Steffanie Musich,Incumbent,3,1,20615,16238,16238,9466,0.5829536000000001,1,9466,0.5829536000000001,.8118611,0.5829536000000001,6290,9749,13183,4375.0,5.0,0.0002425418384671,11.0,0.0,0.0,0.0,0.0,0,308.0,19.0,,Unknown,Y,N,3.0,Columns,Oval,ES&S: DS200s/DS850/AutoMARK,Link,Y,,Minneapolis_11072017_PRBoardDistrict5_tab1,,2,1,0,1,0,0,0,0,3,0,0,3,2,1,0,0,0,0,0,0,3,0,0,3,0,0,0,1,0,0,1,0.0,11,1,0,local,yes
Minneapolis,MN,2017,11/7/2017,City Council Ward 6,Abdi Warsame,Incumbent,4,1,7397,7234,7234,3629,0.5016588000000001,1,3629,0.5016588000000001,.6794305000000001,0.5016588000000001,894,2287,4915,159.0,6.0,0.00081113965121,13.0,0.0,0.0,0.0,0.0,0,928.0,79.0,0.4703974562798092,15725,Y,N,3.0,Columns,Oval,ES&S: DS200s/DS850/AutoMARK,Link,Y,,Minneapolis_11072017_Ward6CityCouncil_tab1,,3,1,0,1,1,0,3,0,0,0,4,4,1,1,0,0,0,0,2,0,0,0,2,2,0,0,0,1,0,0,1,0.0,11,1,0,local,yes
Minneapolis,MN,2017,11/7/2017,Park and Recreation Board District 4,Jono Cowgill,Challenger,2,1,18167,13513,13513,6794,0.5027751,1,6794,0.5027751,.7090949000000001,0.5027751,6034,6166,9582,4652.0,4.0,0.0002201794462487,7.0,0.0,0.0,0.0,0.0,0,506.0,28.0,,Unknown,Y,N,3.0,Columns,Oval,ES&S: DS200s/DS850/AutoMARK,Link,Y,,Minneapolis_11072017_PRBoardDistrict4_tab1,,0,2,0,1,0,0,0,0,2,0,0,2,0,2,0,0,0,0,0,0,2,0,0,2,0,1,0,0,1,0,0,0.0,11,1,0,local,yes
Minneapolis,MN,2017,11/7/2017,City Council Ward 10,Lisa Bender,Incumbent,4,1,7911,7596,7596,4886,0.6432333,1,4886,0.6432333,.8300421,0.6432333,4001,5196,6305,315.0,0.0,0.0,8.0,0.0,0.0,0.0,0.0,0,168.0,14.0,0.3777576162735173,20942,Y,N,3.0,Columns,Oval,ES&S: DS200s/DS850/AutoMARK,Link,Y,,Minneapolis_11072017_Ward10CityCouncil_tab1,,2,2,0,1,0,0,0,0,4,0,0,4,2,2,0,0,0,0,0,0,4,0,0,4,0,0,0,1,0,0,1,0.0,11,1,0,local,yes
Minneapolis,MN,2017,11/7/2017,Park and Recreation Board District 3,AK Hassan,OpenSeat,3,3,16601,14630,13594,7094,0.4848941,1,7753,0.5703251,.7005468,0.5299385,4349,7175,10249,1956.0,20.0,0.0012047467020059,29.0,0.0,0.0,1036.0,0.0,1036,1172.0,123.0,,Unknown,Y,N,3.0,Columns,Oval,ES&S: DS200s/DS850/AutoMARK,Link,Y,,Minneapolis_11072017_PRBoardDistrict3_tab1,,0,3,0,1,0,0,2,0,1,0,2,3,0,3,0,0,0,0,2,0,1,0,2,3,1,1,0,0,1,0,0,0.0,11,1,0,local,yes
Minneapolis,MN,2017,11/7/2017,City Council Ward 4,Phillipe M. Cunningham,Challenger,4,4,5349,5263,5035,2140,0.4066122,2,2605,0.5173784,.6937108000000001,0.4949648,2545,3681,3651,84.0,3.0,0.0005608524957936,7.0,0.0,0.0,228.0,0.0,228,319.0,20.0,0.3117859640941945,17156,Y,Y,3.0,Columns,Oval,ES&S: DS200s/DS850/AutoMARK,Link,Y,,Minneapolis_11072017_Ward4CityCouncil_tab1,,3,1,0,1,1,1,0,0,2,0,2,4,2,1,0,0,1,1,0,0,1,0,2,3,0,0,0,1,0,0,1,0.0,11,1,0,local,yes
Minneapolis,MN,2017,11/7/2017,City Council Ward 11,Jeremy Schroeder,Challenger,3,3,9592,9160,8738,3230,0.3526201,1,4757,0.5444038,.789083,0.5193231,4789,7090,7228,432.0,0.0,0.0,5.0,0.0,0.0,422.0,0.0,422,159.0,17.0,0.4733517568101066,20264,Y,N,3.0,Columns,Oval,ES&S: DS200s/DS850/AutoMARK,Link,Y,,Minneapolis_11072017_Ward11CityCouncil_tab1,,1,2,0,1,1,0,0,0,2,0,1,3,1,2,0,0,1,0,0,0,2,0,1,3,0,0,0,1,0,0,1,0.0,11,1,0,local,yes
Minneapolis,MN,2017,11/7/2017,City Council Ward 5,Jeremiah Ellison,Challenger,4,4,4278,4216,4082,1987,0.4712998000000001,1,2313,0.5666340000000001,.7462049000000001,0.5486243000000001,2268,3050,3146,61.0,3.0,0.0007012622720898,8.0,0.0,0.0,134.0,0.0,134,425.0,28.0,0.2795712978695595,15302,Y,N,3.0,Columns,Oval,ES&S: DS200s/DS850/AutoMARK,Link,Y,,Minneapolis_11072017_Ward5CityCouncil_tab1,,2,2,0,1,3,0,0,1,0,0,4,4,1,2,0,0,2,0,0,1,0,0,3,3,0,0,0,1,0,0,1,0.0,11,1,0,local,yes
Minneapolis,MN,2017,11/7/2017,City Council Ward 1,Kevin Reich,Incumbent,3,3,8864,8734,8408,4015,0.4596977,1,4296,0.510942,.8196703,0.4918708000000001,3503,6309,7159,130.0,0.0,0.0,9.0,0.0,0.0,326.0,0.0,326,335.0,28.0,0.449447317716256,19722,Y,N,3.0,Columns,Oval,ES&S: DS200s/DS850/AutoMARK,Link,Y,,Minneapolis_11072017_Ward1CityCouncil_tab1,,0,3,0,1,0,0,0,0,3,0,0,3,0,3,0,0,0,0,0,0,3,0,0,3,0,1,0,0,1,0,0,0.0,11,1,0,local,yes
Minneapolis,MN,2020,8/11/2020,City Council Ward 6 Special,Jamal Osman,OpenSeat,12,12,8046,7746,5081,2131,0.2751,1,2795,0.55,.3879,0.3608,3065,3705,3005,288.0,25.0,0.0031071339796172,65.0,0.0,0.0,1097.0,1568.0,2665,1122.0,83.0,,15482,Y,N,3.0,Columns,Oval,ES&S: DS200s/DS850/AutoMARK,Link,Y,,Minneapolis_08112020_Ward6CityCouncilSpecialElection_tab1,,3,9,0,1,0,0,8,0,3,1,9,12,0,5,0,0,0,0,4,0,1,0,4,5,1,0,0,1,1,0,0,0.0,8,0,1,local,yes
Minneapolis,MN,2021,11/2/2021,City Council Ward 11,Emily Koski,Challenger,5,1,13877,13377,13377,7803,0.58331,1,7803,0.58331,.7544300000000001,0.58331,3876,7109,10092,499.0,4.0,0.0002882467392088,13.0,0.0,0.0,0.0,0.0,0,357.0,32.0,,,Y,N,3.0,Columns,Oval,ES&S: DS200s/DS850/AutoMARK,Link,Y,,Minneapolis_11022021_CityCouncilWard11,,1,4,0,1,1,0,0,0,4,0,1,5,1,2,0,0,0,0,0,0,3,0,0,3,0,0,0,1,0,0,1,0.0,11,1,0,local,yes
Minneapolis,MN,2021,11/2/2021,City Council Ward 8,Andrea Jenkins,Incumbent,2,1,11326,10648,10648,9044,0.84936,1,9044,0.84936,.87519,0.84936,723,1066,9319,678.0,0.0,0.0,10.0,0.0,0.0,0.0,0.0,0,1077.0,50.0,,,Y,N,3.0,Columns,Oval,ES&S: DS200s/DS850/AutoMARK,Link,Y,,Minneapolis_11022021_CityCouncilWard8,,1,1,0,1,1,0,0,0,1,0,1,2,1,1,0,0,1,0,0,0,1,0,1,2,0,0,0,1,0,0,1,0.0,11,1,0,local,yes
Minneapolis,MN,2021,11/2/2021,City Council Ward 3,Michael Rainville,Challenger,4,4,14438,13353,12565,6027,0.45136,1,6907,0.5497,.68112,0.51726,4242,7517,9095,1078.0,17.0,0.0011774484000554,25.0,0.0,0.0,788.0,0.0,788,426.0,64.0,,,Y,N,3.0,Columns,Oval,ES&S: DS200s/DS850/AutoMARK,Link,Y,,Minneapolis_11022021_CityCouncilWard3,,1,3,0,1,0,0,0,0,4,0,0,4,1,3,0,0,0,0,0,0,4,0,0,4,0,0,0,1,0,0,1,0.0,11,1,0,local,yes
Minneapolis,MN,2021,11/2/2021,City Council Ward 12,Andrew Johnson,Incumbent,3,1,16083,15359,15359,9952,0.64796,1,9952,0.64796,.80721,0.64796,2732,6594,12398,722.0,8.0,0.0004974196356401,17.0,0.0,0.0,0.0,0.0,0,581.0,34.0,,,Y,N,3.0,Columns,Oval,ES&S: DS200s/DS850/AutoMARK,Link,Y,,Minneapolis_11022021_CityCouncilWard12,,1,2,0,1,0,0,0,0,3,0,0,3,1,2,0,0,0,0,0,0,3,0,0,3,0,0,0,1,0,0,1,0.0,11,1,0,local,yes
Minnetonka,MN,2021,11/2/2021,City Council At Large Seat A,Deb Calvert,Incumbent,5,1,11350,10787,10787,5886,0.5456568091220914,1,5886,0.5456,.6916,0.5456568091220914,4412,7585,7461,550.0,20.0,0.0017621145374449,27.0,0.0,0.0,0.0,0.0,0,952.0,19.0,,,Y,N,3.0,Columns,Oval,ES&S: DS200s/DS850/AutoMARK,Link,Y,,Minnetonka_11022021_CityCouncilAtLargeSeatA,,2,2,1,0,1,0,0,0,4,0,1,5,2,2,1,0,1,0,0,0,4,0,1,5,0,0,0,1,0,0,1,0.0,11,1,0,local,yes
Minneapolis,MN,2021,11/2/2021,City Council Ward 4,LaTrisha Vetaw,Challenger,3,1,7500,7261,7261,4400,0.60598,1,4400,0.60598,.8067800000000001,0.60598,2017,3848,5858,238.0,3.0,0.0004,10.0,0.0,0.0,0.0,0.0,0,502.0,21.0,,,Y,N,3.0,Columns,Oval,ES&S: DS200s/DS850/AutoMARK,Link,Y,,Minneapolis_11022021_CityCouncilWard4,,1,2,0,1,2,0,0,0,1,0,2,3,1,2,0,0,2,0,0,0,1,0,2,3,0,0,0,1,0,0,1,0.0,11,1,0,local,yes
Minneapolis,MN,2021,11/2/2021,City Council Ward 13,Linea Palmisano,Incumbent,5,1,17028,16465,16465,10899,0.66195,1,10899,0.66195,.81026,0.66195,4186,8881,13341,562.0,6.0,0.0003523608174771,23.0,0.0,0.0,0.0,0.0,0,337.0,26.0,,,Y,N,3.0,Columns,Oval,ES&S: DS200s/DS850/AutoMARK,Link,Y,,Minneapolis_11022021_CityCouncilWard13,,2,3,0,1,0,0,0,0,4,0,0,4,1,2,0,0,0,0,0,0,2,0,0,2,0,0,0,1,0,0,1,0.0,11,1,0,local,yes
Minneapolis,MN,2021,11/2/2021,City Council Ward 5,Jeremiah Ellison,Incumbent,7,7,5616,5485,4141,1752,0.31942,1,2117,0.51123,.50611,0.38596,2406,3529,2776,128.0,8.0,0.0014245014245014,19.0,0.0,0.0,956.0,388.0,1344,448.0,42.0,,,Y,N,3.0,Columns,Oval,ES&S: DS200s/DS850/AutoMARK,Link,Y,,Minneapolis_11022021_CityCouncilWard5,,2,5,0,1,5,1,0,0,1,0,6,7,1,3,0,0,3,1,0,0,0,0,4,4,0,0,0,1,0,0,1,0.0,11,1,0,local,yes
Minneapolis,MN,2021,11/2/2021,City Council Ward 7,Lisa Goodman,Incumbent,4,1,12329,11655,11655,7214,0.61896,1,7214,0.61896,.74346,0.61896,3296,5588,8665,674.0,1.0,8.11095790413e-05,11.0,0.0,0.0,0.0,0.0,0,304.0,25.0,,,Y,N,3.0,Columns,Oval,ES&S: DS200s/DS850/AutoMARK,Link,Y,,Minneapolis_11022021_CityCouncilWard7,,2,2,0,1,0,0,0,1,2,1,2,4,1,2,0,0,0,0,0,1,1,1,2,3,0,0,0,1,0,0,1,0.0,11,1,0,local,yes
Minneapolis,MN,2021,11/2/2021,Park Board District 2,Becka Thompson,OpenSeat,3,3,15345,10811,9416,4479,0.4143,1,5280,0.56075,.6703400000000001,0.48839,4289,5972,7247,4534.0,3.0,0.0001955034213099,9.0,0.0,0.0,1395.0,0.0,1395,507.0,35.0,,,Y,N,3.0,Columns,Oval,ES&S: DS200s/DS850/AutoMARK,Link,Y,,Minneapolis_11022021_ParkBoardDistrict2,,1,2,0,1,1,0,0,0,1,1,2,3,1,2,0,0,1,0,0,0,1,1,2,3,1,0,0,1,0,0,1,0.0,11,1,0,local,yes
Minneapolis,MN,2021,11/2/2021,Park Board District 6,Cathy Abene,OpenSeat,4,4,30477,24522,19843,6445,0.26283,2,11621,0.58565,.5753200000000001,0.4739,9899,15167,14108,5951.0,11.0,0.0003609279128523,22.0,0.0,0.0,4679.0,0.0,4679,373.0,38.0,,,Y,Y,3.0,Columns,Oval,ES&S: DS200s/DS850/AutoMARK,Link,Y,,Minneapolis_11022021_ParkBoardDistrict6,,3,1,0,1,0,0,0,0,4,0,0,4,3,1,0,0,0,0,0,0,4,0,0,4,1,0,0,1,0,0,1,0.0,11,1,0,local,yes
Minneapolis,MN,2021,11/2/2021,City Council Ward 10,Aisha Chughtai,OpenSeat,6,6,11345,10659,8941,3934,0.36908,1,5360,0.59949,.56309,0.50286,5644,8542,6002,685.0,9.0,0.0007933010136624,16.0,0.0,0.0,1261.0,457.0,1718,207.0,21.0,,,Y,N,3.0,Columns,Oval,ES&S: DS200s/DS850/AutoMARK,Link,Y,,Minneapolis_11022021_CityCouncilWard10,,4,2,0,1,0,0,1,1,4,0,2,6,3,2,0,0,0,0,0,1,4,0,1,5,1,0,0,1,0,0,1,0.0,11,1,0,local,yes
Minneapolis,MN,2021,11/2/2021,Mayor,Jacob Frey,Incumbent,18,17,145337,143974,130526,61620,0.42799,1,68877,0.52769,.55921,0.4784,66858,105154,80512,1308.0,154.0,0.0010596062943366,315.0,0.0,0.0,7062.0,6386.0,13448,4889.0,386.0,,,Y,N,3.0,Columns,Oval,ES&S: DS200s/DS850/AutoMARK,Link,Y,,Minneapolis_11022021_Mayor,,2,15,0,1,4,0,0,0,11,1,5,16,2,1,0,0,0,0,0,0,2,1,1,3,0,0,0,1,0,0,1,0.0,11,1,0,local,yes
Minneapolis,MN,2021,11/2/2021,City Council Ward 9,Jason Chavez,OpenSeat,8,1,6983,6693,6693,3799,0.56761,1,3799,0.56761,.67832,0.56761,2463,3784,4540,290.0,1.0,0.0001432049262495,3.0,0.0,0.0,0.0,0.0,0,307.0,34.0,,,Y,N,3.0,Columns,Oval,ES&S: DS200s/DS850/AutoMARK,Link,Y,,Minneapolis_11022021_CityCouncilWard9,,2,6,0,1,3,1,1,0,0,0,5,5,0,3,0,0,0,1,1,0,0,0,2,2,1,0,0,1,1,0,0,0.0,11,1,0,local,yes
Minnetonka,MN,2021,11/2/2021,City Council At Large Seat B,Kimberly Wilburn,OpenSeat,5,3,11350,10164,9315,4140,0.4073199527744982,1,4916,0.5277,.55519,0.4836678473042109,4213,7192,5643,1175.0,17.0,0.0014977973568282,22.0,0.0,0.0,657.0,192.0,849,788.0,16.0,,,Y,N,3.0,Columns,Oval,ES&S: DS200s/DS850/AutoMARK,Link,Y,,Minnetonka_11022021_CityCouncilAtLargeSeatB,,2,3,0,0,1,0,0,1,3,0,2,5,2,3,0,0,1,0,0,1,3,0,2,5,1,0,0,1,0,0,1,0.0,11,1,0,local,yes
Minneapolis,MN,2021,11/2/2021,Park Board District 1,Billy Menz,OpenSeat,1,1,24351,14729,14729,14446,0.98079,1,14446,0.98079,.98364,0.98079,14488,267,14488,9620.0,3.0,0.0001231982259455,7.0,0.0,0.0,0.0,0.0,0,1637.0,36.0,,,Y,N,3.0,Columns,Oval,ES&S: DS200s/DS850/AutoMARK,Link,Y,,Minneapolis_11022021_ParkBoardDistrict1,,0,1,0,1,0,0,0,0,1,0,0,1,0,1,0,0,0,0,0,0,1,0,0,1,1,1,0,0,1,0,0,0.0,11,1,0,local,yes
Minnetonka,MN,2021,11/2/2021,Mayor,Brad Wiersum,Incumbent,2,1,11350,11014,11014,6906,0.627020156164881,1,6906,0.627,.7308,0.627020156164881,2619,2619,8049,335.0,5.0,0.0004405286343612,8.0,0.0,0.0,0.0,0.0,0,1841.0,34.0,,,Y,N,3.0,Columns,Oval,ES&S: DS200s/DS850/AutoMARK,Link,Y,,Minnetonka_11022021_Mayor,,0,2,0,0,0,0,0,0,2,0,0,2,0,2,0,0,0,0,0,0,2,0,0,2,0,1,0,0,1,0,0,0.0,11,1,0,local,yes
Minneapolis,MN,2021,11/2/2021,City Council Ward 6,Jamal Osman,Incumbent,2,1,6871,6311,6311,3750,0.5942,1,3750,0.5942,.69403,0.5942,1652,1692,4380,558.0,5.0,0.0007276961141028,8.0,0.0,0.0,0.0,0.0,0,978.0,67.0,,,Y,N,3.0,Columns,Oval,ES&S: DS200s/DS850/AutoMARK,Link,Y,,Minneapolis_11022021_CityCouncilWard6,,0,2,0,1,0,0,2,0,0,0,2,2,0,2,0,0,0,0,2,0,0,0,2,2,0,1,0,0,1,0,0,0.0,11,1,0,local,yes
Minneapolis,MN,2021,11/2/2021,Park Board District 5,Steffanie Musich,Incumbent,3,1,30308,21990,21990,13331,0.60623,1,13331,0.60623,.77922,0.60623,5363,10023,17135,8316.0,5.0,0.0001649729444371,13.0,0.0,0.0,0.0,0.0,0,475.0,30.0,,,Y,N,3.0,Columns,Oval,ES&S: DS200s/DS850/AutoMARK,Link,Y,,Minneapolis_11022021_ParkBoardDistrict5,,1,2,0,1,1,0,0,0,2,0,1,3,1,2,0,0,1,0,0,0,2,0,1,3,0,0,0,1,0,0,1,0.0,11,1,0,local,yes
Minneapolis,MN,2021,11/2/2021,City Council Ward 1,Elliott Payne,Challenger,4,4,12142,11438,10936,5511,0.48182,1,5745,0.52533,.68806,0.50227,3595,6141,7870,703.0,4.0,0.0003294350189425,10.0,0.0,0.0,502.0,0.0,502,432.0,34.0,,,Y,N,3.0,Columns,Oval,ES&S: DS200s/DS850/AutoMARK,Link,Y,,Minneapolis_11022021_CityCouncilWard1,,0,4,0,1,2,0,0,0,1,0,2,3,0,3,0,0,2,0,0,0,1,0,2,3,0,1,0,0,1,0,0,0.0,11,1,0,local,yes
Minneapolis,MN,2021,11/2/2021,Park Board District 4,Elizabeth Shaffer,Challenger,2,1,25623,19346,19346,11900,0.61511,1,11900,0.61511,.74346,0.61511,6033,6235,14383,6274.0,6.0,0.0002341646177263,16.0,0.0,0.0,0.0,0.0,0,738.0,33.0,,,Y,N,3.0,Columns,Oval,ES&S: DS200s/DS850/AutoMARK,Link,Y,,Minneapolis_11022021_ParkBoardDistrict4,,1,1,0,1,0,0,0,0,2,0,0,2,1,1,0,0,0,0,0,0,2,0,0,2,0,0,0,1,0,0,1,0.0,11,1,0,local,yes
Minneapolis,MN,2021,11/2/2021,Park Board District 3,Becky Alper,Challenger,3,1,19233,15254,15254,9073,0.59479,1,9073,0.59479,.72106,0.59479,3282,5504,10999,3976.0,9.0,0.0004679457182967,17.0,0.0,0.0,0.0,0.0,0,936.0,154.0,,,Y,N,3.0,Columns,Oval,ES&S: DS200s/DS850/AutoMARK,Link,Y,,Minneapolis_11022021_ParkBoardDistrict3,,1,2,0,1,0,0,2,0,1,0,2,3,1,2,0,0,0,0,2,0,1,0,2,3,0,0,0,1,0,0,1,0.0,11,1,0,local,yes
Minneapolis,MN,2021,11/2/2021,City Council Ward 2,Robin Wonsley Worlobah,Challenger,5,5,9799,9527,8093,2763,0.29002,1,4056,0.50117,.54057,0.42574,4316,7316,5150,268.0,12.0,0.0012246147566078,23.0,0.0,0.0,1183.0,251.0,1434,266.0,30.0,,,N - no Condorcet winner,N,3.0,Columns,Oval,ES&S: DS200s/DS850/AutoMARK,Link,Y,No Condorcet winner,Minneapolis_11022021_CityCouncilWard2,,2,3,0,1,1,0,1,0,2,0,2,4,2,3,0,0,1,0,1,0,2,0,2,4,0,0,0,1,0,0,1,0.0,11,1,0,local,yes
St. Louis Park,MN,2021,11/2/2021,Council Member Ward 3,Sue Budd,OpenSeat,3,3,1359,1347,1306,581,0.4313288789903489,1,747,0.5719754977029097,.78174,0.5545657015590201,696,989,1053,12.0,0.0,0.0,1.0,0.0,0.0,41.0,0.0,41,202.0,4.0,,,Y,N,3.0,Columns,Oval,ES&S DS200/DS850/AutoMARK,Link,Y,,StLouisPark_11022021_CityCouncilWard3,,1,2,0,0,0,0,0,0,3,0,0,3,1,2,0,0,0,0,0,0,3,0,0,3,1,0,0,1,0,0,1,0.0,11,1,0,local,yes
Minnetonka,MN,2023,11/7/2023,City council ward 4,Kissy C. Coakley,Incumbent,3,3,3567,3287,3182,1584,0.4819,1,1693,0.53206,.65409,0.51506,1111,1779,2150,277.0,4.0,0.0011213905242501,6.0,0.0,0.0,105.0,0.0,105,509.0,12.0,,,Y,N,3.0,,,,Link,Y,,Minnetonka_11072023_CityCouncilWard4,,1,2,0,1,1,0,0,0,2,0,1,3,1,2,0,0,1,0,0,0,2,0,1,3,0,0,0,1,0,0,1,0.0,11,1,0,local,no
Minnetonka,MN,2023,11/7/2023,City council ward 1,Patsy Foster-Bolton,OpenSeat,4,4,3159,3031,2851,1446,0.47707,1,1634,0.57313,.6479700000000001,0.5391,1143,1878,1964,127.0,3.0,0.0009496676163343,9.0,0.0,0.0,180.0,0.0,180,449.0,8.0,,,Y,N,3.0,,,,Link,Y,,Minnetonka_11072023_CityCouncilWard1,,2,2,0,1,0,0,0,0,3,0,0,3,2,1,0,0,0,0,0,0,3,0,0,3,1,0,0,1,0,0,1,0.0,11,1,0,local,no
Minnetonka,MN,2023,11/7/2023,City council ward 3,Paula Ramaley,OpenSeat,3,3,3495,3363,2728,1246,0.3705,1,1366,0.50073,.68302,0.40618,1132,2208,2297,132.0,0.0,0.0,2.0,0.0,0.0,635.0,0.0,635,478.0,8.0,,,Y,N,3.0,,,,Link,Y,,Minnetonka_11072023_CityCouncilWard3,,1,2,0,1,0,0,0,0,3,0,0,3,1,2,0,0,0,0,0,0,3,0,0,3,1,0,0,1,0,0,1,0.0,11,1,0,local,no
Santa Fe,NM,2018,3/6/2018,City Council District 4,JoAnne Vigil Coppler,OpenSeat,3,2,5080,4899,4543,2121,0.4329455,1,2565,0.5646049,.8556847999999999,0.5235761999999999,3447,3812,4192,173.0,8.0,0.0015748031496063,28.0,4.0,0.0,352.0,0.0,356,99.0,25.0,0.3705594864687432,13709,Y,N,10.0,Grid,Oval,Dominion ImageCast,Link,Y,,SantaFe_03062018_CityCouncilDistrict4_tab1,,1,2,0,0,0,0,0,0,3,0,0,3,1,2,0,0,0,0,0,0,3,0,0,3,1,0,0,1,0,0,1,0.0,3,0,1,local,yes
Santa Fe,NM,2018,3/6/2018,City Council District 2,Carol Romero-Wirth,OpenSeat,3,1,6433,6256,6256,3310,0.5290921000000001,1,3310,0.5290921000000001,.903133,0.5290921000000001,4280,5141,5650,173.0,4.0,0.0006217938753303,18.0,0.0,0.0,0.0,0.0,0,84.0,27.0,0.4147914114385196,15509,Y,N,10.0,Grid,Oval,Dominion ImageCast,Link,Y,,SantaFe_03062018_CityCouncilDistrict2_tab1,,1,2,0,0,0,1,0,0,2,0,1,3,1,2,0,0,0,1,0,0,2,0,1,3,1,0,0,1,0,0,1,0.0,3,0,1,local,yes
Santa Fe,NM,2018,3/6/2018,Mayor,Alan Webber,OpenSeat,5,4,20670,20604,19774,8080,0.3921569,1,13088,0.6618792000000001,.6963211,0.6352165000000001,12876,17892,17614,40.0,26.0,0.0012578616352201,208.0,26.0,0.0,804.0,0.0,830,570.0,191.0,0.3816751606470197,54156,Y,N,10.0,Grid,Oval,Dominion ImageCast,Link,Y,,SantaFe_03062018_Mayor_tab1,,1,4,0,0,0,2,0,0,3,0,2,5,1,4,0,0,0,2,0,0,3,0,2,5,1,0,0,1,0,0,1,0.0,3,0,1,local,yes
Las Cruces,NM,2019,11/5/2019,City Council District 4,Johana Bencomo,OpenSeat,3,2,1689,1557,1469,763,0.490045,1,922,0.6276378,.8098908,0.5921644,887,1101,1261,127.0,5.0,0.0029603315571344,9.0,0.0,0.0,88.0,0.0,88,31.0,9.0,,Unknown,Y,N,10.0,Grid,Oval,Dominion ImageCast,Link,Y,,LasCruces_11052019_COUNCILORPOSITION4CITYOFLASCRUCESDISTRICT4COUNCILOR_tab1,,2,1,0,0,0,3,0,0,0,0,3,3,2,1,0,0,0,3,0,0,0,0,3,3,1,0,0,1,0,0,1,0.0,11,1,0,local,yes
Las Cruces,NM,2019,11/5/2019,City Council District 2,Tessa Abeyta Stuve,OpenSeat,4,3,2394,2248,2088,970,0.4314947,1,1151,0.5512452,.6619217000000001,0.5120107,874,1460,1666,141.0,5.0,0.0020885547201337,16.0,3.0,0.0,157.0,0.0,160,32.0,21.0,,Unknown,Y,N,10.0,Grid,Oval,Dominion ImageCast,Link,Y,,LasCruces_11052019_COUNCILORPOSITION2CITYOFLASCRUCESDISTRICT2COUNCILOR_tab1,,1,3,0,0,0,2,0,0,0,0,2,2,1,3,0,0,0,2,0,0,0,0,2,2,1,0,0,1,0,0,1,0.0,11,1,0,local,yes
Las Cruces,NM,2019,11/5/2019,Mayor,Ken Miyagashima,Incumbent,10,9,14156,13985,12371,5172,0.3698248,1,6814,0.5508043,.531641,0.4872363,3947,11278,10335,49.0,122.0,0.0086182537439955,370.0,70.0,0.0,1544.0,0.0,1614,462.0,503.0,,Unknown,Y,N,10.0,Grid,Oval,Dominion ImageCast,Link,Y,,LasCruces_11052019_MAYORCITYOFLASCRUCES_tab1,,4,6,0,0,0,7,0,0,3,0,7,10,1,4,0,0,0,3,0,0,2,0,3,5,0,0,0,1,0,0,1,0.0,11,1,0,local,yes
New York City,NY,2021,6/22/2021,NYC Democratic Primary for City Council D8,Diana I. Ayala,Incumbent,4,1,11722,11722,11722,6621,0.56,1,6621,0.56484,.76762,0.56484,4012,6898,9594,,55.0,0.0046920320764375,130.0,0.0,0.0,0.0,0.0,0,398.0,621.0,,79138,Y,N,5.0,Grid,Oval,ES&S,Link,Y,,NewYorkCity_06222021_DEMCouncilMember8thCouncilDistrict,,4,0,0,1,2,2,0,0,0,0,4,4,3,0,0,0,2,1,0,0,0,0,3,3,0,0,1,0,0,1,0,0.0,6,0,1,local,yes
New York City,NY,2021,6/22/2021,NYC Democratic Primary for City Council D34,Jennifer Gutierrez,OpenSeat,4,1,16438,16438,16438,13065,0.79,1,13065,0.7948,.89202,0.7948,3839,7920,14845,,33.0,0.0020075434967758,84.0,0.0,0.0,0.0,0.0,0,247.0,437.0,,81235,Y,N,5.0,Grid,Oval,ES&S,Link,Y,,NewYorkCity_06222021_DEMCouncilMember34thCouncilDistrict,,1,3,0,1,2,1,0,0,1,0,3,4,1,2,0,0,1,1,0,0,1,0,2,3,1,0,0,1,0,0,1,0.0,6,0,1,local,yes
New York City,NY,2021,6/22/2021,NYC Democratic Primary for City Council D15,Oswald Feliz,Incumbent,8,7,8204,8204,7251,3165,0.39,1,3791,0.52282,.60568,0.46209,3102,5615,5459,,94.0,0.0114578254509995,185.0,19.0,0.0,897.0,37.0,953,231.0,258.0,,60971,Y,N,5.0,Grid,Oval,ES&S,Link,Y,,NewYorkCity_06222021_DEMCouncilMember15thCouncilDistrict,,4,4,0,1,1,5,0,1,0,1,8,8,2,3,0,0,1,3,0,0,0,1,5,5,0,0,0,1,0,0,1,0.0,6,0,1,local,yes
New York City,NY,2021,6/22/2021,NYC Democratic Primary for City Council D40,Rita C. Joseph,OpenSeat,11,11,22343,22343,16894,5648,0.25,1,10065,0.59577,.50651,0.45048,7680,16634,12886,,124.0,0.0055498366378732,231.0,32.0,0.0,4561.0,856.0,5449,345.0,383.0,,77432,Y,N,5.0,Grid,Oval,ES&S,Link,Y,,NewYorkCity_06222021_DEMCouncilMember40thCouncilDistrict,,5,6,0,1,9,1,0,0,1,0,10,11,3,3,0,0,4,1,0,0,1,0,5,6,1,0,0,1,0,0,1,0.0,6,0,1,local,yes
New York City,NY,2021,6/22/2021,NYC Democratic Primary for Queens Borough President,Donovan J. Richards Jr.,Incumbent,3,3,194672,195591,183375,80320,0.41,1,92222,0.50291,.72423,0.4715,76387,115699,141893,,476.0,0.0024451384893565,864.0,66.0,0.0,12150.0,0.0,12216,3041.0,3981.0,,807187,Y,N,5.0,Grid,Oval,ES&S,Link,Y,,NewYorkCity_06222021_DEMBoroughPresidentQueens,,1,2,0,1,1,0,0,0,2,0,1,3,1,2,0,0,1,0,0,0,2,0,1,3,0,0,0,1,0,0,1,0.0,6,0,1,local,yes
New York City,NY,2021,6/22/2021,NYC Democratic Primary for City Council D32,Felicia Singh,OpenSeat,6,6,10271,10271,8934,3661,0.36,1,4686,0.52451,.55847,0.45624,2667,6122,6247,,54.0,0.005257521176127,125.0,12.0,0.0,1325.0,0.0,1337,212.0,174.0,,51460,Y,N,5.0,Grid,Oval,ES&S,Link,Y,,NewYorkCity_06222021_DEMCouncilMember32ndCouncilDistrict,,4,2,0,1,0,1,0,3,1,1,5,6,3,2,0,0,0,1,0,3,1,0,4,5,1,0,0,1,0,0,1,0.0,6,0,1,local,yes
New York City,NY,2021,6/22/2021,NYC Democratic Primary for City Council D38,Alexa Aviles,OpenSeat,6,5,12116,12116,11131,4806,0.4,1,5766,0.51801,.59434,0.4759,2589,7722,7748,,34.0,0.0028062066688676,79.0,11.0,0.0,974.0,0.0,985,230.0,167.0,,47725,Y,N,5.0,Grid,Oval,ES&S,Link,Y,,NewYorkCity_06222021_DEMCouncilMember38thCouncilDistrict,,2,4,0,1,1,3,0,1,1,0,5,6,2,3,0,0,0,3,0,1,1,0,4,5,1,0,0,1,0,0,1,0.0,6,0,1,local,yes
New York City,NY,2021,6/22/2021,NYC Democratic Primary for City Council D42,Charles Barron,OpenSeat,4,4,15636,15636,14847,7431,0.48,1,7979,0.53741,.68182,0.5103,5372,9744,11815,,92.0,0.005883857764134,181.0,20.0,0.0,769.0,0.0,789,665.0,980.0,,79782,Y,N,5.0,Grid,Oval,ES&S,Link,Y,,NewYorkCity_06222021_DEMCouncilMember42ndCouncilDistrict,,2,2,0,1,4,0,0,0,0,0,4,4,1,2,0,0,3,0,0,0,0,0,3,3,1,0,0,1,0,0,1,0.0,6,0,1,local,yes
New York City,NY,2021,6/22/2021,DEMCouncil Member 17th Council District,Rafael Salamanca Jr.,Incumbent,2,1,9049,9049,9049,5428,0.59985,1,5428,0.59985,.81722,0.59985,4491,4537,7395,,43.0,0.0047519062879876,52.0,0.0,0.0,0.0,0.0,43,258.0,232.0,,,Y,N,5.0,Grid,Oval,ES&S,Link,Y,,NewYorkCity_06222021_DEMCouncilMember17thCouncilDistrict,,1,1,0,1,1,1,0,0,0,0,2,2,1,1,0,0,1,1,0,0,0,0,2,2,0,0,0,1,0,0,1,0.0,6,0,1,local,yes
New York City,NY,2021,6/22/2021,NYC Republican Primary for City Council D50,David M. Carr,OpenSeat,5,5,8577,8577,7194,2692,0.31,2,3618,0.50292,.51673,0.42183,1798,4500,4895,,30.0,0.0034977264777894,58.0,8.0,0.0,1375.0,0.0,1383,230.0,62.0,,36185,Y,Y,5.0,Grid,Oval,ES&S,Link,Y,,NewYorkCity_06222021_REPCouncilMember50thCouncilDistrict,,1,4,0,1,0,0,0,0,5,0,0,5,1,3,0,0,0,0,0,0,4,0,0,4,1,0,0,1,0,0,1,0.0,6,0,1,local,yes
New York City,NY,2021,6/22/2021,NYC Democratic Primary for Manhattan Borough President,Mark D. Levine,OpenSeat,7,7,237180,237730,187378,67375,0.28,1,100718,0.53751,.52066,0.42367,57054,162604,140097,,435.0,0.0018340500885403,1161.0,271.0,0.0,46732.0,3349.0,50352,2288.0,2347.0,,756581,Y,N,5.0,Grid,Oval,ES&S,Link,Y,,NewYorkCity_06222021_DEMBoroughPresidentNewYork,,3,4,0,1,0,1,0,0,6,0,1,7,3,4,0,0,0,1,0,0,6,0,1,7,1,0,0,1,0,0,1,0.0,6,0,1,local,yes
New York City,NY,2021,6/22/2021,NYC Democratic Primary for City Council D26,Julie Won,OpenSeat,15,15,17893,17893,12033,3306,0.18,1,6822,0.56694,.40999,0.38127,8593,14659,9202,,124.0,0.0069300843905438,183.0,29.0,0.0,4188.0,1643.0,5860,161.0,218.0,,63440,Y,N,5.0,Grid,Oval,ES&S,Link,Y,,NewYorkCity_06222021_DEMCouncilMember26thCouncilDistrict,,8,7,0,1,2,2,0,5,6,0,9,15,6,2,0,0,1,0,0,4,3,0,5,8,1,0,0,1,0,0,1,0.0,6,0,1,local,yes
New York City,NY,2021,6/22/2021,NYC Democratic Primary for Richmond Borough President,Mark S. Murphy,OpenSeat,5,3,28097,28432,27656,13221,0.47,1,13835,0.50025,.68106,0.4866,8375,18491,21495,,75.0,0.002669324127131,208.0,5.0,0.0,771.0,0.0,776,705.0,457.0,,131209,Y,N,5.0,Grid,Oval,ES&S,Link,Y,,NewYorkCity_06222021_DEMBoroughPresidentRichmond,,1,4,0,1,1,1,0,1,2,0,3,5,1,4,0,0,1,1,0,1,2,0,3,5,1,0,0,1,0,0,1,0.0,6,0,1,local,yes
New York City,NY,2021,6/22/2021,REP Council Member 24th Council District,Timothy Rosen,OpenSeat,2,1,807,807,807,478,0.59232,1,478,0.59232,.7670400000000001,0.59232,400,406,619,,8.0,0.009913258983891,9.0,0.0,0.0,0.0,0.0,8,24.0,22.0,,,Y,N,5.0,Grid,Oval,ES&S,Link,Y,,NewYorkCity_06222021_REPCouncilMember24thCouncilDistrict,,0,2,0,1,1,0,0,0,1,0,1,2,0,2,0,0,1,0,0,0,1,0,1,2,1,1,0,0,1,0,0,0.0,6,0,1,local,yes
New York City,NY,2021,6/22/2021,NYC Republican Primary for Richmond Borough President,Vito Fossella,OpenSeat,4,4,19493,19644,18477,8583,0.44,1,9459,0.51193,.68433,0.48152,4999,12194,14271,,83.0,0.0042579387472426,186.0,11.0,0.0,1156.0,0.0,1167,808.0,565.0,,98773,Y,N,5.0,Grid,Oval,ES&S,Link,Y,,NewYorkCity_06222021_REPBoroughPresidentRichmond,,1,3,0,1,0,0,0,1,3,0,1,4,1,2,0,0,0,0,0,0,3,0,0,3,1,0,0,1,0,0,1,0.0,6,0,1,local,yes
New York City,NY,2021,6/22/2021,NYC Democratic Primary for City Council D7,Shaun Abreu,OpenSeat,12,11,23189,23189,18411,6214,0.27,1,9215,0.50052,.4622,0.39739,8368,17176,12300,,111.0,0.0047867523394713,197.0,34.0,0.0,4302.0,442.0,4778,268.0,291.0,,84461,Y,N,5.0,Grid,Oval,ES&S,Link,Y,,NewYorkCity_06222021_DEMCouncilMember7thCouncilDistrict,,4,7,1,1,1,9,0,0,2,0,10,12,2,3,1,0,0,4,0,0,2,0,4,6,1,0,0,1,0,0,1,0.0,6,0,1,local,yes
New York City,NY,2021,6/22/2021,NYC Democratic Primary for City Council D13,Marjorie Velazquez,OpenSeat,5,1,9960,9960,9960,5608,0.56,1,5608,0.56305,.75141,0.56305,3175,5776,7955,,44.0,0.0044176706827309,111.0,0.0,0.0,0.0,0.0,0,243.0,203.0,,55388,Y,N,5.0,Grid,Oval,ES&S,Link,Y,,NewYorkCity_06222021_DEMCouncilMember13thCouncilDistrict,,4,1,0,1,1,3,0,0,0,1,5,5,4,1,0,0,1,3,0,0,0,1,5,5,1,0,0,1,0,0,1,0.0,6,0,1,local,yes
New York City,NY,2021,6/22/2021,NYC Democratic Primary for City Council D23,Linda Lee,OpenSeat,7,7,16526,16526,13165,4943,0.3,1,7173,0.54485,.52596,0.43404,4762,11582,10085,,70.0,0.0042357497277018,158.0,24.0,0.0,3207.0,130.0,3361,271.0,238.0,,58800,Y,N,5.0,Grid,Oval,ES&S,Link,Y,,NewYorkCity_06222021_DEMCouncilMember23rdCouncilDistrict,,3,4,0,1,0,0,0,5,2,0,5,7,3,2,0,0,0,0,0,3,2,0,3,5,1,0,0,1,0,0,1,0.0,6,0,1,local,yes
New York City,NY,2021,6/22/2021,NYC Democratic Primary for Comptroller,Brad Lander,OpenSeat,10,10,866296,868087,656593,268064,0.31,1,340944,0.51926,.4399,0.39275,241251,586261,426359,,3193.0,0.003685807160601,6687.0,1471.0,0.0,182701.0,27322.0,211494,13835.0,14535.0,,3376341,Y,N,5.0,Grid,Oval,ES&S,Link,Y,,NewYorkCity_06222021_DEMComptrollerCitywide,,3,7,0,1,2,1,0,2,5,0,5,10,2,5,0,0,2,1,0,1,3,0,4,7,1,0,0,1,0,0,1,0.0,6,0,1,local,yes
New York City,NY,2021,6/22/2021,NYC Democratic Primary for City Council D19,Tony Avella,OpenSeat,6,6,13086,13086,11746,4992,0.38,1,6429,0.54734,.61585,0.49129,2855,8688,8731,,46.0,0.0035152070915482,93.0,16.0,0.0,1324.0,0.0,1340,206.0,113.0,,46655,Y,N,5.0,Grid,Oval,ES&S,Link,Y,,NewYorkCity_06222021_DEMCouncilMember19thCouncilDistrict,,1,5,0,1,0,1,0,2,3,0,3,6,1,3,0,0,0,1,0,1,2,0,2,4,1,0,0,1,0,0,1,0.0,6,0,1,local,yes
New York City,NY,2021,6/22/2021,NYC Democratic Primary for City Council D1,Christopher Marte,OpenSeat,9,8,21834,21834,19519,8598,0.39,1,9801,0.50213,.54287,0.44889,5621,15592,13107,,44.0,0.0020152056425758,91.0,6.0,0.0,2217.0,92.0,2315,133.0,117.0,,69076,Y,N,5.0,Grid,Oval,ES&S,Link,Y,,NewYorkCity_06222021_DEMCouncilMember1stCouncilDistrict,,6,3,0,1,2,1,0,3,3,0,6,9,4,1,0,0,0,1,0,3,1,0,4,5,1,0,0,1,0,0,1,0.0,6,0,1,local,yes
New York City,NY,2021,6/22/2021,NYC Democratic Primary for City Council D10,Carmen N. De La Rosa,OpenSeat,8,8,19583,19583,17267,7910,0.4,1,10318,0.59756,.6706800000000001,0.52689,5084,13270,13971,,125.0,0.0063830873716999,191.0,24.0,0.0,2096.0,196.0,2316,248.0,352.0,,83740,Y,N,5.0,Grid,Oval,ES&S,Link,Y,,NewYorkCity_06222021_DEMCouncilMember10thCouncilDistrict,,4,4,0,1,0,6,0,0,1,0,6,7,3,0,0,0,0,3,0,0,0,0,3,3,1,0,0,1,0,1,0,0.0,6,0,1,local,yes
New York City,NY,2021,6/22/2021,NYC Democratic Primary for City Council D12,Kevin Riley,Incumbent,3,3,17399,17399,16238,8588,0.49,1,9595,0.5909,.80953,0.55147,8800,11337,14108,,68.0,0.0039082705902638,127.0,13.0,0.0,1148.0,0.0,1161,423.0,532.0,,80631,Y,N,5.0,Grid,Oval,ES&S,Link,Y,,NewYorkCity_06222021_DEMCouncilMember12thCouncilDistrict,,2,1,0,1,3,0,0,0,0,0,3,3,2,1,0,0,3,0,0,0,0,0,3,3,0,0,0,1,0,0,1,0.0,6,0,1,local,yes
New York City,NY,2021,6/22/2021,NYC Democratic Primary for City Council D6,Gale A. Brewer,OpenSeat,6,1,39399,39399,39399,21594,0.55,1,21594,0.54808,.73966,0.54808,7090,25321,30854,,55.0,0.0013959745171197,138.0,0.0,0.0,0.0,0.0,0,275.0,228.0,,89616,Y,N,5.0,Grid,Oval,ES&S,Link,Y,,NewYorkCity_06222021_DEMCouncilMember6thCouncilDistrict,,3,3,0,1,0,1,0,1,4,0,2,6,3,1,0,0,0,1,0,1,2,0,2,4,1,0,0,1,0,0,1,0.0,6,0,1,local,yes
New York City,NY,2021,6/22/2021,NYC Democratic Primary for City Council D45,Farah N. Louis,Incumbent,3,1,19297,19297,19297,14544,0.75,1,14544,0.75369,.8849,0.75369,6689,9162,17101,,82.0,0.0042493651862984,131.0,0.0,0.0,0.0,0.0,0,485.0,561.0,,76785,Y,N,5.0,Grid,Oval,ES&S,Link,Y,,NewYorkCity_06222021_DEMCouncilMember45thCouncilDistrict,,1,2,0,1,3,0,0,0,0,0,3,3,1,1,0,0,2,0,0,0,0,0,2,2,0,0,0,1,0,0,1,0.0,6,0,1,local,yes
New York City,NY,2021,6/22/2021,NYC Democratic Primary for City Council D39,Shahana K. Hanif,OpenSeat,7,7,36095,36095,28038,11599,0.32,1,15980,0.56994,.56928,0.44272,9087,28524,22404,,60.0,0.0016622800941959,132.0,15.0,0.0,7792.0,250.0,8057,239.0,204.0,,82436,Y,N,5.0,Grid,Oval,ES&S,Link,Y,,NewYorkCity_06222021_DEMCouncilMember39thCouncilDistrict,,3,4,0,1,1,0,0,2,4,0,3,7,2,3,0,0,1,0,0,1,3,0,2,5,1,0,0,1,0,0,1,0.0,6,0,1,local,yes
New York City,NY,2021,6/22/2021,NYC Democratic Primary for City Council D29,Lynn C. Schulman,OpenSeat,9,9,17122,17122,12057,3942,0.23,1,7232,0.59982,.47681,0.42238,5336,13044,9489,,63.0,0.0036794766966476,116.0,23.0,0.0,4438.0,604.0,5065,168.0,129.0,,54456,Y,N,5.0,Grid,Oval,ES&S,Link,Y,,NewYorkCity_06222021_DEMCouncilMember29thCouncilDistrict,,3,6,0,1,0,1,0,2,6,0,3,9,2,5,0,0,0,0,0,2,5,0,2,7,1,0,0,1,0,0,1,0.0,6,0,1,local,yes
New York City,NY,2021,6/22/2021,DEMCouncil Member 41st Council District,Darlene Mealy,Challenger,2,1,15447,15447,15447,8849,0.57286,1,8849,0.57286,.77115,0.57286,7631,7705,11912,,44.0,0.002848449537127,59.0,0.0,0.0,0.0,0.0,44,450.0,241.0,,,Y,N,5.0,Grid,Oval,ES&S,Link,Y,,NewYorkCity_06222021_DEMCouncilMember41stCouncilDistrict,,2,0,0,1,2,0,0,0,0,0,2,2,2,0,0,0,2,0,0,0,0,0,2,2,0,0,1,0,0,1,0,0.0,6,0,1,local,yes
New York City,NY,2021,6/22/2021,NYC Democratic Primary for City Council D37,Sandy Nurse,Challenger,6,3,10874,10874,10756,5363,0.49,1,5473,0.50883,.65661,0.50331,3041,6554,7667,,41.0,0.0037704616516461,108.0,4.0,0.0,114.0,0.0,118,273.0,233.0,,65230,Y,N,5.0,Grid,Oval,ES&S,Link,Y,,NewYorkCity_06222021_DEMCouncilMember37thCouncilDistrict,,2,4,0,1,2,3,0,1,0,0,6,6,2,3,0,0,1,3,0,1,0,0,5,5,0,0,0,1,0,0,1,0.0,6,0,1,local,yes
New York City,NY,2021,6/22/2021,NYC Democratic Primary for City Council D5,Julie Menin,OpenSeat,7,7,25436,25436,21568,8872,0.35,1,12083,0.56023,.56031,0.47504,6814,18134,15924,,47.0,0.0018477748073596,121.0,20.0,0.0,3720.0,128.0,3868,189.0,142.0,,69105,Y,N,5.0,Grid,Oval,ES&S,Link,Y,,NewYorkCity_06222021_DEMCouncilMember5thCouncilDistrict,,4,3,0,1,0,4,0,0,3,0,4,7,4,2,0,0,0,3,0,0,3,0,3,6,1,0,0,1,0,0,1,0.0,6,0,1,local,yes
New York City,NY,2021,6/22/2021,DEMCouncil Member 30th Council District,Robert F. Holden,Incumbent,2,1,9612,9612,9612,5250,0.54619,1,5250,0.54619,.68955,0.54619,3009,3075,6628,,5.0,0.0005201831044528,8.0,0.0,0.0,0.0,0.0,5,155.0,86.0,,,Y,N,5.0,Grid,Oval,ES&S,Link,Y,,NewYorkCity_06222021_DEMCouncilMember30thCouncilDistrict,,0,2,0,1,0,1,0,0,1,0,1,2,0,2,0,0,0,1,0,0,1,0,1,2,0,1,0,0,1,0,0,0.0,6,0,1,local,yes
New York City,NY,2021,6/22/2021,REP Council Member 15th Council District,Ariel Rivera-Diaz,OpenSeat,2,2,159,159,149,78,0.49057,1,80,0.53691,.76101,0.50314,75,76,121,,4.0,0.0251572327044025,4.0,0.0,0.0,10.0,0.0,4,12.0,7.0,,,Y,N,5.0,Grid,Oval,ES&S,Link,Y,,NewYorkCity_06222021_REPCouncilMember15thCouncilDistrict,,0,2,0,1,0,2,0,0,0,0,2,2,0,2,0,1,0,2,0,0,0,0,2,2,1,1,0,0,1,0,0,0.0,6,0,1,local,yes
New York City,NY,2021,6/22/2021,NYC Democratic Primary for City Council D9,Kristin Richardson Jordan,Challenger,13,13,25626,25626,17930,4873,0.19,2,9017,0.5029,.33876,0.35187,10758,19736,10627,,147.0,0.0057363615078436,264.0,63.0,0.0,5540.0,2093.0,7696,393.0,359.0,,94985,Y,Y,5.0,Grid,Oval,ES&S,Link,Y,,NewYorkCity_06222021_DEMCouncilMember9thCouncilDistrict,,6,7,0,1,13,0,0,0,0,0,13,13,3,5,0,0,8,0,0,0,0,0,8,8,0,0,0,1,0,0,1,0.0,6,0,1,local,yes
New York City,NY,2021,6/22/2021,NYC Democratic Primary for City Council D46,Mercedes Narcisse,OpenSeat,8,8,18480,18480,14034,6421,0.35,1,8940,0.63702,.55855,0.48377,5864,12445,11281,,70.0,0.0037878787878788,157.0,30.0,0.0,4127.0,289.0,4446,465.0,323.0,,74864,Y,N,5.0,Grid,Oval,ES&S,Link,Y,,NewYorkCity_06222021_DEMCouncilMember46thCouncilDistrict,,6,2,0,1,6,0,0,1,1,0,7,8,4,2,0,0,4,0,0,1,1,0,5,6,1,0,0,1,0,0,1,0.0,6,0,1,local,yes
New York City,NY,2021,6/22/2021,NYC Democratic Primary for City Council D49,Kamillah Hanks,OpenSeat,9,9,13732,13732,10532,3463,0.25,1,5996,0.56931,.526,0.43664,5475,10303,8322,,63.0,0.0045878240605884,131.0,26.0,0.0,2741.0,433.0,3200,328.0,179.0,,58741,Y,N,5.0,Grid,Oval,ES&S,Link,Y,,NewYorkCity_06222021_DEMCouncilMember49thCouncilDistrict,,3,6,0,1,7,1,0,0,1,0,8,9,3,5,0,0,6,1,0,0,1,0,7,8,1,0,0,1,0,0,1,0.0,6,0,1,local,yes
New York City,NY,2021,6/22/2021,NYC Democratic Primary for The Bronx Borough President,Vanessa L. Gibson,OpenSeat,5,5,100881,101463,92358,40097,0.4,1,49401,0.53489,.60061,0.48689,32435,67017,72506,,757.0,0.0075038907227327,1655.0,137.0,0.0,8968.0,0.0,9105,2798.0,3153.0,,577770,Y,N,5.0,Grid,Oval,ES&S,Link,Y,,NewYorkCity_06222021_DEMBoroughPresidentBronx,,2,3,0,1,1,3,0,0,0,1,5,5,2,2,0,0,1,3,0,0,0,0,4,4,1,0,0,1,0,0,1,0.0,6,0,1,local,yes
New York City,NY,2021,6/22/2021,NYC Democratic Primary for City Council D16,Althea V. Stevens,OpenSeat,4,1,10112,10112,10112,5125,0.51,1,5125,0.50682,.70075,0.50682,3693,6178,7668,,82.0,0.0081091772151899,162.0,0.0,0.0,0.0,0.0,0,346.0,735.0,,69782,Y,N,5.0,Grid,Oval,ES&S,Link,Y,,NewYorkCity_06222021_DEMCouncilMember16thCouncilDistrict,,1,3,0,1,4,0,0,0,0,0,4,4,1,3,0,0,4,0,0,0,0,0,4,4,1,0,0,1,0,0,1,0.0,6,0,1,local,yes
New York City,NY,2021,6/22/2021,NYC Democratic Primary for Mayor,Eric L. Adams,OpenSeat,13,13,940463,942031,801829,289403,0.31,1,404513,0.50449,.48442,0.42941,434784,817417,531875,,5901.0,0.0062745690154743,10330.0,1475.0,0.0,105617.0,33110.0,140202,16787.0,12147.0,,3376341,Y,N,5.0,Grid,Oval,ES&S,Link,Y,,NewYorkCity_06222021_DEMMayorCitywide,,4,9,0,1,6,1,0,2,4,0,9,13,2,3,0,0,2,0,0,1,2,0,3,5,1,0,0,1,0,0,1,0.0,6,0,1,local,yes
New York City,NY,2021,6/22/2021,NYC Democratic Primary for City Council D27,Nantasha M. Williams,OpenSeat,12,10,20378,20378,18225,7345,0.36,1,9518,0.52225,.59235,0.46707,9561,15811,13832,,125.0,0.0061340661497694,275.0,31.0,0.0,1987.0,135.0,2153,426.0,309.0,,83560,Y,N,5.0,Grid,Oval,ES&S,Link,Y,,NewYorkCity_06222021_DEMCouncilMember27thCouncilDistrict,,5,7,0,1,11,0,0,1,0,0,12,12,4,4,0,0,7,0,0,1,0,0,8,8,1,0,0,1,0,0,1,0.0,6,0,1,local,yes
New York City,NY,2021,6/22/2021,NYC Democratic Primary for City Council D48,Steven Saperstein,OpenSeat,5,5,9210,9210,7958,3033,0.33,1,4542,0.57075,.63768,0.49316,1743,6260,6402,,50.0,0.00542888165038,107.0,19.0,0.0,1233.0,0.0,1252,165.0,135.0,,41770,Y,N,5.0,Grid,Oval,ES&S,Link,Y,,NewYorkCity_06222021_DEMCouncilMember48thCouncilDistrict,,2,3,0,1,0,0,0,0,5,0,0,5,2,3,0,0,0,0,0,0,5,0,0,5,1,0,0,1,0,0,1,0.0,6,0,1,local,yes
New York City,NY,2021,6/22/2021,NYC Democratic Primary for Public Advocate,Jumaane D. Williams,Incumbent,3,1,940463,818722,818722,572762,0.7,1,572762,0.69958,.8451300000000001,0.69958,261444,358779,692967,,2157.0,0.0022935511551225,3791.0,0.0,0.0,0.0,0.0,0,16031.0,18170.0,,3376341,Y,N,5.0,Grid,Oval,ES&S,Link,Y,,NewYorkCity_06222021_DEMPublicAdvocateCitywide,,0,3,0,1,2,1,0,0,0,0,3,3,0,3,0,0,2,1,0,0,0,0,3,3,0,1,0,0,1,0,0,0.0,6,0,1,local,yes
New York City,NY,2021,6/22/2021,NYC Democratic Primary for City Council D21,Francisco P. Moya,Incumbent,5,1,6849,6849,6849,3533,0.52,1,3533,0.51584,.7166,0.51584,1834,4116,5224,,41.0,0.005986275368667,80.0,0.0,0.0,0.0,0.0,0,149.0,206.0,,42039,Y,N,5.0,Grid,Oval,ES&S,Link,Y,,NewYorkCity_06222021_DEMCouncilMember21stCouncilDistrict,,2,3,0,1,3,2,0,0,0,0,5,5,2,3,0,0,3,2,0,0,0,0,5,5,0,0,0,1,0,0,1,0.0,6,0,1,local,yes
New York City,NY,2021,6/22/2021,REP Council Member 19th Council District,Vickie Paladino,OpenSeat,2,1,3420,3420,3420,1765,0.51608,1,1765,0.51608,.75351,0.51608,1614,1633,2577,,14.0,0.004093567251462,17.0,0.0,0.0,0.0,0.0,14,124.0,37.0,,,Y,N,5.0,Grid,Oval,ES&S,Link,Y,,NewYorkCity_06222021_REPCouncilMember19thCouncilDistrict,,1,1,0,1,0,0,0,0,2,0,0,2,1,1,0,0,0,0,0,0,2,0,0,2,1,0,0,1,0,0,1,0.0,6,0,1,local,yes
New York City,NY,2021,6/22/2021,NYC Democratic Primary for City Council D24,James F. Gennaro,Incumbent,4,1,13408,13408,13408,8062,0.6,1,8062,0.60128,.6881,0.60128,3333,6674,10490,,63.0,0.0046986873508353,118.0,0.0,0.0,0.0,0.0,0,262.0,439.0,,54530,Y,N,5.0,Grid,Oval,ES&S,Link,Y,,NewYorkCity_06222021_DEMCouncilMember24thCouncilDistrict,,1,3,0,1,0,0,0,3,1,0,3,4,1,3,0,0,0,0,0,3,1,0,3,4,0,0,0,1,0,0,1,0.0,6,0,1,local,yes
New York City,NY,2021,6/22/2021,NYC Democratic Primary for City Council D14,Pierina Ana Sanchez,OpenSeat,6,6,9385,9385,7844,3569,0.38,1,4887,0.62302,.61481,0.52072,3421,6399,6414,,163.0,0.0173681406499734,308.0,28.0,0.0,1513.0,0.0,1541,242.0,391.0,,63737,Y,N,5.0,Grid,Oval,ES&S,Link,Y,,NewYorkCity_06222021_DEMCouncilMember14thCouncilDistrict,,3,3,0,1,1,4,0,0,0,1,6,6,3,2,0,0,1,3,0,0,0,1,5,5,1,0,0,1,0,0,1,0.0,6,0,1,local,yes
New York City,NY,2021,6/22/2021,REP Council Member 23rd Council District,James F. Reilly,OpenSeat,2,1,1564,1564,1564,1040,0.66496,1,1040,0.66496,.8101,0.66496,771,778,1267,,10.0,0.0063938618925831,10.0,0.0,0.0,0.0,0.0,10,37.0,28.0,,,Y,N,5.0,Grid,Oval,ES&S,Link,Y,,NewYorkCity_06222021_REPCouncilMember23rdCouncilDistrict,,0,2,0,1,1,0,0,0,1,0,1,2,0,2,0,0,1,0,0,0,1,0,1,2,1,1,0,0,1,0,0,0.0,6,0,1,local,yes
New York City,NY,2021,6/22/2021,NYC Democratic Primary for Kings Borough President,Antonio Reynoso,OpenSeat,12,12,288771,289477,196757,80867,0.28,1,107963,0.54871,.41892,0.37296,79843,194825,133110,,1015.0,0.0035148958863598,2130.0,638.0,0.0,75383.0,16699.0,92720,4345.0,3768.0,,1103594,Y,N,5.0,Grid,Oval,ES&S,Link,Y,,NewYorkCity_06222021_DEMBoroughPresidentKings,,4,8,0,1,10,1,0,0,1,0,11,12,2,4,0,0,5,0,0,0,1,0,5,6,1,0,0,1,0,0,1,0.0,6,0,1,local,yes
New York City,NY,2021,6/22/2021,REP Mayor Citywide,Curtis A. Sliwa,OpenSeat,2,1,660657,60049,60049,40794,0.67935,1,40794,0.67935,.84684,0.67935,29397,30506,50852,,266.0,0.0004026295036607,326.0,0.0,0.0,0.0,0.0,266,3082.0,801.0,,,Y,N,5.0,Grid,Oval,ES&S,Link,Y,,NewYorkCity_06222021_REPMayorCitywide,,0,2,0,1,0,1,0,0,1,0,1,2,0,2,0,0,0,1,0,0,1,0,1,2,1,1,0,0,1,0,0,0.0,6,0,1,local,yes
New York City,NY,2021,6/22/2021,NYC Democratic Primary for City Council D31,Selvena N. Brooks-Powers,Incumbent,3,1,16031,16031,16031,10807,0.67,1,10807,0.67413,.85547,0.67413,6632,8208,13731,,36.0,0.002245649054956,93.0,0.0,0.0,0.0,0.0,0,350.0,410.0,,73697,Y,N,5.0,Grid,Oval,ES&S,Link,Y,,NewYorkCity_06222021_DEMCouncilMember31stCouncilDistrict,,3,0,0,1,2,1,0,0,0,0,3,3,3,0,0,0,2,1,0,0,0,0,3,3,0,0,1,0,0,1,0,0.0,6,0,1,local,yes
New York City,NY,2021,6/22/2021,NYC Democratic Primary for City Council D25,Shekar Krishnan,OpenSeat,8,8,14902,14902,11901,3915,0.26,2,6352,0.53374,.45839,0.42625,4292,10156,7570,,93.0,0.0062407730505972,146.0,20.0,0.0,2514.0,467.0,3001,175.0,218.0,,50822,Y,Y,5.0,Grid,Oval,ES&S,Link,Y,,NewYorkCity_06222021_DEMCouncilMember25thCouncilDistrict,,3,5,0,1,0,4,0,4,0,0,8,8,3,3,0,0,0,2,0,4,0,0,6,6,1,0,0,1,0,0,1,0.0,6,0,1,local,yes
New York City,NY,2021,6/22/2021,REP Council Member 32nd Council District,Joann Ariola,OpenSeat,2,1,2900,2900,2900,2378,0.82,1,2378,0.82,.89207,0.82,1141,1155,2587,,6.0,0.0020689655172414,6.0,0.0,0.0,0.0,0.0,6,128.0,35.0,,,Y,N,5.0,Grid,Oval,ES&S,Link,Y,,NewYorkCity_06222021_REPCouncilMember32ndCouncilDistrict,,1,1,0,1,0,0,0,0,2,0,0,2,1,1,0,0,0,0,0,0,2,0,0,2,1,0,0,1,0,0,1,0.0,6,0,1,local,yes
New York City,NY,2021,6/22/2021,NYC Democratic Primary for City Council D18,Amanda Farias,OpenSeat,8,8,13984,13984,11471,3852,0.28,1,6004,0.52341,.53711,0.42935,5407,10230,8729,,145.0,0.0103689931350114,271.0,38.0,0.0,2253.0,222.0,2513,390.0,357.0,,74548,Y,N,5.0,Grid,Oval,ES&S,Link,Y,,NewYorkCity_06222021_DEMCouncilMember18thCouncilDistrict,,3,5,0,1,2,1,0,3,0,2,8,8,2,4,0,0,1,1,0,2,0,2,6,6,1,0,0,1,0,0,1,0.0,6,0,1,local,yes
New York City,NY,2021,6/22/2021,NYC Democratic Primary for City Council D35,Crystal Hudson,OpenSeat,7,7,34915,34915,30702,13359,0.38,1,16564,0.53951,.66619,0.47441,8225,25519,24837,,79.0,0.0022626378347415,219.0,39.0,0.0,3867.0,307.0,4213,443.0,394.0,,98645,Y,N,5.0,Grid,Oval,ES&S,Link,Y,,NewYorkCity_06222021_DEMCouncilMember35thCouncilDistrict,,4,3,0,1,5,2,0,0,0,0,7,7,2,1,0,0,3,0,0,0,0,0,3,3,1,0,0,1,0,0,1,0.0,6,0,1,local,yes
New York City,NY,2021,6/22/2021,NYC Democratic Primary for City Council D22,Tiffany Caban,OpenSeat,6,4,16240,16240,15879,7934,0.49,1,8372,0.52724,.71355,0.51552,4061,12054,12146,,35.0,0.0021551724137931,99.0,9.0,0.0,352.0,0.0,361,171.0,162.0,,59151,Y,N,5.0,Grid,Oval,ES&S,Link,Y,,NewYorkCity_06222021_DEMCouncilMember22ndCouncilDistrict,,2,4,0,1,0,2,0,0,4,0,2,6,1,3,0,0,0,2,0,0,2,0,2,4,1,0,0,1,0,0,1,0.0,6,0,1,local,yes
New York City,NY,2021,6/22/2021,NYC Democratic Primary for City Council D47,Ari Kagan,Challenger,4,4,8029,8029,7212,3493,0.44,1,4018,0.55713,.65376,0.50044,2176,4502,5666,,39.0,0.0048573919541661,71.0,7.0,0.0,810.0,0.0,817,179.0,311.0,,44548,Y,N,5.0,Grid,Oval,ES&S,Link,Y,,NewYorkCity_06222021_DEMCouncilMember47thCouncilDistrict,,0,4,0,1,1,0,0,0,3,0,1,4,0,4,0,0,1,0,0,0,3,0,1,4,0,1,0,0,1,0,0,0.0,6,0,1,local,yes
New York City,NY,2021,6/22/2021,NYC Democratic Primary for City Council D33,Lincoln Restler,OpenSeat,8,3,29228,29228,28988,14444,0.49,1,14582,0.50304,.66614,0.49891,6781,18374,20701,,52.0,0.0017791159162447,105.0,1.0,0.0,233.0,6.0,240,235.0,185.0,,87530,Y,N,5.0,Grid,Oval,ES&S,Link,Y,,NewYorkCity_06222021_DEMCouncilMember33rdCouncilDistrict,,4,4,0,1,1,1,0,2,4,0,4,8,4,2,0,0,1,1,0,1,3,0,3,6,1,0,0,1,0,0,1,0.0,6,0,1,local,yes
New York City,NY,2021,6/22/2021,DEMCouncil Member 2nd Council District,Carlina Rivera,Incumbent,2,1,21342,21342,21342,15464,0.72458,1,15464,0.72458,.84294,0.72458,7886,8014,17990,,24.0,0.0011245431543435,33.0,0.0,0.0,0.0,0.0,24,194.0,140.0,,,Y,N,5.0,Grid,Oval,ES&S,Link,Y,,NewYorkCity_06222021_DEMCouncilMember2ndCouncilDistrict,,2,0,0,1,0,1,0,0,1,0,1,2,2,0,0,0,0,1,0,0,1,0,1,2,0,0,1,0,0,1,0,0.0,6,0,1,local,yes
New York City,NY,2021,6/22/2021,NYC Democratic Primary for City Council D3,Erik D. Bottcher,OpenSeat,6,4,28558,28558,27371,13520,0.47,1,14173,0.51781,.6345,0.49629,6343,18224,19956,,42.0,0.0014706912248757,123.0,14.0,0.0,1173.0,0.0,1187,231.0,163.0,,84413,Y,N,5.0,Grid,Oval,ES&S,Link,Y,,NewYorkCity_06222021_DEMCouncilMember3rdCouncilDistrict,,3,3,0,1,0,1,0,0,4,1,2,6,3,3,0,0,0,1,0,0,4,1,2,6,1,0,0,1,0,0,1,0.0,6,0,1,local,yes
New York City,NY,2021,6/22/2021,CON Council Member 19th Council District,John-Alexander Sakelos,OpenSeat,2,1,121,121,121,107,0.8843,1,107,0.8843,.93388,0.8843,42,48,113,,0.0,0.0,1.0,0.0,0.0,0.0,0.0,0,8.0,0.0,,,Y,N,5.0,Grid,Oval,ES&S,Link,Y,,NewYorkCity_06222021_CONCouncilMember19thCouncilDistrict,,1,1,0,1,0,0,0,0,1,0,0,1,1,1,0,0,0,0,0,0,1,0,0,1,1,0,0,1,0,0,1,0.0,6,0,1,local,yes
New York City,NY,2021,6/22/2021,NYC Democratic Primary for City Council D20,Sandra Ung,OpenSeat,8,8,10636,10636,7611,2370,0.22,1,4205,0.55249,.46954,0.39536,3290,7687,6050,,53.0,0.0049830763444904,94.0,17.0,0.0,2894.0,114.0,3025,110.0,127.0,,40178,Y,N,5.0,Grid,Oval,ES&S,Link,Y,,NewYorkCity_06222021_DEMCouncilMember20thCouncilDistrict,,3,5,0,1,0,0,0,8,0,0,8,8,2,5,0,0,0,0,0,7,0,0,7,7,1,0,0,1,0,0,1,0.0,6,0,1,local,yes
New York City,NY,2021,6/22/2021,NYC Democratic Primary for City Council D36,Chi A. Osse,OpenSeat,5,5,23240,23240,19551,8520,0.37,1,11149,0.57025,.54935,0.47973,5495,15740,15185,,75.0,0.0032271944922547,169.0,23.0,0.0,3666.0,0.0,3689,543.0,428.0,,90216,Y,N,5.0,Grid,Oval,ES&S,Link,Y,,NewYorkCity_06222021_DEMCouncilMember36thCouncilDistrict,,1,4,0,1,5,0,0,0,0,0,5,5,1,3,0,0,4,0,0,0,0,0,4,4,1,0,0,1,0,0,1,0.0,6,0,1,local,yes
New York City,NY,2021,6/22/2021,NYC Democratic Primary for City Council D28,Adrienne E. Adams,Incumbent,3,1,14035,14035,14035,7490,0.53,1,7490,0.53367,.76901,0.53367,5308,8009,10801,,43.0,0.0030637691485572,82.0,0.0,0.0,0.0,0.0,0,326.0,413.0,,72808,Y,N,5.0,Grid,Oval,ES&S,Link,Y,,NewYorkCity_06222021_DEMCouncilMember28thCouncilDistrict,,1,2,0,1,2,0,0,1,0,0,3,3,1,2,0,0,2,0,0,1,0,0,3,3,0,0,0,1,0,0,1,0.0,6,0,1,local,yes
New York City,NY,2021,6/22/2021,NYC Democratic Primary for City Council D11,Eric Dinowitz,Incumbent,7,6,17008,17008,16307,7509,0.44,1,8316,0.50997,.6387000000000001,0.48895,4946,12572,11948,,91.0,0.0053504233301976,215.0,12.0,0.0,666.0,23.0,701,243.0,219.0,,63571,Y,N,5.0,Grid,Oval,ES&S,Link,Y,,NewYorkCity_06222021_DEMCouncilMember11thCouncilDistrict,,3,4,0,1,1,2,0,0,4,0,3,7,3,2,0,0,0,1,0,0,4,0,1,5,0,0,0,1,0,0,1,0.0,6,0,1,local,yes
New York City,NY,2023,6/27/2023,"City council district 44, Republican primary",Kalman Yeger,,2,1,2210,772,772,395,0.51166,1,395,0.51166,.68264,0.51166,273,287,527,1431.0,7.0,0.0031674208144796,8.0,0.0,0.0,0.0,0.0,0,67.0,20.0,,,Y,N,5.0,Grid,Oval,ES&S + RCTab,Link,Y,,NewYorkCity_06272023_REPCityCouncilD44,,0,2,0,1,0,0,0,0,2,0,0,2,0,2,0,0,0,0,0,0,2,0,0,2,0,1,0,0,1,0,0,0.0,6,0,1,local,no
New York City,NY,2023,6/27/2023,"City council district 13, Conservative primary",Kristy Marmorato,,3,1,4712,112,112,61,0.54464,1,61,0.54464,.83929,0.54464,60,81,94,4600.0,0.0,0.0,0.0,0.0,0.0,0.0,0.0,0,4.0,5.0,,,Y,N,5.0,Grid,Oval,ES&S + RCTab,Link,Y,,NewYorkCity_06272023_CONCityCouncilD13,,2,1,0,0,0,0,0,0,3,0,0,3,2,1,0,0,0,0,0,0,3,0,0,3,0,0,0,1,0,0,1,0.0,6,0,1,local,no
New York City,NY,2023,6/27/2023,"City council district 2, Democratic primary",Carlina Rivera,,2,1,7786,7744,7744,4688,0.60537,1,4688,0.60537,.74445,0.60537,3364,3521,5765,26.0,16.0,0.0020549704597996,19.0,0.0,0.0,0.0,0.0,0,307.0,132.0,,,Y,N,5.0,Grid,Oval,ES&S + RCTab,Link,Y,,NewYorkCity_06272023_DEMCityCouncilD2,,2,0,0,1,0,1,0,0,1,0,1,2,2,0,0,0,0,1,0,0,1,0,1,2,0,0,1,0,0,1,0,0.0,6,0,1,local,no
New York City,NY,2023,6/27/2023,"City council district 29, Democratic primary",Lynn C. Schulman,,3,1,6507,6417,6417,3480,0.54231,1,3480,0.54231,.84229,0.54231,3166,4499,5425,65.0,25.0,0.0038420162901491,34.0,0.0,0.0,0.0,0.0,0,159.0,178.0,,,Y,N,5.0,Grid,Oval,ES&S + RCTab,Link,Y,,NewYorkCity_06272023_DEMCityCouncilD29,,1,2,0,1,0,0,0,1,2,0,1,3,1,2,0,0,0,0,0,1,2,0,1,3,0,0,0,1,0,0,1,0.0,6,0,1,local,no
New York City,NY,2023,6/27/2023,"City council district 41, Democratic primary",Darlene Mealy,,4,1,4657,4570,4570,2806,0.614,1,2806,0.614,.7884,0.614,2177,3212,3883,17.0,70.0,0.0150311359244149,109.0,0.0,0.0,0.0,0.0,0,417.0,449.0,,,Y,N,5.0,Grid,Oval,ES&S + RCTab,Link,Y,,NewYorkCity_06272023_DEMCityCouncilD41,,3,1,0,1,3,0,0,0,0,0,3,3,2,1,0,0,3,0,0,0,0,0,3,3,0,0,0,1,0,0,1,0.0,6,0,1,local,no
New York City,NY,2023,6/27/2023,"City council district 13, Republican primary",Kristy Marmorato,,3,3,6391,1914,1858,909,0.47492,1,956,0.51453,.72832,0.49948,793,1064,1404,4466.0,11.0,0.0017211703958692,18.0,0.0,0.0,56.0,0.0,56,93.0,67.0,,,Y,N,5.0,Grid,Oval,ES&S + RCTab,Link,Y,,NewYorkCity_06272023_REPCityCouncilD13,,2,1,0,1,0,0,0,0,3,0,0,3,2,1,0,0,0,0,0,0,3,0,0,3,0,0,0,1,0,0,1,0.0,6,0,1,local,no
New York City,NY,2023,6/27/2023,"City council district 23, Democratic primary",Linda Lee,,3,1,6719,6567,6567,4113,0.62631,1,4113,0.62631,.84879,0.62631,2859,4030,5581,96.0,56.0,0.0083345735972615,74.0,0.0,0.0,0.0,0.0,0,271.0,274.0,,,Y,N,5.0,Grid,Oval,ES&S + RCTab,Link,Y,,NewYorkCity_06272023_DEMCityCouncilD23,,2,1,0,1,0,0,0,2,1,0,2,3,2,1,0,0,0,0,0,2,1,0,2,3,0,0,0,1,0,0,1,0.0,6,0,1,local,no
New York City,NY,2023,6/27/2023,"City council district 12, Democratic primary",Kevin C. Riley,,3,1,7315,7200,7200,5882,0.81694,1,5882,0.81694,.94681,0.81694,3681,4504,6828,31.0,84.0,0.0114832535885167,109.0,0.0,0.0,0.0,0.0,0,250.0,369.0,,,Y,N,5.0,Grid,Oval,ES&S + RCTab,Link,Y,,NewYorkCity_06272023_DEMCityCouncilD12,,2,1,0,1,2,1,0,0,0,0,3,3,2,1,0,0,2,1,0,0,0,0,3,3,0,0,0,1,0,0,1,0.0,6,0,1,local,no
New York City,NY,2023,6/27/2023,"City council district 47, Republican primary",Ari Kagan,,3,1,5155,2170,2170,1634,0.753,1,1634,0.753,.87465,0.753,729,937,1903,2982.0,3.0,0.0005819592628516,8.0,0.0,0.0,0.0,0.0,0,138.0,63.0,,,Y,N,5.0,Grid,Oval,ES&S + RCTab,Link,Y,,NewYorkCity_06272023_REPCityCouncilD47,,1,2,0,1,0,0,0,0,2,0,0,2,1,2,0,0,0,0,0,0,2,0,0,2,0,0,0,1,0,0,1,0.0,6,0,1,local,no
New York City,NY,2023,6/27/2023,"City council district 13, Democratic primary",Marjorie Velazquez,,4,1,6422,4270,4270,2795,0.65457,1,2795,0.65457,.74684,0.65457,1730,2639,3508,2100.0,52.0,0.0080971659919028,96.0,0.0,0.0,0.0,0.0,0,134.0,358.0,,,Y,N,5.0,Grid,Oval,ES&S + RCTab,Link,Y,,NewYorkCity_06272023_DEMCityCouncilD13,,3,1,0,1,0,3,0,0,1,0,3,4,3,1,0,0,0,3,0,0,1,0,3,4,0,0,0,1,0,0,1,0.0,6,0,1,local,no
New York City,NY,2023,6/27/2023,"City council district 48, Republican primary",Inna Vernikov,,2,1,4112,2452,2452,1730,0.70555,1,1730,0.70555,.75816,0.70555,438,450,1859,1651.0,9.0,0.0021887159533074,10.0,0.0,0.0,0.0,0.0,0,310.0,39.0,,,Y,N,5.0,Grid,Oval,ES&S + RCTab,Link,Y,,NewYorkCity_06272023_REPCityCouncilD48,,1,1,0,1,0,0,0,0,2,0,0,2,1,1,0,0,0,0,0,0,2,0,0,2,0,0,0,1,0,0,1,0.0,6,0,1,local,no
New York City,NY,2023,6/27/2023,"City council district 25, Democratic primary",Shekar Krishnan,,3,1,5629,5516,5516,3409,0.61802,1,3409,0.61802,.79025,0.61802,2137,3002,4383,84.0,29.0,0.0051518919879197,47.0,0.0,0.0,0.0,0.0,0,178.0,223.0,,,Y,N,5.0,Grid,Oval,ES&S + RCTab,Link,Y,,NewYorkCity_06272023_DEMCityCouncilD25,,1,2,0,1,0,1,1,1,0,0,3,3,1,2,0,0,0,1,1,1,0,0,3,3,0,0,0,1,0,0,1,0.0,6,0,1,local,no
New York City,NY,2023,6/27/2023,"City council district 22, Democratic primary",Tiffany L. Caban,,2,1,6339,6255,6255,5303,0.8478,1,5303,0.8478,.8906500000000001,0.8478,2098,2227,5571,71.0,13.0,0.0020507966556239,15.0,0.0,0.0,0.0,0.0,0,227.0,144.0,,,Y,N,5.0,Grid,Oval,ES&S + RCTab,Link,Y,,NewYorkCity_06272023_DEMCityCouncilD22,,1,1,0,1,0,0,0,0,1,0,0,1,1,1,0,0,0,0,0,0,1,0,0,1,0,0,0,1,0,0,1,0.0,6,0,1,local,no
New York City,NY,2023,6/27/2023,"City council district 19, Democratic primary",Tony Avella,,3,3,6236,6019,5616,2363,0.39259,1,2870,0.51104,.7586000000000001,0.47682,2967,4165,4583,188.0,29.0,0.004650416933932,45.0,3.0,0.0,400.0,0.0,403,162.0,167.0,,,Y,N,5.0,Grid,Oval,ES&S + RCTab,Link,Y,,NewYorkCity_06272023_DEMCityCouncilD19,,0,3,0,1,0,0,0,1,2,0,1,3,0,3,0,0,0,0,0,1,2,0,1,3,0,1,0,0,1,0,0,0.0,6,0,1,local,no
New York City,NY,2023,6/27/2023,"City council district 1, Democratic primary",Christopher Marte,,4,1,8809,8761,8761,5485,0.62607,1,5485,0.62607,.76818,0.62607,2484,4994,7072,18.0,30.0,0.0034056079010103,52.0,0.0,0.0,0.0,0.0,0,177.0,281.0,,,Y,N,5.0,Grid,Oval,ES&S + RCTab,Link,Y,,NewYorkCity_06272023_DEMCityCouncilD1,,3,1,0,1,0,1,0,3,0,0,4,4,2,1,0,0,0,1,0,2,0,0,3,3,0,0,0,1,0,0,1,0.0,6,0,1,local,no
New York City,NY,2023,6/27/2023,"City council district 43, Republican primary",Ying Tan,,2,1,4490,838,838,425,0.50716,1,425,0.50716,.69451,0.50716,295,300,582,3647.0,5.0,0.0011135857461024,5.0,0.0,0.0,0.0,0.0,0,54.0,16.0,,,Y,N,5.0,Grid,Oval,ES&S + RCTab,Link,Y,,NewYorkCity_06272023_REPCityCouncilD43,,1,1,0,1,0,0,0,1,1,0,1,2,1,1,0,0,0,0,0,1,1,0,1,2,0,0,0,1,0,0,1,0.0,6,0,1,local,no
New York City,NY,2023,6/27/2023,"City council district 42, Democratic primary",Chris Banks,,3,1,6281,6177,6177,3134,0.50737,1,3134,0.50737,.82305,0.50737,2877,3874,5089,19.0,85.0,0.0135328769304251,118.0,0.0,0.0,0.0,0.0,0,501.0,377.0,,,Y,N,5.0,Grid,Oval,ES&S + RCTab,Link,Y,,NewYorkCity_06272023_DEMCityCouncilD42,,1,2,0,1,3,0,0,0,0,0,3,3,1,2,0,0,3,0,0,0,0,0,3,3,0,0,0,1,0,0,1,0.0,6,0,1,local,no
New York City,NY,2023,6/27/2023,"City council district 10, Democratic primary",Carmen N. De La Rosa,,2,1,6677,6086,6086,5143,0.84505,1,5143,0.84505,.91111,0.84505,2213,2291,5545,541.0,50.0,0.0074883929908642,54.0,0.0,0.0,0.0,0.0,0,419.0,232.0,,,Y,N,5.0,Grid,Oval,ES&S + RCTab,Link,Y,,NewYorkCity_06272023_DEMCityCouncilD10,,1,1,0,1,0,2,0,0,0,0,2,2,1,1,0,0,0,2,0,0,0,0,2,2,0,0,0,1,0,0,1,0.0,6,0,1,local,no
New York City,NY,2023,6/27/2023,"City council district 43, Democratic primary",Susan Zhuang,,3,1,4522,3632,3632,2126,0.58535,1,2126,0.58535,.82819,0.58535,1625,2034,3012,872.0,18.0,0.0039805395842548,26.0,0.0,0.0,0.0,0.0,0,100.0,93.0,,,Y,N,5.0,Grid,Oval,ES&S + RCTab,Link,Y,,NewYorkCity_06272023_DEMCityCouncilD43,,2,1,0,1,0,0,0,3,0,0,3,3,2,1,0,0,0,0,0,3,0,0,3,3,0,0,0,1,0,0,1,0.0,6,0,1,local,no
New York City,NY,2023,6/27/2023,"City council district 9, Democratic primary",Yusef Salaam,,4,4,11752,11544,11054,5761,0.49905,1,7058,0.6385,.79409,0.6114,4796,9250,9865,103.0,105.0,0.0089346494213751,166.0,18.0,0.0,472.0,0.0,490,459.0,727.0,,,Y,N,5.0,Grid,Oval,ES&S + RCTab,Link,Y,,NewYorkCity_06272023_DEMCityCouncilD9,,2,2,0,1,4,0,0,0,0,0,4,4,2,2,0,0,4,0,0,0,0,0,4,4,0,0,0,1,0,0,1,0.0,6,0,1,local,no
New York City,NY,2023,6/27/2023,"City council district 26, Democratic primary",Julie Won,,2,1,6173,6075,6075,3701,0.60922,1,3701,0.60922,.8423000000000001,0.60922,3426,3503,5117,78.0,20.0,0.0032399157621902,26.0,0.0,0.0,0.0,0.0,0,230.0,160.0,,,Y,N,5.0,Grid,Oval,ES&S + RCTab,Link,Y,,NewYorkCity_06272023_DEMCityCouncilD26,,2,0,0,1,0,0,0,2,0,0,2,2,2,0,0,0,0,0,0,2,0,0,2,2,0,0,1,0,0,1,0,0.0,6,0,1,local,no
New York City,NY,2023,6/27/2023,"City council district 34, Democratic primary",Jennifer Gutierrez,,2,1,3738,3698,3698,3002,0.81179,1,3002,0.81179,.94943,0.81179,1789,1824,3511,27.0,13.0,0.0034777956126271,17.0,0.0,0.0,0.0,0.0,0,142.0,100.0,,,Y,N,5.0,Grid,Oval,ES&S + RCTab,Link,Y,,NewYorkCity_06272023_DEMCityCouncilD34,,1,1,0,1,1,1,0,0,0,0,2,2,1,1,0,0,1,1,0,0,0,0,2,2,0,0,0,1,0,0,1,0.0,6,0,1,local,no
New York City,NY,2023,6/27/2023,"City council district 14, Democratic primary",Pierina A. Sanchez,,2,1,3300,3217,3217,2452,0.7622,1,2452,0.7622,.86416,0.7622,980,997,2780,43.0,40.0,0.0121212121212121,43.0,0.0,0.0,0.0,0.0,0,320.0,181.0,,,Y,N,5.0,Grid,Oval,ES&S + RCTab,Link,Y,,NewYorkCity_06272023_DEMCityCouncilD14,,2,0,0,1,0,1,0,0,0,0,1,1,2,0,0,0,0,1,0,0,0,0,1,1,0,0,1,0,0,1,0,0.0,6,0,1,local,no
New York City,NY,2023,6/27/2023,"City council district 20, Republican primary",Yu-Ching James Pai,,2,1,4113,1463,1463,819,0.55981,1,819,0.55981,.6582400000000001,0.55981,238,241,963,2648.0,2.0,0.00048626306832,3.0,0.0,0.0,0.0,0.0,0,28.0,13.0,,,Y,N,5.0,Grid,Oval,ES&S + RCTab,Link,Y,,NewYorkCity_06272023_REPCityCouncilD20,,0,2,0,1,0,0,0,2,0,0,2,2,0,2,0,0,0,0,0,2,0,0,2,2,0,1,0,0,1,0,0,0.0,6,0,1,local,no
Springville,UT,2021,11/2/2021,City Council 1st Seat (2 Year),CHRIS SORENSEN,Incumbent ,3,2,6307,6040,5962,2853,0.4723509933774834,1,3255,0.5459577323045958,.90927,0.5459577323045958,4536,5008,5492,246.0,13.0,0.0020612018392263,34.0,1.0,4.0,73.0,0.0,78,43.0,39.0,,,Y,N,20.0,Grid,Oval,ES&S,Link,Y,Administered by Utah County,Springville_11022021_CityCouncil2yr,,1,2,0,0,0,0,0,0,3,0,0,3,1,2,0,0,0,0,0,0,3,0,0,3,0,0,0,1,0,0,1,0.0,11,1,0,local,yes
Elk Ridge,UT,2021,11/2/2021,Mayor,ROBERT HADDOCK,Incumbent ,3,2,1311,1309,1272,559,0.4270435446906035,1,727,0.5718774548311076,.88999,0.5718774548311076,967,1129,1165,2.0,0.0,0.0,3.0,0.0,5.0,32.0,0.0,37,32.0,4.0,,,Y,N,20.0,Grid,Oval,ES&S,Link,Y,Administered by Utah County,ElkRidge_11022021_Mayor,,0,4,0,0,0,0,0,0,4,0,0,4,0,3,0,0,0,0,0,0,3,0,0,3,0,1,0,0,1,0,0,0.0,11,1,0,local,yes
Vineyard,UT,2021,11/2/2021,Mayor,JULIE FULLMER,Challenger,3,1,1540,1534,1534,1329,0.8663624511082139,1,1329,0.8663624511082139,.9850100000000001,0.8663624511082139,1152,1220,1511,3.0,1.0,0.0006493506493506,4.0,0.0,0.0,0.0,0.0,0,27.0,4.0,,,Y,N,20.0,Grid,Oval,ES&S,Link,Y,Administered by Utah County,Vineyard_11022021_Mayor,,2,1,0,0,0,1,0,0,1,0,1,2,1,1,0,0,0,0,0,0,1,0,0,1,0,0,0,1,0,0,1,0.0,11,1,0,local,yes
Woodland Hills,UT,2021,11/2/2021,Mayor,BRENT WINDER,OpenSeat,3,2,658,655,598,269,0.4106870229007634,1,331,0.5535117056856187,.85038,0.5535117056856187,393,527,557,3.0,0.0,0.0,1.0,1.0,5.0,51.0,0.0,57,8.0,2.0,,,Y,N,20.0,Grid,Oval,ES&S,Link,Y,Administered by Utah County,WoodlandHills_11022021_Mayor,,0,3,0,0,0,0,0,0,1,0,0,1,0,3,0,0,0,0,0,0,1,0,0,1,1,1,0,0,1,0,0,0.0,11,1,0,local,yes
Springville,UT,2021,11/2/2021,Mayor,MATT PACKARD,Incumbent ,3,1,6307,6107,6107,4670,0.7646962502046831,1,4670,0.7646962502046831,.96168,0.7646962502046831,4381,4638,5873,185.0,8.0,0.0012684319010623,29.0,0.0,0.0,0.0,0.0,0,51.0,35.0,,,Y,N,20.0,Grid,Oval,ES&S,Link,Y,Administered by Utah County,Springville_11022021_Mayor,,0,3,0,0,0,0,0,0,3,0,0,3,0,3,0,0,0,0,0,0,3,0,0,3,0,1,0,0,1,0,0,0.0,11,1,0,local,yes
Burlington,VT,2006,3/7/2006,Mayor,Bob Kiss,OpenSeat,5,5,9865,9778,8746,3809,0.389548,1,4761,0.5443631,.7194723000000001,0.4869094,2603,7977,7439,77.0,10.0,0.0010136847440446,32.0,2.0,0.0,1030.0,0.0,1032,0.0,0.0,0.3000030410850592,32883,Y,N,5.0,Grid,Oval,AccuVote OS (we think),,Y,,Burlington_03072006_Mayor_tab1,,1,4,0,1,0,0,0,0,5,0,0,5,1,2,0,0,0,0,0,0,3,0,0,3,1,0,0,1,0,0,1,0.0,3,0,1,local,yes
Burlington,VT,2009,3/3/2009,Mayor,Bob Kiss,Incumbent,5,5,8984,8976,8373,2585,0.2879902,2,4313,0.5151081,.5487968,0.4805036,2853,7498,6183,4.0,4.0,0.0004452359750668,6.0,1.0,0.0,602.0,0.0,603,0.0,108.0,0.2701223728915482,33259,N - IRV winner differed from Condorcet winner,Y,5.0,Grid,Oval,AccuVote OS (we think),,Y,,Burlington_03032009_Mayor_tab1,,0,5,0,1,0,0,0,0,5,0,0,5,0,4,0,0,0,0,0,0,4,0,0,4,0,1,0,0,1,0,0,0.0,3,0,1,local,yes
Burlington,VT,2023,3/7/2023,City Council North District,MARK BARLOW,Incumbent,1,1,3748,3075,3075,2950,0.7870864461045891,1,2950,0.959349593495935,.98114,0.959349593495935,3017,77,3017,671.0,3.0,0.0008004268943436,3.0,0.0,0.0,0.0,0.0,0,107.0,30.0,,,Y,N,5.0,Grid,Oval,Dominion,Link,Y,,Burlington_03072023_CityCouncilNorthDistrict,,0,1,0,1,0,0,0,0,1,0,0,1,0,1,0,0,0,0,0,0,1,0,0,1,0,1,0,0,1,0,0,0.0,3,0,1,local,yes
Burlington,VT,2023,3/7/2023,City Council East District,"TIMOTHY C. DOHERTY,JR",OpenSeat,2,1,1467,1397,1397,747,0.50920245398773,1,747,0.5347172512526843,.84324,0.5347172512526843,737,756,1178,67.0,3.0,0.0020449897750511,3.0,0.0,0.0,0.0,0.0,0,25.0,7.0,,,Y,N,5.0,Grid,Oval,Dominion,Link,Y,,Burlington_03072023_CityCouncilEastDistrict,,0,2,0,1,0,0,0,0,2,0,0,2,0,2,0,0,0,0,0,0,2,0,0,2,1,1,0,0,1,0,0,0.0,3,0,1,local,yes
Burlington,VT,2023,3/7/2023,City Council South District,JOAN SHANNON,Incumbent,3,1,1759,1690,1690,2242,1.274587833996589,1,2242,1.326627218934911,.88817,1.326627218934911,696,940,1512,62.0,10.0,0.0056850483229107,15.0,0.0,0.0,0.0,0.0,0,37.0,16.0,,,Y,N,5.0,Grid,Oval,Dominion,Link,Y,,Burlington_03072023_CityCouncilSouthDistrict,,1,2,0,1,0,0,0,0,2,0,0,2,1,2,0,0,0,0,0,0,2,0,0,2,0,0,0,1,0,0,1,0.0,3,0,1,local,yes
Burlington,VT,2023,3/7/2023,City Council Central District,MELO GRANT,OpenSeat,2,1,2276,2146,2146,1413,0.6208260105448155,1,1413,0.6584342963653308,.80801,0.6584342963653308,1130,1154,1734,117.0,14.0,0.0061511423550088,15.0,0.0,0.0,0.0,0.0,0,55.0,28.0,,,Y,N,5.0,Grid,Oval,Dominion,Link,Y,,Burlington_03072023_CityCouncilCentralDistrict,,1,1,0,1,1,0,0,0,1,0,1,2,1,1,0,0,1,0,0,0,1,0,1,2,1,0,0,1,0,0,1,0.0,3,0,1,local,yes
Burlington,VT,2024,3/5/2024,Mayor,EMMA MULVANEY-STANAK,OpenSeat,4,1,14963,14884,14884,7613,0.5114888470841171,1,7613,0.5114888470841171,.66736,0.0051149,2719,7739,10523,71.0,13.0,0.000868809730669,43.0,0.0,0.0,0.0,0.0,0,258.0,159.0,,,Y,N,5.0,Grid,Oval,Dominion,Link,Y,,Burlington_03052024_Mayor,,2,2,0,1,0,0,0,0,4,0,0,4,2,0,0,0,0,0,0,0,2,0,0,2,1,0,0,1,0,1,0,0.0,3,0,1,local,no
Pierce County,WA,2008,11/4/2008,County Executive Member,Pat McCarthy,OpenSeat,4,4,312771,299132,268638,79235,0.2648831,2,136346,0.5075455,.5819070000000001,0.4558055,153183,207868,174067,13107.0,532.0,0.0017009249578765,1226.0,186.0,0.0,30308.0,0.0,30494,19146.0,548.0,0.7608093348868775,411103,Y,Y,3.0,Columns,Arrow,Optech Insight we think,Link,Y,,PierceCounty_11042008_CountyExecutiveMember_tab1,,1,3,0,1,0,0,0,0,4,0,0,4,1,3,0,0,0,0,0,0,4,0,0,4,1,0,0,1,0,0,1,0.0,11,1,0,local,yes
Pierce County,WA,2008,11/4/2008,County Assessor-Treasurer,Dale Washam,OpenSeat,6,6,312771,262447,189433,65676,0.2502448,1,98366,0.5192654,.427553,0.3748033,150323,179627,112210,49961.0,363.0,0.0011605935332879,825.0,237.0,0.0,47506.0,25271.0,73014,10933.0,724.0,0.7608093348868775,411103,Y,N,3.0,Columns,Arrow,Optech Insight we think,Link,Y,,PierceCounty_11042008_CountyAssessorTreasurer_tab1,,3,3,0,1,0,0,0,0,6,0,0,6,3,3,0,0,0,0,0,0,6,0,0,6,1,0,0,1,0,0,1,0.0,11,1,0,local,yes
Pierce County,WA,2008,11/4/2008,County Council District 2,Joyce McDonald,OpenSeat,3,3,43661,40000,38142,19967,0.499175,1,21078,0.5526192000000001,.756225,0.52695,17110,23931,30249,3630.0,31.0,0.0007100158035776,57.0,2.0,0.0,1856.0,0.0,1858,2227.0,86.0,0.7691399781559384,56766,Y,N,3.0,Columns,Arrow,Optech Insight we think,Link,Y,,PierceCounty_11042008_CountyCouncilDistrict2_tab1,,2,1,0,1,0,0,0,0,3,0,0,3,2,1,0,0,0,0,0,0,3,0,0,3,1,0,0,1,0,0,1,0.0,11,1,0,local,yes
Pierce County,WA,2009,11/3/2009,County Auditor,Julie Anderson,OpenSeat,3,2,159987,153528,153082,76634,0.4991532,1,76699,0.5010321,.8255823,0.4995766,80039,105143,126750,6266.0,193.0,0.0012063480157763,366.0,2.0,0.0,444.0,0.0,446,15635.0,361.0,0.3891652456926853,411103,Y,N,3.0,Columns,Arrow,Optech Insight we think,Link,Y,,PierceCounty_11032009_CountyAuditor_tab1,,2,1,0,1,0,0,0,0,3,0,0,3,2,1,0,0,0,0,0,0,3,0,0,3,1,0,0,1,0,0,1,0.0,11,1,0,local,yes
